snapshot_id,product_id,snapshot_date,starting_inventory,ending_inventory,units_received,units_sold
1,1,2025-01-31,198,197,0,1
2,1,2025-02-28,197,197,0,0
3,1,2025-03-31,197,195,0,2
4,1,2025-04-30,195,307,115,3
5,1,2025-05-31,307,307,0,0
6,1,2025-06-30,307,306,0,1
7,1,2025-07-31,306,306,0,0
8,1,2025-08-31,306,304,0,2
9,1,2025-09-30,304,304,0,0
10,1,2025-10-31,304,304,0,0
11,1,2025-11-30,304,304,0,0
12,1,2025-12-31,304,303,0,1
13,2,2025-01-31,200,197,0,3
14,2,2025-02-28,197,197,0,0
15,2,2025-03-31,197,287,90,0
16,2,2025-04-30,287,287,0,0
17,2,2025-05-31,287,286,0,1
18,2,2025-06-30,286,286,0,0
19,2,2025-07-31,286,284,0,2
20,2,2025-08-31,284,284,0,0
21,2,2025-09-30,284,284,0,0
22,2,2025-10-31,284,283,0,1
23,2,2025-11-30,283,281,0,2
24,2,2025-12-31,281,280,0,1
25,3,2025-01-31,148,148,0,0
26,3,2025-02-28,148,148,0,0
27,3,2025-03-31,148,145,0,3
28,3,2025-04-30,145,144,0,1
29,3,2025-05-31,144,142,0,2
30,3,2025-06-30,142,141,0,1
31,3,2025-07-31,141,141,0,0
32,3,2025-08-31,141,219,78,0
33,3,2025-09-30,219,219,0,0
34,3,2025-10-31,219,219,0,0
35,3,2025-11-30,219,217,0,2
36,3,2025-12-31,217,298,83,2
37,4,2025-01-31,138,138,0,0
38,4,2025-02-28,138,137,0,1
39,4,2025-03-31,137,212,76,1
40,4,2025-04-30,212,209,0,3
41,4,2025-05-31,209,209,0,0
42,4,2025-06-30,209,208,0,1
43,4,2025-07-31,208,207,0,1
44,4,2025-08-31,207,207,0,0
45,4,2025-09-30,207,207,0,0
46,4,2025-10-31,207,207,0,0
47,4,2025-11-30,207,300,93,0
48,4,2025-12-31,300,300,0,0
49,5,2025-01-31,86,86,0,0
50,5,2025-02-28,86,86,0,0
51,5,2025-03-31,86,86,0,0
52,5,2025-04-30,86,85,0,1
53,5,2025-05-31,85,180,99,4
54,5,2025-06-30,180,277,97,0
55,5,2025-07-31,277,277,0,0
56,5,2025-08-31,277,277,0,0
57,5,2025-09-30,277,276,0,1
58,5,2025-10-31,276,276,0,0
59,5,2025-11-30,276,275,0,1
60,5,2025-12-31,275,275,0,0
61,6,2025-01-31,110,110,0,0
62,6,2025-02-28,110,153,44,1
63,6,2025-03-31,153,151,0,2
64,6,2025-04-30,151,149,0,2
65,6,2025-05-31,149,147,0,2
66,6,2025-06-30,147,144,0,3
67,6,2025-07-31,144,236,93,1
68,6,2025-08-31,236,236,0,0
69,6,2025-09-30,236,235,0,1
70,6,2025-10-31,235,309,74,0
71,6,2025-11-30,309,309,0,0
72,6,2025-12-31,309,309,0,0
73,7,2025-01-31,87,82,0,5
74,7,2025-02-28,82,81,0,1
75,7,2025-03-31,81,79,0,2
76,7,2025-04-30,79,79,0,0
77,7,2025-05-31,79,79,0,0
78,7,2025-06-30,79,78,0,1
79,7,2025-07-31,78,76,0,2
80,7,2025-08-31,76,76,0,0
81,7,2025-09-30,76,75,0,1
82,7,2025-10-31,75,73,0,2
83,7,2025-11-30,73,214,143,2
84,7,2025-12-31,214,214,0,0
85,8,2025-01-31,152,152,0,0
86,8,2025-02-28,152,152,0,0
87,8,2025-03-31,152,232,80,0
88,8,2025-04-30,232,230,0,2
89,8,2025-05-31,230,230,0,0
90,8,2025-06-30,230,229,0,1
91,8,2025-07-31,229,289,60,0
92,8,2025-08-31,289,288,0,1
93,8,2025-09-30,288,425,137,0
94,8,2025-10-31,425,423,0,2
95,8,2025-11-30,423,421,0,2
96,8,2025-12-31,421,495,75,1
97,9,2025-01-31,219,348,129,0
98,9,2025-02-28,348,348,0,0
99,9,2025-03-31,348,347,0,1
100,9,2025-04-30,347,347,0,0
101,9,2025-05-31,347,347,0,0
102,9,2025-06-30,347,345,0,2
103,9,2025-07-31,345,343,0,2
104,9,2025-08-31,343,343,0,0
105,9,2025-09-30,343,343,0,0
106,9,2025-10-31,343,343,0,0
107,9,2025-11-30,343,484,141,0
108,9,2025-12-31,484,610,127,1
109,10,2025-01-31,89,237,150,2
110,10,2025-02-28,237,237,0,0
111,10,2025-03-31,237,237,0,0
112,10,2025-04-30,237,378,141,0
113,10,2025-05-31,378,378,0,0
114,10,2025-06-30,378,505,128,1
115,10,2025-07-31,505,505,0,0
116,10,2025-08-31,505,553,49,1
117,10,2025-09-30,553,553,0,0
118,10,2025-10-31,553,552,0,1
119,10,2025-11-30,552,552,0,0
120,10,2025-12-31,552,604,52,0
121,11,2025-01-31,114,113,0,1
122,11,2025-02-28,113,113,0,0
123,11,2025-03-31,113,111,0,2
124,11,2025-04-30,111,111,0,0
125,11,2025-05-31,111,111,0,0
126,11,2025-06-30,111,156,45,0
127,11,2025-07-31,156,156,0,0
128,11,2025-08-31,156,291,135,0
129,11,2025-09-30,291,348,57,0
130,11,2025-10-31,348,342,0,6
131,11,2025-11-30,342,342,0,0
132,11,2025-12-31,342,339,0,3
133,12,2025-01-31,186,186,0,0
134,12,2025-02-28,186,186,0,0
135,12,2025-03-31,186,186,0,0
136,12,2025-04-30,186,182,0,4
137,12,2025-05-31,182,182,0,0
138,12,2025-06-30,182,182,0,0
139,12,2025-07-31,182,178,0,4
140,12,2025-08-31,178,319,141,0
141,12,2025-09-30,319,319,0,0
142,12,2025-10-31,319,319,0,0
143,12,2025-11-30,319,319,0,0
144,12,2025-12-31,319,319,0,0
145,13,2025-01-31,205,201,0,4
146,13,2025-02-28,201,200,0,1
147,13,2025-03-31,200,268,69,1
148,13,2025-04-30,268,268,0,0
149,13,2025-05-31,268,267,0,1
150,13,2025-06-30,267,267,0,0
151,13,2025-07-31,267,266,0,1
152,13,2025-08-31,266,266,0,0
153,13,2025-09-30,266,260,0,6
154,13,2025-10-31,260,258,0,2
155,13,2025-11-30,258,255,0,3
156,13,2025-12-31,255,255,0,0
157,14,2025-01-31,117,236,119,0
158,14,2025-02-28,236,381,147,2
159,14,2025-03-31,381,381,0,0
160,14,2025-04-30,381,452,71,0
161,14,2025-05-31,452,449,0,3
162,14,2025-06-30,449,449,0,0
163,14,2025-07-31,449,449,0,0
164,14,2025-08-31,449,576,127,0
165,14,2025-09-30,576,684,108,0
166,14,2025-10-31,684,796,112,0
167,14,2025-11-30,796,868,73,1
168,14,2025-12-31,868,868,0,0
169,15,2025-01-31,214,332,118,0
170,15,2025-02-28,332,430,98,0
171,15,2025-03-31,430,430,0,0
172,15,2025-04-30,430,525,95,0
173,15,2025-05-31,525,523,0,2
174,15,2025-06-30,523,523,0,0
175,15,2025-07-31,523,606,84,1
176,15,2025-08-31,606,606,0,0
177,15,2025-09-30,606,606,0,0
178,15,2025-10-31,606,606,0,0
179,15,2025-11-30,606,606,0,0
180,15,2025-12-31,606,600,0,6
181,16,2025-01-31,190,190,0,0
182,16,2025-02-28,190,190,0,0
183,16,2025-03-31,190,190,0,0
184,16,2025-04-30,190,190,0,0
185,16,2025-05-31,190,190,0,0
186,16,2025-06-30,190,190,0,0
187,16,2025-07-31,190,190,0,0
188,16,2025-08-31,190,341,154,3
189,16,2025-09-30,341,337,0,4
190,16,2025-10-31,337,337,0,0
191,16,2025-11-30,337,337,0,0
192,16,2025-12-31,337,337,0,0
193,17,2025-01-31,180,180,0,0
194,17,2025-02-28,180,282,105,3
195,17,2025-03-31,282,278,0,4
196,17,2025-04-30,278,333,55,0
197,17,2025-05-31,333,332,0,1
198,17,2025-06-30,332,331,0,1
199,17,2025-07-31,331,330,0,1
200,17,2025-08-31,330,329,0,1
201,17,2025-09-30,329,329,0,0
202,17,2025-10-31,329,329,0,0
203,17,2025-11-30,329,329,0,0
204,17,2025-12-31,329,329,0,0
205,18,2025-01-31,79,76,0,3
206,18,2025-02-28,76,74,0,2
207,18,2025-03-31,74,74,0,0
208,18,2025-04-30,74,222,150,2
209,18,2025-05-31,222,222,0,0
210,18,2025-06-30,222,221,0,1
211,18,2025-07-31,221,221,0,0
212,18,2025-08-31,221,219,0,2
213,18,2025-09-30,219,219,0,0
214,18,2025-10-31,219,219,0,0
215,18,2025-11-30,219,219,0,0
216,18,2025-12-31,219,218,0,1
217,19,2025-01-31,162,162,0,0
218,19,2025-02-28,162,161,0,1
219,19,2025-03-31,161,158,0,3
220,19,2025-04-30,158,155,0,3
221,19,2025-05-31,155,267,114,2
222,19,2025-06-30,267,378,111,0
223,19,2025-07-31,378,378,0,0
224,19,2025-08-31,378,530,152,0
225,19,2025-09-30,530,530,0,0
226,19,2025-10-31,530,530,0,0
227,19,2025-11-30,530,530,0,0
228,19,2025-12-31,530,530,0,0
229,20,2025-01-31,160,157,0,3
230,20,2025-02-28,157,157,0,0
231,20,2025-03-31,157,157,0,0
232,20,2025-04-30,157,152,0,5
233,20,2025-05-31,152,152,0,0
234,20,2025-06-30,152,151,0,1
235,20,2025-07-31,151,151,0,0
236,20,2025-08-31,151,151,0,0
237,20,2025-09-30,151,150,0,1
238,20,2025-10-31,150,149,0,1
239,20,2025-11-30,149,149,0,0
240,20,2025-12-31,149,149,0,0
241,21,2025-01-31,153,153,0,0
242,21,2025-02-28,153,153,0,0
243,21,2025-03-31,153,151,0,2
244,21,2025-04-30,151,151,0,0
245,21,2025-05-31,151,148,0,3
246,21,2025-06-30,148,147,0,1
247,21,2025-07-31,147,147,0,0
248,21,2025-08-31,147,143,0,4
249,21,2025-09-30,143,142,0,1
250,21,2025-10-31,142,142,0,0
251,21,2025-11-30,142,135,0,7
252,21,2025-12-31,135,131,0,4
253,22,2025-01-31,100,180,84,4
254,22,2025-02-28,180,179,0,1
255,22,2025-03-31,179,179,0,0
256,22,2025-04-30,179,179,0,0
257,22,2025-05-31,179,178,0,1
258,22,2025-06-30,178,171,0,7
259,22,2025-07-31,171,170,0,1
260,22,2025-08-31,170,170,0,0
261,22,2025-09-30,170,169,0,1
262,22,2025-10-31,169,211,45,3
263,22,2025-11-30,211,211,0,0
264,22,2025-12-31,211,211,0,0
265,23,2025-01-31,70,70,0,0
266,23,2025-02-28,70,68,0,2
267,23,2025-03-31,68,68,0,0
268,23,2025-04-30,68,67,0,1
269,23,2025-05-31,67,67,0,0
270,23,2025-06-30,67,65,0,2
271,23,2025-07-31,65,63,0,2
272,23,2025-08-31,63,63,0,0
273,23,2025-09-30,63,61,0,2
274,23,2025-10-31,61,61,0,0
275,23,2025-11-30,61,61,0,0
276,23,2025-12-31,61,121,60,0
277,24,2025-01-31,196,196,0,0
278,24,2025-02-28,196,196,0,0
279,24,2025-03-31,196,196,0,0
280,24,2025-04-30,196,321,128,3
281,24,2025-05-31,321,321,0,0
282,24,2025-06-30,321,321,0,0
283,24,2025-07-31,321,316,0,5
284,24,2025-08-31,316,316,0,0
285,24,2025-09-30,316,315,0,1
286,24,2025-10-31,315,315,0,0
287,24,2025-11-30,315,314,0,1
288,24,2025-12-31,314,313,0,1
289,25,2025-01-31,126,123,0,3
290,25,2025-02-28,123,123,0,0
291,25,2025-03-31,123,123,0,0
292,25,2025-04-30,123,207,84,0
293,25,2025-05-31,207,352,149,4
294,25,2025-06-30,352,352,0,0
295,25,2025-07-31,352,352,0,0
296,25,2025-08-31,352,350,0,2
297,25,2025-09-30,350,344,0,6
298,25,2025-10-31,344,343,0,1
299,25,2025-11-30,343,343,0,0
300,25,2025-12-31,343,339,0,4
301,26,2025-01-31,101,230,129,0
302,26,2025-02-28,230,230,0,0
303,26,2025-03-31,230,230,0,0
304,26,2025-04-30,230,229,0,1
305,26,2025-05-31,229,227,0,2
306,26,2025-06-30,227,319,93,1
307,26,2025-07-31,319,319,0,0
308,26,2025-08-31,319,318,0,1
309,26,2025-09-30,318,318,0,0
310,26,2025-10-31,318,413,101,6
311,26,2025-11-30,413,411,0,2
312,26,2025-12-31,411,411,0,0
313,27,2025-01-31,148,148,0,0
314,27,2025-02-28,148,148,0,0
315,27,2025-03-31,148,146,0,2
316,27,2025-04-30,146,146,0,0
317,27,2025-05-31,146,141,0,5
318,27,2025-06-30,141,281,140,0
319,27,2025-07-31,281,281,0,0
320,27,2025-08-31,281,281,0,0
321,27,2025-09-30,281,277,0,4
322,27,2025-10-31,277,416,139,0
323,27,2025-11-30,416,416,0,0
324,27,2025-12-31,416,414,0,2
325,28,2025-01-31,156,152,0,4
326,28,2025-02-28,152,151,0,1
327,28,2025-03-31,151,151,0,0
328,28,2025-04-30,151,150,0,1
329,28,2025-05-31,150,149,0,1
330,28,2025-06-30,149,149,0,0
331,28,2025-07-31,149,148,0,1
332,28,2025-08-31,148,148,0,0
333,28,2025-09-30,148,214,66,0
334,28,2025-10-31,214,214,0,0
335,28,2025-11-30,214,303,90,1
336,28,2025-12-31,303,303,0,0
337,29,2025-01-31,164,161,0,3
338,29,2025-02-28,161,161,0,0
339,29,2025-03-31,161,213,54,2
340,29,2025-04-30,213,294,82,1
341,29,2025-05-31,294,291,0,3
342,29,2025-06-30,291,289,0,2
343,29,2025-07-31,289,289,0,0
344,29,2025-08-31,289,289,0,0
345,29,2025-09-30,289,289,0,0
346,29,2025-10-31,289,344,55,0
347,29,2025-11-30,344,342,0,2
348,29,2025-12-31,342,342,0,0
349,30,2025-01-31,162,160,0,2
350,30,2025-02-28,160,160,0,0
351,30,2025-03-31,160,296,137,1
352,30,2025-04-30,296,293,0,3
353,30,2025-05-31,293,293,0,0
354,30,2025-06-30,293,391,98,0
355,30,2025-07-31,391,390,0,1
356,30,2025-08-31,390,390,0,0
357,30,2025-09-30,390,499,111,2
358,30,2025-10-31,499,499,0,0
359,30,2025-11-30,499,499,0,0
360,30,2025-12-31,499,499,0,0
361,31,2025-01-31,81,81,0,0
362,31,2025-02-28,81,81,0,0
363,31,2025-03-31,81,80,0,1
364,31,2025-04-30,80,80,0,0
365,31,2025-05-31,80,78,0,2
366,31,2025-06-30,78,75,0,3
367,31,2025-07-31,75,74,0,1
368,31,2025-08-31,74,72,0,2
369,31,2025-09-30,72,70,0,2
370,31,2025-10-31,70,180,112,2
371,31,2025-11-30,180,273,95,2
372,31,2025-12-31,273,268,0,5
373,32,2025-01-31,155,155,0,0
374,32,2025-02-28,155,223,68,0
375,32,2025-03-31,223,222,0,1
376,32,2025-04-30,222,221,0,1
377,32,2025-05-31,221,221,0,0
378,32,2025-06-30,221,216,0,5
379,32,2025-07-31,216,216,0,0
380,32,2025-08-31,216,216,0,0
381,32,2025-09-30,216,216,0,0
382,32,2025-10-31,216,216,0,0
383,32,2025-11-30,216,216,0,0
384,32,2025-12-31,216,213,0,3
385,33,2025-01-31,151,151,0,0
386,33,2025-02-28,151,147,0,4
387,33,2025-03-31,147,200,53,0
388,33,2025-04-30,200,292,92,0
389,33,2025-05-31,292,290,0,2
390,33,2025-06-30,290,290,0,0
391,33,2025-07-31,290,289,0,1
392,33,2025-08-31,289,289,0,0
393,33,2025-09-30,289,285,0,4
394,33,2025-10-31,285,284,0,1
395,33,2025-11-30,284,282,0,2
396,33,2025-12-31,282,282,0,0
397,34,2025-01-31,156,156,0,0
398,34,2025-02-28,156,156,0,0
399,34,2025-03-31,156,211,55,0
400,34,2025-04-30,211,211,0,0
401,34,2025-05-31,211,211,0,0
402,34,2025-06-30,211,211,0,0
403,34,2025-07-31,211,211,0,0
404,34,2025-08-31,211,211,0,0
405,34,2025-09-30,211,211,0,0
406,34,2025-10-31,211,363,154,2
407,34,2025-11-30,363,363,0,0
408,34,2025-12-31,363,362,0,1
409,35,2025-01-31,195,194,0,1
410,35,2025-02-28,194,194,0,0
411,35,2025-03-31,194,352,158,0
412,35,2025-04-30,352,352,0,0
413,35,2025-05-31,352,350,0,2
414,35,2025-06-30,350,349,0,1
415,35,2025-07-31,349,348,0,1
416,35,2025-08-31,348,348,0,0
417,35,2025-09-30,348,345,0,3
418,35,2025-10-31,345,344,0,1
419,35,2025-11-30,344,342,0,2
420,35,2025-12-31,342,340,0,2
421,36,2025-01-31,207,205,0,2
422,36,2025-02-28,205,205,0,0
423,36,2025-03-31,205,205,0,0
424,36,2025-04-30,205,204,0,1
425,36,2025-05-31,204,203,0,1
426,36,2025-06-30,203,203,0,0
427,36,2025-07-31,203,203,0,0
428,36,2025-08-31,203,201,0,2
429,36,2025-09-30,201,201,0,0
430,36,2025-10-31,201,307,106,0
431,36,2025-11-30,307,307,0,0
432,36,2025-12-31,307,306,0,1
433,37,2025-01-31,86,159,74,1
434,37,2025-02-28,159,159,0,0
435,37,2025-03-31,159,159,0,0
436,37,2025-04-30,159,159,0,0
437,37,2025-05-31,159,158,0,1
438,37,2025-06-30,158,211,53,0
439,37,2025-07-31,211,343,132,0
440,37,2025-08-31,343,343,0,0
441,37,2025-09-30,343,340,0,3
442,37,2025-10-31,340,340,0,0
443,37,2025-11-30,340,338,0,2
444,37,2025-12-31,338,338,0,0
445,38,2025-01-31,218,335,118,1
446,38,2025-02-28,335,335,0,0
447,38,2025-03-31,335,333,0,2
448,38,2025-04-30,333,333,0,0
449,38,2025-05-31,333,332,0,1
450,38,2025-06-30,332,482,150,0
451,38,2025-07-31,482,482,0,0
452,38,2025-08-31,482,482,0,0
453,38,2025-09-30,482,614,132,0
454,38,2025-10-31,614,614,0,0
455,38,2025-11-30,614,702,90,2
456,38,2025-12-31,702,698,0,4
457,39,2025-01-31,133,131,0,2
458,39,2025-02-28,131,130,0,1
459,39,2025-03-31,130,130,0,0
460,39,2025-04-30,130,130,0,0
461,39,2025-05-31,130,128,0,2
462,39,2025-06-30,128,128,0,0
463,39,2025-07-31,128,128,0,0
464,39,2025-08-31,128,124,0,4
465,39,2025-09-30,124,123,0,1
466,39,2025-10-31,123,120,0,3
467,39,2025-11-30,120,119,0,1
468,39,2025-12-31,119,119,0,0
469,40,2025-01-31,100,100,0,0
470,40,2025-02-28,100,99,0,1
471,40,2025-03-31,99,98,0,1
472,40,2025-04-30,98,96,0,2
473,40,2025-05-31,96,96,0,0
474,40,2025-06-30,96,180,85,1
475,40,2025-07-31,180,180,0,0
476,40,2025-08-31,180,180,0,0
477,40,2025-09-30,180,180,0,0
478,40,2025-10-31,180,180,0,0
479,40,2025-11-30,180,179,0,1
480,40,2025-12-31,179,179,0,0
481,41,2025-01-31,66,66,0,0
482,41,2025-02-28,66,65,0,1
483,41,2025-03-31,65,64,0,1
484,41,2025-04-30,64,63,0,1
485,41,2025-05-31,63,183,120,0
486,41,2025-06-30,183,182,0,1
487,41,2025-07-31,182,231,50,1
488,41,2025-08-31,231,226,0,5
489,41,2025-09-30,226,225,0,1
490,41,2025-10-31,225,224,0,1
491,41,2025-11-30,224,224,0,0
492,41,2025-12-31,224,224,0,0
493,42,2025-01-31,100,99,0,1
494,42,2025-02-28,99,99,0,0
495,42,2025-03-31,99,99,0,0
496,42,2025-04-30,99,99,0,0
497,42,2025-05-31,99,99,0,0
498,42,2025-06-30,99,99,0,0
499,42,2025-07-31,99,99,0,0
500,42,2025-08-31,99,99,0,0
501,42,2025-09-30,99,97,0,2
502,42,2025-10-31,97,97,0,0
503,42,2025-11-30,97,95,0,2
504,42,2025-12-31,95,93,0,2
505,43,2025-01-31,179,176,0,3
506,43,2025-02-28,176,176,0,0
507,43,2025-03-31,176,173,0,3
508,43,2025-04-30,173,242,69,0
509,43,2025-05-31,242,351,109,0
510,43,2025-06-30,351,350,0,1
511,43,2025-07-31,350,350,0,0
512,43,2025-08-31,350,491,141,0
513,43,2025-09-30,491,491,0,0
514,43,2025-10-31,491,546,55,0
515,43,2025-11-30,546,586,40,0
516,43,2025-12-31,586,585,0,1
517,44,2025-01-31,115,113,0,2
518,44,2025-02-28,113,111,0,2
519,44,2025-03-31,111,111,0,0
520,44,2025-04-30,111,111,0,0
521,44,2025-05-31,111,109,0,2
522,44,2025-06-30,109,107,0,2
523,44,2025-07-31,107,106,0,1
524,44,2025-08-31,106,106,0,0
525,44,2025-09-30,106,106,0,0
526,44,2025-10-31,106,106,0,0
527,44,2025-11-30,106,106,0,0
528,44,2025-12-31,106,105,0,1
529,45,2025-01-31,74,71,0,3
530,45,2025-02-28,71,70,0,1
531,45,2025-03-31,70,68,0,2
532,45,2025-04-30,68,68,0,0
533,45,2025-05-31,68,66,0,2
534,45,2025-06-30,66,63,0,3
535,45,2025-07-31,63,63,0,0
536,45,2025-08-31,63,122,61,2
537,45,2025-09-30,122,122,0,0
538,45,2025-10-31,122,122,0,0
539,45,2025-11-30,122,122,0,0
540,45,2025-12-31,122,120,0,2
541,46,2025-01-31,125,262,137,0
542,46,2025-02-28,262,262,0,0
543,46,2025-03-31,262,259,0,3
544,46,2025-04-30,259,355,96,0
545,46,2025-05-31,355,354,0,1
546,46,2025-06-30,354,352,0,2
547,46,2025-07-31,352,350,0,2
548,46,2025-08-31,350,350,0,0
549,46,2025-09-30,350,348,0,2
550,46,2025-10-31,348,348,0,0
551,46,2025-11-30,348,348,0,0
552,46,2025-12-31,348,416,69,1
553,47,2025-01-31,103,102,0,1
554,47,2025-02-28,102,215,113,0
555,47,2025-03-31,215,214,0,1
556,47,2025-04-30,214,214,0,0
557,47,2025-05-31,214,214,0,0
558,47,2025-06-30,214,214,0,0
559,47,2025-07-31,214,212,0,2
560,47,2025-08-31,212,212,0,0
561,47,2025-09-30,212,212,0,0
562,47,2025-10-31,212,209,0,3
563,47,2025-11-30,209,296,87,0
564,47,2025-12-31,296,292,0,4
565,48,2025-01-31,149,148,0,1
566,48,2025-02-28,148,301,153,0
567,48,2025-03-31,301,301,0,0
568,48,2025-04-30,301,297,0,4
569,48,2025-05-31,297,297,0,0
570,48,2025-06-30,297,297,0,0
571,48,2025-07-31,297,297,0,0
572,48,2025-08-31,297,441,144,0
573,48,2025-09-30,441,441,0,0
574,48,2025-10-31,441,583,142,0
575,48,2025-11-30,583,660,78,1
576,48,2025-12-31,660,767,110,3
577,49,2025-01-31,163,163,0,0
578,49,2025-02-28,163,163,0,0
579,49,2025-03-31,163,162,0,1
580,49,2025-04-30,162,275,115,2
581,49,2025-05-31,275,272,0,3
582,49,2025-06-30,272,271,0,1
583,49,2025-07-31,271,339,68,0
584,49,2025-08-31,339,339,0,0
585,49,2025-09-30,339,339,0,0
586,49,2025-10-31,339,338,0,1
587,49,2025-11-30,338,338,0,0
588,49,2025-12-31,338,336,0,2
589,50,2025-01-31,105,105,0,0
590,50,2025-02-28,105,256,152,1
591,50,2025-03-31,256,256,0,0
592,50,2025-04-30,256,256,0,0
593,50,2025-05-31,256,378,125,3
594,50,2025-06-30,378,378,0,0
595,50,2025-07-31,378,376,0,2
596,50,2025-08-31,376,373,0,3
597,50,2025-09-30,373,370,0,3
598,50,2025-10-31,370,370,0,0
599,50,2025-11-30,370,370,0,0
600,50,2025-12-31,370,370,0,0
601,51,2025-01-31,125,121,0,4
602,51,2025-02-28,121,121,0,0
603,51,2025-03-31,121,121,0,0
604,51,2025-04-30,121,121,0,0
605,51,2025-05-31,121,121,0,0
606,51,2025-06-30,121,118,0,3
607,51,2025-07-31,118,114,0,4
608,51,2025-08-31,114,114,0,0
609,51,2025-09-30,114,114,0,0
610,51,2025-10-31,114,114,0,0
611,51,2025-11-30,114,114,0,0
612,51,2025-12-31,114,114,0,0
613,52,2025-01-31,98,94,0,4
614,52,2025-02-28,94,94,0,0
615,52,2025-03-31,94,94,0,0
616,52,2025-04-30,94,92,0,2
617,52,2025-05-31,92,91,0,1
618,52,2025-06-30,91,91,0,0
619,52,2025-07-31,91,88,0,3
620,52,2025-08-31,88,87,0,1
621,52,2025-09-30,87,87,0,0
622,52,2025-10-31,87,87,0,0
623,52,2025-11-30,87,241,154,0
624,52,2025-12-31,241,241,0,0
625,53,2025-01-31,192,191,0,1
626,53,2025-02-28,191,190,0,1
627,53,2025-03-31,190,190,0,0
628,53,2025-04-30,190,343,156,3
629,53,2025-05-31,343,342,0,1
630,53,2025-06-30,342,342,0,0
631,53,2025-07-31,342,342,0,0
632,53,2025-08-31,342,432,90,0
633,53,2025-09-30,432,430,0,2
634,53,2025-10-31,430,428,0,2
635,53,2025-11-30,428,427,0,1
636,53,2025-12-31,427,423,0,4
637,54,2025-01-31,190,190,0,0
638,54,2025-02-28,190,190,0,0
639,54,2025-03-31,190,190,0,0
640,54,2025-04-30,190,190,0,0
641,54,2025-05-31,190,189,0,1
642,54,2025-06-30,189,189,0,0
643,54,2025-07-31,189,186,0,3
644,54,2025-08-31,186,186,0,0
645,54,2025-09-30,186,229,47,4
646,54,2025-10-31,229,274,50,5
647,54,2025-11-30,274,274,0,0
648,54,2025-12-31,274,274,0,0
649,55,2025-01-31,161,160,0,1
650,55,2025-02-28,160,160,0,0
651,55,2025-03-31,160,158,0,2
652,55,2025-04-30,158,158,0,0
653,55,2025-05-31,158,302,144,0
654,55,2025-06-30,302,371,70,1
655,55,2025-07-31,371,369,0,2
656,55,2025-08-31,369,367,0,2
657,55,2025-09-30,367,367,0,0
658,55,2025-10-31,367,367,0,0
659,55,2025-11-30,367,367,0,0
660,55,2025-12-31,367,366,0,1
661,56,2025-01-31,92,92,0,0
662,56,2025-02-28,92,92,0,0
663,56,2025-03-31,92,187,95,0
664,56,2025-04-30,187,187,0,0
665,56,2025-05-31,187,185,0,2
666,56,2025-06-30,185,185,0,0
667,56,2025-07-31,185,185,0,0
668,56,2025-08-31,185,184,0,1
669,56,2025-09-30,184,184,0,0
670,56,2025-10-31,184,281,97,0
671,56,2025-11-30,281,280,0,1
672,56,2025-12-31,280,280,0,0
673,57,2025-01-31,200,200,0,0
674,57,2025-02-28,200,200,0,0
675,57,2025-03-31,200,189,0,11
676,57,2025-04-30,189,189,0,0
677,57,2025-05-31,189,189,0,0
678,57,2025-06-30,189,189,0,0
679,57,2025-07-31,189,187,0,2
680,57,2025-08-31,187,184,0,3
681,57,2025-09-30,184,278,94,0
682,57,2025-10-31,278,396,119,1
683,57,2025-11-30,396,396,0,0
684,57,2025-12-31,396,512,116,0
685,58,2025-01-31,114,114,0,0
686,58,2025-02-28,114,163,50,1
687,58,2025-03-31,163,162,0,1
688,58,2025-04-30,162,162,0,0
689,58,2025-05-31,162,160,0,2
690,58,2025-06-30,160,158,0,2
691,58,2025-07-31,158,158,0,0
692,58,2025-08-31,158,157,0,1
693,58,2025-09-30,157,157,0,0
694,58,2025-10-31,157,156,0,1
695,58,2025-11-30,156,156,0,0
696,58,2025-12-31,156,156,0,0
697,59,2025-01-31,117,114,0,3
698,59,2025-02-28,114,113,0,1
699,59,2025-03-31,113,111,0,2
700,59,2025-04-30,111,109,0,2
701,59,2025-05-31,109,204,97,2
702,59,2025-06-30,204,202,0,2
703,59,2025-07-31,202,280,78,0
704,59,2025-08-31,280,280,0,0
705,59,2025-09-30,280,280,0,0
706,59,2025-10-31,280,420,141,1
707,59,2025-11-30,420,420,0,0
708,59,2025-12-31,420,420,0,0
709,60,2025-01-31,166,166,0,0
710,60,2025-02-28,166,227,61,0
711,60,2025-03-31,227,227,0,0
712,60,2025-04-30,227,227,0,0
713,60,2025-05-31,227,226,0,1
714,60,2025-06-30,226,225,0,1
715,60,2025-07-31,225,225,0,0
716,60,2025-08-31,225,352,128,1
717,60,2025-09-30,352,352,0,0
718,60,2025-10-31,352,351,0,1
719,60,2025-11-30,351,351,0,0
720,60,2025-12-31,351,348,0,3
721,61,2025-01-31,177,285,108,0
722,61,2025-02-28,285,282,0,3
723,61,2025-03-31,282,282,0,0
724,61,2025-04-30,282,282,0,0
725,61,2025-05-31,282,279,0,3
726,61,2025-06-30,279,353,77,3
727,61,2025-07-31,353,353,0,0
728,61,2025-08-31,353,490,137,0
729,61,2025-09-30,490,488,0,2
730,61,2025-10-31,488,486,0,2
731,61,2025-11-30,486,486,0,0
732,61,2025-12-31,486,486,0,0
733,62,2025-01-31,71,140,69,0
734,62,2025-02-28,140,140,0,0
735,62,2025-03-31,140,140,0,0
736,62,2025-04-30,140,137,0,3
737,62,2025-05-31,137,137,0,0
738,62,2025-06-30,137,137,0,0
739,62,2025-07-31,137,136,0,1
740,62,2025-08-31,136,249,114,1
741,62,2025-09-30,249,249,0,0
742,62,2025-10-31,249,249,0,0
743,62,2025-11-30,249,288,41,2
744,62,2025-12-31,288,330,42,0
745,63,2025-01-31,189,189,0,0
746,63,2025-02-28,189,188,0,1
747,63,2025-03-31,188,188,0,0
748,63,2025-04-30,188,188,0,0
749,63,2025-05-31,188,263,78,3
750,63,2025-06-30,263,259,0,4
751,63,2025-07-31,259,259,0,0
752,63,2025-08-31,259,259,0,0
753,63,2025-09-30,259,402,147,4
754,63,2025-10-31,402,401,0,1
755,63,2025-11-30,401,400,0,1
756,63,2025-12-31,400,400,0,0
757,64,2025-01-31,76,74,0,2
758,64,2025-02-28,74,72,0,2
759,64,2025-03-31,72,72,0,0
760,64,2025-04-30,72,72,0,0
761,64,2025-05-31,72,72,0,0
762,64,2025-06-30,72,72,0,0
763,64,2025-07-31,72,188,120,4
764,64,2025-08-31,188,231,47,4
765,64,2025-09-30,231,231,0,0
766,64,2025-10-31,231,300,69,0
767,64,2025-11-30,300,448,150,2
768,64,2025-12-31,448,446,0,2
769,65,2025-01-31,135,224,91,2
770,65,2025-02-28,224,221,0,3
771,65,2025-03-31,221,339,118,0
772,65,2025-04-30,339,338,0,1
773,65,2025-05-31,338,338,0,0
774,65,2025-06-30,338,335,0,3
775,65,2025-07-31,335,333,0,2
776,65,2025-08-31,333,329,0,4
777,65,2025-09-30,329,329,0,0
778,65,2025-10-31,329,323,0,6
779,65,2025-11-30,323,322,0,1
780,65,2025-12-31,322,321,0,1
781,66,2025-01-31,67,64,0,3
782,66,2025-02-28,64,63,0,1
783,66,2025-03-31,63,63,0,0
784,66,2025-04-30,63,191,128,0
785,66,2025-05-31,191,189,0,2
786,66,2025-06-30,189,189,0,0
787,66,2025-07-31,189,188,0,1
788,66,2025-08-31,188,270,85,3
789,66,2025-09-30,270,270,0,0
790,66,2025-10-31,270,323,53,0
791,66,2025-11-30,323,317,0,6
792,66,2025-12-31,317,314,0,3
793,67,2025-01-31,207,207,0,0
794,67,2025-02-28,207,207,0,0
795,67,2025-03-31,207,206,0,1
796,67,2025-04-30,206,344,141,3
797,67,2025-05-31,344,343,0,1
798,67,2025-06-30,343,343,0,0
799,67,2025-07-31,343,343,0,0
800,67,2025-08-31,343,459,116,0
801,67,2025-09-30,459,458,0,1
802,67,2025-10-31,458,458,0,0
803,67,2025-11-30,458,453,0,5
804,67,2025-12-31,453,557,104,0
805,68,2025-01-31,63,216,157,4
806,68,2025-02-28,216,214,0,2
807,68,2025-03-31,214,213,0,1
808,68,2025-04-30,213,213,0,0
809,68,2025-05-31,213,213,0,0
810,68,2025-06-30,213,213,0,0
811,68,2025-07-31,213,211,0,2
812,68,2025-08-31,211,208,0,3
813,68,2025-09-30,208,205,0,3
814,68,2025-10-31,205,205,0,0
815,68,2025-11-30,205,356,151,0
816,68,2025-12-31,356,515,159,0
817,69,2025-01-31,201,196,0,5
818,69,2025-02-28,196,196,0,0
819,69,2025-03-31,196,195,0,1
820,69,2025-04-30,195,195,0,0
821,69,2025-05-31,195,294,99,0
822,69,2025-06-30,294,291,0,3
823,69,2025-07-31,291,346,55,0
824,69,2025-08-31,346,500,157,3
825,69,2025-09-30,500,500,0,0
826,69,2025-10-31,500,615,115,0
827,69,2025-11-30,615,615,0,0
828,69,2025-12-31,615,615,0,0
829,70,2025-01-31,197,197,0,0
830,70,2025-02-28,197,197,0,0
831,70,2025-03-31,197,197,0,0
832,70,2025-04-30,197,194,0,3
833,70,2025-05-31,194,191,0,3
834,70,2025-06-30,191,191,0,0
835,70,2025-07-31,191,191,0,0
836,70,2025-08-31,191,191,0,0
837,70,2025-09-30,191,191,0,0
838,70,2025-10-31,191,191,0,0
839,70,2025-11-30,191,191,0,0
840,70,2025-12-31,191,189,0,2
841,71,2025-01-31,213,335,122,0
842,71,2025-02-28,335,335,0,0
843,71,2025-03-31,335,334,0,1
844,71,2025-04-30,334,454,120,0
845,71,2025-05-31,454,534,82,2
846,71,2025-06-30,534,687,154,1
847,71,2025-07-31,687,742,57,2
848,71,2025-08-31,742,742,0,0
849,71,2025-09-30,742,737,0,5
850,71,2025-10-31,737,827,91,1
851,71,2025-11-30,827,827,0,0
852,71,2025-12-31,827,971,144,0
853,72,2025-01-31,69,69,0,0
854,72,2025-02-28,69,69,0,0
855,72,2025-03-31,69,68,0,1
856,72,2025-04-30,68,67,0,1
857,72,2025-05-31,67,141,74,0
858,72,2025-06-30,141,231,90,0
859,72,2025-07-31,231,346,115,0
860,72,2025-08-31,346,342,0,4
861,72,2025-09-30,342,340,0,2
862,72,2025-10-31,340,340,0,0
863,72,2025-11-30,340,388,48,0
864,72,2025-12-31,388,388,0,0
865,73,2025-01-31,133,131,0,2
866,73,2025-02-28,131,131,0,0
867,73,2025-03-31,131,131,0,0
868,73,2025-04-30,131,204,76,3
869,73,2025-05-31,204,204,0,0
870,73,2025-06-30,204,204,0,0
871,73,2025-07-31,204,204,0,0
872,73,2025-08-31,204,203,0,1
873,73,2025-09-30,203,202,0,1
874,73,2025-10-31,202,202,0,0
875,73,2025-11-30,202,201,0,1
876,73,2025-12-31,201,197,0,4
877,74,2025-01-31,171,171,0,0
878,74,2025-02-28,171,171,0,0
879,74,2025-03-31,171,168,0,3
880,74,2025-04-30,168,168,0,0
881,74,2025-05-31,168,275,107,0
882,74,2025-06-30,275,273,0,2
883,74,2025-07-31,273,383,110,0
884,74,2025-08-31,383,378,0,5
885,74,2025-09-30,378,442,68,4
886,74,2025-10-31,442,442,0,0
887,74,2025-11-30,442,442,0,0
888,74,2025-12-31,442,442,0,0
889,75,2025-01-31,69,68,0,1
890,75,2025-02-28,68,68,0,0
891,75,2025-03-31,68,65,0,3
892,75,2025-04-30,65,64,0,1
893,75,2025-05-31,64,64,0,0
894,75,2025-06-30,64,60,0,4
895,75,2025-07-31,60,58,0,2
896,75,2025-08-31,58,58,0,0
897,75,2025-09-30,58,58,0,0
898,75,2025-10-31,58,58,0,0
899,75,2025-11-30,58,58,0,0
900,75,2025-12-31,58,58,0,0
901,76,2025-01-31,191,186,0,5
902,76,2025-02-28,186,186,0,0
903,76,2025-03-31,186,186,0,0
904,76,2025-04-30,186,185,0,1
905,76,2025-05-31,185,184,0,1
906,76,2025-06-30,184,184,0,0
907,76,2025-07-31,184,183,0,1
908,76,2025-08-31,183,182,0,1
909,76,2025-09-30,182,182,0,0
910,76,2025-10-31,182,182,0,0
911,76,2025-11-30,182,178,0,4
912,76,2025-12-31,178,176,0,2
913,77,2025-01-31,145,145,0,0
914,77,2025-02-28,145,138,0,7
915,77,2025-03-31,138,138,0,0
916,77,2025-04-30,138,138,0,0
917,77,2025-05-31,138,138,0,0
918,77,2025-06-30,138,214,80,4
919,77,2025-07-31,214,342,129,1
920,77,2025-08-31,342,340,0,2
921,77,2025-09-30,340,408,69,1
922,77,2025-10-31,408,407,0,1
923,77,2025-11-30,407,407,0,0
924,77,2025-12-31,407,406,0,1
925,78,2025-01-31,70,69,0,1
926,78,2025-02-28,69,157,92,4
927,78,2025-03-31,157,252,95,0
928,78,2025-04-30,252,248,0,4
929,78,2025-05-31,248,348,103,3
930,78,2025-06-30,348,348,0,0
931,78,2025-07-31,348,348,0,0
932,78,2025-08-31,348,344,0,4
933,78,2025-09-30,344,339,0,5
934,78,2025-10-31,339,339,0,0
935,78,2025-11-30,339,337,0,2
936,78,2025-12-31,337,334,0,3
937,79,2025-01-31,65,61,0,4
938,79,2025-02-28,61,57,0,4
939,79,2025-03-31,57,57,0,0
940,79,2025-04-30,57,165,109,1
941,79,2025-05-31,165,165,0,0
942,79,2025-06-30,165,165,0,0
943,79,2025-07-31,165,165,0,0
944,79,2025-08-31,165,165,0,0
945,79,2025-09-30,165,165,0,0
946,79,2025-10-31,165,164,0,1
947,79,2025-11-30,164,227,64,1
948,79,2025-12-31,227,227,0,0
949,80,2025-01-31,179,178,0,1
950,80,2025-02-28,178,178,0,0
951,80,2025-03-31,178,297,121,2
952,80,2025-04-30,297,296,0,1
953,80,2025-05-31,296,296,0,0
954,80,2025-06-30,296,293,0,3
955,80,2025-07-31,293,293,0,0
956,80,2025-08-31,293,293,0,0
957,80,2025-09-30,293,293,0,0
958,80,2025-10-31,293,291,0,2
959,80,2025-11-30,291,288,0,3
960,80,2025-12-31,288,288,0,0
961,81,2025-01-31,143,143,0,0
962,81,2025-02-28,143,240,97,0
963,81,2025-03-31,240,239,0,1
964,81,2025-04-30,239,238,0,1
965,81,2025-05-31,238,237,0,1
966,81,2025-06-30,237,236,0,1
967,81,2025-07-31,236,236,0,0
968,81,2025-08-31,236,236,0,0
969,81,2025-09-30,236,236,0,0
970,81,2025-10-31,236,236,0,0
971,81,2025-11-30,236,234,0,2
972,81,2025-12-31,234,234,0,0
973,82,2025-01-31,158,157,0,1
974,82,2025-02-28,157,157,0,0
975,82,2025-03-31,157,289,135,3
976,82,2025-04-30,289,358,69,0
977,82,2025-05-31,358,358,0,0
978,82,2025-06-30,358,356,0,2
979,82,2025-07-31,356,355,0,1
980,82,2025-08-31,355,355,0,0
981,82,2025-09-30,355,355,0,0
982,82,2025-10-31,355,355,0,0
983,82,2025-11-30,355,355,0,0
984,82,2025-12-31,355,355,0,0
985,83,2025-01-31,113,113,0,0
986,83,2025-02-28,113,113,0,0
987,83,2025-03-31,113,113,0,0
988,83,2025-04-30,113,112,0,1
989,83,2025-05-31,112,255,143,0
990,83,2025-06-30,255,255,0,0
991,83,2025-07-31,255,357,102,0
992,83,2025-08-31,357,357,0,0
993,83,2025-09-30,357,355,0,2
994,83,2025-10-31,355,355,0,0
995,83,2025-11-30,355,355,0,0
996,83,2025-12-31,355,475,120,0
997,84,2025-01-31,62,61,0,1
998,84,2025-02-28,61,61,0,0
999,84,2025-03-31,61,59,0,2
1000,84,2025-04-30,59,179,120,0
1001,84,2025-05-31,179,179,0,0
1002,84,2025-06-30,179,177,0,2
1003,84,2025-07-31,177,176,0,1
1004,84,2025-08-31,176,176,0,0
1005,84,2025-09-30,176,176,0,0
1006,84,2025-10-31,176,274,98,0
1007,84,2025-11-30,274,274,0,0
1008,84,2025-12-31,274,368,95,1
1009,85,2025-01-31,210,210,0,0
1010,85,2025-02-28,210,327,121,4
1011,85,2025-03-31,327,326,0,1
1012,85,2025-04-30,326,322,0,4
1013,85,2025-05-31,322,322,0,0
1014,85,2025-06-30,322,320,0,2
1015,85,2025-07-31,320,320,0,0
1016,85,2025-08-31,320,320,0,0
1017,85,2025-09-30,320,426,106,0
1018,85,2025-10-31,426,419,0,7
1019,85,2025-11-30,419,419,0,0
1020,85,2025-12-31,419,417,0,2
1021,86,2025-01-31,179,292,113,0
1022,86,2025-02-28,292,292,0,0
1023,86,2025-03-31,292,292,0,0
1024,86,2025-04-30,292,292,0,0
1025,86,2025-05-31,292,292,0,0
1026,86,2025-06-30,292,292,0,0
1027,86,2025-07-31,292,291,0,1
1028,86,2025-08-31,291,291,0,0
1029,86,2025-09-30,291,289,0,2
1030,86,2025-10-31,289,287,0,2
1031,86,2025-11-30,287,286,0,1
1032,86,2025-12-31,286,283,0,3
1033,87,2025-01-31,96,241,145,0
1034,87,2025-02-28,241,342,101,0
1035,87,2025-03-31,342,404,62,0
1036,87,2025-04-30,404,401,0,3
1037,87,2025-05-31,401,398,0,3
1038,87,2025-06-30,398,461,63,0
1039,87,2025-07-31,461,459,0,2
1040,87,2025-08-31,459,459,0,0
1041,87,2025-09-30,459,458,0,1
1042,87,2025-10-31,458,458,0,0
1043,87,2025-11-30,458,458,0,0
1044,87,2025-12-31,458,458,0,0
1045,88,2025-01-31,105,103,0,2
1046,88,2025-02-28,103,103,0,0
1047,88,2025-03-31,103,103,0,0
1048,88,2025-04-30,103,101,0,2
1049,88,2025-05-31,101,100,0,1
1050,88,2025-06-30,100,100,0,0
1051,88,2025-07-31,100,99,0,1
1052,88,2025-08-31,99,99,0,0
1053,88,2025-09-30,99,184,90,5
1054,88,2025-10-31,184,184,0,0
1055,88,2025-11-30,184,333,149,0
1056,88,2025-12-31,333,425,95,3
1057,89,2025-01-31,109,108,0,1
1058,89,2025-02-28,108,108,0,0
1059,89,2025-03-31,108,108,0,0
1060,89,2025-04-30,108,216,110,2
1061,89,2025-05-31,216,366,150,0
1062,89,2025-06-30,366,366,0,0
1063,89,2025-07-31,366,364,0,2
1064,89,2025-08-31,364,364,0,0
1065,89,2025-09-30,364,364,0,0
1066,89,2025-10-31,364,364,0,0
1067,89,2025-11-30,364,453,89,0
1068,89,2025-12-31,453,501,49,1
1069,90,2025-01-31,209,209,0,0
1070,90,2025-02-28,209,206,0,3
1071,90,2025-03-31,206,206,0,0
1072,90,2025-04-30,206,203,0,3
1073,90,2025-05-31,203,201,0,2
1074,90,2025-06-30,201,270,71,2
1075,90,2025-07-31,270,269,0,1
1076,90,2025-08-31,269,269,0,0
1077,90,2025-09-30,269,267,0,2
1078,90,2025-10-31,267,267,0,0
1079,90,2025-11-30,267,262,0,5
1080,90,2025-12-31,262,261,0,1
1081,91,2025-01-31,184,184,0,0
1082,91,2025-02-28,184,184,0,0
1083,91,2025-03-31,184,184,0,0
1084,91,2025-04-30,184,183,0,1
1085,91,2025-05-31,183,183,0,0
1086,91,2025-06-30,183,180,0,3
1087,91,2025-07-31,180,178,0,2
1088,91,2025-08-31,178,178,0,0
1089,91,2025-09-30,178,178,0,0
1090,91,2025-10-31,178,178,0,0
1091,91,2025-11-30,178,178,0,0
1092,91,2025-12-31,178,309,132,1
1093,92,2025-01-31,218,215,0,3
1094,92,2025-02-28,215,214,0,1
1095,92,2025-03-31,214,212,0,2
1096,92,2025-04-30,212,210,0,2
1097,92,2025-05-31,210,210,0,0
1098,92,2025-06-30,210,307,97,0
1099,92,2025-07-31,307,307,0,0
1100,92,2025-08-31,307,307,0,0
1101,92,2025-09-30,307,305,0,2
1102,92,2025-10-31,305,458,153,0
1103,92,2025-11-30,458,458,0,0
1104,92,2025-12-31,458,458,0,0
1105,93,2025-01-31,127,126,0,1
1106,93,2025-02-28,126,125,0,1
1107,93,2025-03-31,125,124,0,1
1108,93,2025-04-30,124,124,0,0
1109,93,2025-05-31,124,124,0,0
1110,93,2025-06-30,124,121,0,3
1111,93,2025-07-31,121,184,63,0
1112,93,2025-08-31,184,184,0,0
1113,93,2025-09-30,184,274,90,0
1114,93,2025-10-31,274,274,0,0
1115,93,2025-11-30,274,273,0,1
1116,93,2025-12-31,273,272,0,1
1117,94,2025-01-31,196,196,0,0
1118,94,2025-02-28,196,194,0,2
1119,94,2025-03-31,194,194,0,0
1120,94,2025-04-30,194,192,0,2
1121,94,2025-05-31,192,192,0,0
1122,94,2025-06-30,192,192,0,0
1123,94,2025-07-31,192,192,0,0
1124,94,2025-08-31,192,192,0,0
1125,94,2025-09-30,192,190,0,2
1126,94,2025-10-31,190,189,0,1
1127,94,2025-11-30,189,236,47,0
1128,94,2025-12-31,236,236,0,0
1129,95,2025-01-31,65,183,118,0
1130,95,2025-02-28,183,181,0,2
1131,95,2025-03-31,181,179,0,2
1132,95,2025-04-30,179,290,114,3
1133,95,2025-05-31,290,356,68,2
1134,95,2025-06-30,356,446,91,1
1135,95,2025-07-31,446,446,0,0
1136,95,2025-08-31,446,443,0,3
1137,95,2025-09-30,443,442,0,1
1138,95,2025-10-31,442,442,0,0
1139,95,2025-11-30,442,442,0,0
1140,95,2025-12-31,442,548,110,4
1141,96,2025-01-31,101,98,0,3
1142,96,2025-02-28,98,97,0,1
1143,96,2025-03-31,97,140,46,3
1144,96,2025-04-30,140,140,0,0
1145,96,2025-05-31,140,140,0,0
1146,96,2025-06-30,140,248,108,0
1147,96,2025-07-31,248,248,0,0
1148,96,2025-08-31,248,248,0,0
1149,96,2025-09-30,248,245,0,3
1150,96,2025-10-31,245,311,67,1
1151,96,2025-11-30,311,389,78,0
1152,96,2025-12-31,389,389,0,0
1153,97,2025-01-31,98,97,0,1
1154,97,2025-02-28,97,97,0,0
1155,97,2025-03-31,97,226,129,0
1156,97,2025-04-30,226,226,0,0
1157,97,2025-05-31,226,226,0,0
1158,97,2025-06-30,226,226,0,0
1159,97,2025-07-31,226,226,0,0
1160,97,2025-08-31,226,226,0,0
1161,97,2025-09-30,226,223,0,3
1162,97,2025-10-31,223,222,0,1
1163,97,2025-11-30,222,221,0,1
1164,97,2025-12-31,221,221,0,0
1165,98,2025-01-31,71,71,0,0
1166,98,2025-02-28,71,71,0,0
1167,98,2025-03-31,71,71,0,0
1168,98,2025-04-30,71,71,0,0
1169,98,2025-05-31,71,71,0,0
1170,98,2025-06-30,71,71,0,0
1171,98,2025-07-31,71,64,0,7
1172,98,2025-08-31,64,64,0,0
1173,98,2025-09-30,64,134,71,1
1174,98,2025-10-31,134,133,0,1
1175,98,2025-11-30,133,130,0,3
1176,98,2025-12-31,130,130,0,0
1177,99,2025-01-31,180,180,0,0
1178,99,2025-02-28,180,180,0,0
1179,99,2025-03-31,180,180,0,0
1180,99,2025-04-30,180,178,0,2
1181,99,2025-05-31,178,178,0,0
1182,99,2025-06-30,178,176,0,2
1183,99,2025-07-31,176,174,0,2
1184,99,2025-08-31,174,174,0,0
1185,99,2025-09-30,174,174,0,0
1186,99,2025-10-31,174,174,0,0
1187,99,2025-11-30,174,174,0,0
1188,99,2025-12-31,174,300,126,0
1189,100,2025-01-31,98,96,0,2
1190,100,2025-02-28,96,95,0,1
1191,100,2025-03-31,95,183,90,2
1192,100,2025-04-30,183,183,0,0
1193,100,2025-05-31,183,183,0,0
1194,100,2025-06-30,183,183,0,0
1195,100,2025-07-31,183,181,0,2
1196,100,2025-08-31,181,181,0,0
1197,100,2025-09-30,181,269,89,1
1198,100,2025-10-31,269,269,0,0
1199,100,2025-11-30,269,268,0,1
1200,100,2025-12-31,268,266,0,2
1201,101,2025-01-31,151,150,0,1
1202,101,2025-02-28,150,150,0,0
1203,101,2025-03-31,150,150,0,0
1204,101,2025-04-30,150,216,66,0
1205,101,2025-05-31,216,214,0,2
1206,101,2025-06-30,214,213,0,1
1207,101,2025-07-31,213,211,0,2
1208,101,2025-08-31,211,211,0,0
1209,101,2025-09-30,211,211,0,0
1210,101,2025-10-31,211,208,0,3
1211,101,2025-11-30,208,208,0,0
1212,101,2025-12-31,208,208,0,0
1213,102,2025-01-31,190,190,0,0
1214,102,2025-02-28,190,190,0,0
1215,102,2025-03-31,190,187,0,3
1216,102,2025-04-30,187,187,0,0
1217,102,2025-05-31,187,186,0,1
1218,102,2025-06-30,186,186,0,0
1219,102,2025-07-31,186,183,0,3
1220,102,2025-08-31,183,182,0,1
1221,102,2025-09-30,182,179,0,3
1222,102,2025-10-31,179,179,0,0
1223,102,2025-11-30,179,178,0,1
1224,102,2025-12-31,178,178,0,0
1225,103,2025-01-31,120,120,0,0
1226,103,2025-02-28,120,120,0,0
1227,103,2025-03-31,120,116,0,4
1228,103,2025-04-30,116,116,0,0
1229,103,2025-05-31,116,113,0,3
1230,103,2025-06-30,113,113,0,0
1231,103,2025-07-31,113,194,82,1
1232,103,2025-08-31,194,192,0,2
1233,103,2025-09-30,192,190,0,2
1234,103,2025-10-31,190,188,0,2
1235,103,2025-11-30,188,187,0,1
1236,103,2025-12-31,187,187,0,0
1237,104,2025-01-31,95,92,0,3
1238,104,2025-02-28,92,92,0,0
1239,104,2025-03-31,92,90,0,2
1240,104,2025-04-30,90,90,0,0
1241,104,2025-05-31,90,87,0,3
1242,104,2025-06-30,87,87,0,0
1243,104,2025-07-31,87,87,0,0
1244,104,2025-08-31,87,85,0,2
1245,104,2025-09-30,85,215,130,0
1246,104,2025-10-31,215,214,0,1
1247,104,2025-11-30,214,214,0,0
1248,104,2025-12-31,214,351,137,0
1249,105,2025-01-31,188,186,0,2
1250,105,2025-02-28,186,184,0,2
1251,105,2025-03-31,184,184,0,0
1252,105,2025-04-30,184,184,0,0
1253,105,2025-05-31,184,182,0,2
1254,105,2025-06-30,182,181,0,1
1255,105,2025-07-31,181,178,0,3
1256,105,2025-08-31,178,176,0,2
1257,105,2025-09-30,176,173,0,3
1258,105,2025-10-31,173,272,101,2
1259,105,2025-11-30,272,272,0,0
1260,105,2025-12-31,272,410,140,2
1261,106,2025-01-31,140,139,0,1
1262,106,2025-02-28,139,139,0,0
1263,106,2025-03-31,139,138,0,1
1264,106,2025-04-30,138,138,0,0
1265,106,2025-05-31,138,138,0,0
1266,106,2025-06-30,138,137,0,1
1267,106,2025-07-31,137,137,0,0
1268,106,2025-08-31,137,137,0,0
1269,106,2025-09-30,137,135,0,2
1270,106,2025-10-31,135,133,0,2
1271,106,2025-11-30,133,130,0,3
1272,106,2025-12-31,130,130,0,0
1273,107,2025-01-31,210,210,0,0
1274,107,2025-02-28,210,210,0,0
1275,107,2025-03-31,210,209,0,1
1276,107,2025-04-30,209,209,0,0
1277,107,2025-05-31,209,316,107,0
1278,107,2025-06-30,316,313,0,3
1279,107,2025-07-31,313,313,0,0
1280,107,2025-08-31,313,434,123,2
1281,107,2025-09-30,434,429,0,5
1282,107,2025-10-31,429,427,0,2
1283,107,2025-11-30,427,425,0,2
1284,107,2025-12-31,425,425,0,0
1285,108,2025-01-31,97,97,0,0
1286,108,2025-02-28,97,95,0,2
1287,108,2025-03-31,95,93,0,2
1288,108,2025-04-30,93,92,0,1
1289,108,2025-05-31,92,92,0,0
1290,108,2025-06-30,92,90,0,2
1291,108,2025-07-31,90,90,0,0
1292,108,2025-08-31,90,171,81,0
1293,108,2025-09-30,171,170,0,1
1294,108,2025-10-31,170,168,0,2
1295,108,2025-11-30,168,168,0,0
1296,108,2025-12-31,168,168,0,0
1297,109,2025-01-31,114,114,0,0
1298,109,2025-02-28,114,113,0,1
1299,109,2025-03-31,113,113,0,0
1300,109,2025-04-30,113,112,0,1
1301,109,2025-05-31,112,111,0,1
1302,109,2025-06-30,111,111,0,0
1303,109,2025-07-31,111,109,0,2
1304,109,2025-08-31,109,243,134,0
1305,109,2025-09-30,243,243,0,0
1306,109,2025-10-31,243,242,0,1
1307,109,2025-11-30,242,242,0,0
1308,109,2025-12-31,242,242,0,0
1309,110,2025-01-31,144,143,0,1
1310,110,2025-02-28,143,137,0,6
1311,110,2025-03-31,137,286,154,5
1312,110,2025-04-30,286,397,114,3
1313,110,2025-05-31,397,392,0,5
1314,110,2025-06-30,392,441,50,1
1315,110,2025-07-31,441,440,0,1
1316,110,2025-08-31,440,557,120,3
1317,110,2025-09-30,557,557,0,0
1318,110,2025-10-31,557,557,0,0
1319,110,2025-11-30,557,646,89,0
1320,110,2025-12-31,646,646,0,0
1321,111,2025-01-31,207,203,0,4
1322,111,2025-02-28,203,203,0,0
1323,111,2025-03-31,203,200,0,3
1324,111,2025-04-30,200,323,123,0
1325,111,2025-05-31,323,323,0,0
1326,111,2025-06-30,323,320,0,3
1327,111,2025-07-31,320,320,0,0
1328,111,2025-08-31,320,319,0,1
1329,111,2025-09-30,319,412,93,0
1330,111,2025-10-31,412,408,0,4
1331,111,2025-11-30,408,406,0,2
1332,111,2025-12-31,406,406,0,0
1333,112,2025-01-31,177,237,62,2
1334,112,2025-02-28,237,237,0,0
1335,112,2025-03-31,237,236,0,1
1336,112,2025-04-30,236,234,0,2
1337,112,2025-05-31,234,232,0,2
1338,112,2025-06-30,232,229,0,3
1339,112,2025-07-31,229,350,124,3
1340,112,2025-08-31,350,346,0,4
1341,112,2025-09-30,346,344,0,2
1342,112,2025-10-31,344,343,0,1
1343,112,2025-11-30,343,340,0,3
1344,112,2025-12-31,340,339,0,1
1345,113,2025-01-31,160,158,0,2
1346,113,2025-02-28,158,156,0,2
1347,113,2025-03-31,156,156,0,0
1348,113,2025-04-30,156,156,0,0
1349,113,2025-05-31,156,278,122,0
1350,113,2025-06-30,278,278,0,0
1351,113,2025-07-31,278,277,0,1
1352,113,2025-08-31,277,346,69,0
1353,113,2025-09-30,346,344,0,2
1354,113,2025-10-31,344,343,0,1
1355,113,2025-11-30,343,470,127,0
1356,113,2025-12-31,470,469,0,1
1357,114,2025-01-31,206,206,0,0
1358,114,2025-02-28,206,206,0,0
1359,114,2025-03-31,206,206,0,0
1360,114,2025-04-30,206,206,0,0
1361,114,2025-05-31,206,206,0,0
1362,114,2025-06-30,206,204,0,2
1363,114,2025-07-31,204,204,0,0
1364,114,2025-08-31,204,203,0,1
1365,114,2025-09-30,203,202,0,1
1366,114,2025-10-31,202,202,0,0
1367,114,2025-11-30,202,309,107,0
1368,114,2025-12-31,309,402,93,0
1369,115,2025-01-31,196,192,0,4
1370,115,2025-02-28,192,191,0,1
1371,115,2025-03-31,191,190,0,1
1372,115,2025-04-30,190,188,0,2
1373,115,2025-05-31,188,184,0,4
1374,115,2025-06-30,184,180,0,4
1375,115,2025-07-31,180,295,115,0
1376,115,2025-08-31,295,393,98,0
1377,115,2025-09-30,393,391,0,2
1378,115,2025-10-31,391,388,0,3
1379,115,2025-11-30,388,388,0,0
1380,115,2025-12-31,388,494,109,3
1381,116,2025-01-31,180,178,0,2
1382,116,2025-02-28,178,178,0,0
1383,116,2025-03-31,178,177,0,1
1384,116,2025-04-30,177,177,0,0
1385,116,2025-05-31,177,177,0,0
1386,116,2025-06-30,177,259,82,0
1387,116,2025-07-31,259,259,0,0
1388,116,2025-08-31,259,258,0,1
1389,116,2025-09-30,258,258,0,0
1390,116,2025-10-31,258,254,0,4
1391,116,2025-11-30,254,253,0,1
1392,116,2025-12-31,253,319,66,0
1393,117,2025-01-31,180,177,0,3
1394,117,2025-02-28,177,176,0,1
1395,117,2025-03-31,176,176,0,0
1396,117,2025-04-30,176,176,0,0
1397,117,2025-05-31,176,320,144,0
1398,117,2025-06-30,320,319,0,1
1399,117,2025-07-31,319,319,0,0
1400,117,2025-08-31,319,319,0,0
1401,117,2025-09-30,319,319,0,0
1402,117,2025-10-31,319,319,0,0
1403,117,2025-11-30,319,319,0,0
1404,117,2025-12-31,319,319,0,0
1405,118,2025-01-31,84,84,0,0
1406,118,2025-02-28,84,206,124,2
1407,118,2025-03-31,206,284,81,3
1408,118,2025-04-30,284,284,0,0
1409,118,2025-05-31,284,282,0,2
1410,118,2025-06-30,282,282,0,0
1411,118,2025-07-31,282,281,0,1
1412,118,2025-08-31,281,281,0,0
1413,118,2025-09-30,281,351,70,0
1414,118,2025-10-31,351,350,0,1
1415,118,2025-11-30,350,350,0,0
1416,118,2025-12-31,350,430,80,0
1417,119,2025-01-31,86,83,0,3
1418,119,2025-02-28,83,83,0,0
1419,119,2025-03-31,83,126,48,5
1420,119,2025-04-30,126,126,0,0
1421,119,2025-05-31,126,126,0,0
1422,119,2025-06-30,126,218,92,0
1423,119,2025-07-31,218,215,0,3
1424,119,2025-08-31,215,214,0,1
1425,119,2025-09-30,214,214,0,0
1426,119,2025-10-31,214,213,0,1
1427,119,2025-11-30,213,213,0,0
1428,119,2025-12-31,213,212,0,1
1429,120,2025-01-31,113,112,0,1
1430,120,2025-02-28,112,112,0,0
1431,120,2025-03-31,112,112,0,0
1432,120,2025-04-30,112,157,45,0
1433,120,2025-05-31,157,227,74,4
1434,120,2025-06-30,227,227,0,0
1435,120,2025-07-31,227,224,0,3
1436,120,2025-08-31,224,224,0,0
1437,120,2025-09-30,224,344,120,0
1438,120,2025-10-31,344,340,0,4
1439,120,2025-11-30,340,418,81,3
1440,120,2025-12-31,418,418,0,0
1441,121,2025-01-31,134,187,55,2
1442,121,2025-02-28,187,187,0,0
1443,121,2025-03-31,187,187,0,0
1444,121,2025-04-30,187,187,0,0
1445,121,2025-05-31,187,187,0,0
1446,121,2025-06-30,187,183,0,4
1447,121,2025-07-31,183,181,0,2
1448,121,2025-08-31,181,181,0,0
1449,121,2025-09-30,181,181,0,0
1450,121,2025-10-31,181,179,0,2
1451,121,2025-11-30,179,338,159,0
1452,121,2025-12-31,338,393,55,0
1453,122,2025-01-31,100,100,0,0
1454,122,2025-02-28,100,100,0,0
1455,122,2025-03-31,100,97,0,3
1456,122,2025-04-30,97,96,0,1
1457,122,2025-05-31,96,96,0,0
1458,122,2025-06-30,96,176,82,2
1459,122,2025-07-31,176,176,0,0
1460,122,2025-08-31,176,176,0,0
1461,122,2025-09-30,176,173,0,3
1462,122,2025-10-31,173,173,0,0
1463,122,2025-11-30,173,220,47,0
1464,122,2025-12-31,220,220,0,0
1465,123,2025-01-31,91,88,0,3
1466,123,2025-02-28,88,174,86,0
1467,123,2025-03-31,174,174,0,0
1468,123,2025-04-30,174,172,0,2
1469,123,2025-05-31,172,302,130,0
1470,123,2025-06-30,302,302,0,0
1471,123,2025-07-31,302,301,0,1
1472,123,2025-08-31,301,387,88,2
1473,123,2025-09-30,387,385,0,2
1474,123,2025-10-31,385,382,0,3
1475,123,2025-11-30,382,380,0,2
1476,123,2025-12-31,380,379,0,1
1477,124,2025-01-31,97,97,0,0
1478,124,2025-02-28,97,97,0,0
1479,124,2025-03-31,97,97,0,0
1480,124,2025-04-30,97,95,0,2
1481,124,2025-05-31,95,95,0,0
1482,124,2025-06-30,95,94,0,1
1483,124,2025-07-31,94,92,0,2
1484,124,2025-08-31,92,91,0,1
1485,124,2025-09-30,91,237,148,2
1486,124,2025-10-31,237,236,0,1
1487,124,2025-11-30,236,236,0,0
1488,124,2025-12-31,236,231,0,5
1489,125,2025-01-31,103,102,0,1
1490,125,2025-02-28,102,101,0,1
1491,125,2025-03-31,101,101,0,0
1492,125,2025-04-30,101,101,0,0
1493,125,2025-05-31,101,192,91,0
1494,125,2025-06-30,192,190,0,2
1495,125,2025-07-31,190,190,0,0
1496,125,2025-08-31,190,188,0,2
1497,125,2025-09-30,188,188,0,0
1498,125,2025-10-31,188,188,0,0
1499,125,2025-11-30,188,188,0,0
1500,125,2025-12-31,188,188,0,0
1501,126,2025-01-31,136,136,0,0
1502,126,2025-02-28,136,136,0,0
1503,126,2025-03-31,136,134,0,2
1504,126,2025-04-30,134,134,0,0
1505,126,2025-05-31,134,130,0,4
1506,126,2025-06-30,130,124,0,6
1507,126,2025-07-31,124,121,0,3
1508,126,2025-08-31,121,121,0,0
1509,126,2025-09-30,121,120,0,1
1510,126,2025-10-31,120,119,0,1
1511,126,2025-11-30,119,118,0,1
1512,126,2025-12-31,118,118,0,0
1513,127,2025-01-31,72,199,127,0
1514,127,2025-02-28,199,197,0,2
1515,127,2025-03-31,197,197,0,0
1516,127,2025-04-30,197,193,0,4
1517,127,2025-05-31,193,335,142,0
1518,127,2025-06-30,335,334,0,1
1519,127,2025-07-31,334,486,152,0
1520,127,2025-08-31,486,486,0,0
1521,127,2025-09-30,486,486,0,0
1522,127,2025-10-31,486,486,0,0
1523,127,2025-11-30,486,486,0,0
1524,127,2025-12-31,486,484,0,2
1525,128,2025-01-31,159,159,0,0
1526,128,2025-02-28,159,156,0,3
1527,128,2025-03-31,156,156,0,0
1528,128,2025-04-30,156,204,49,1
1529,128,2025-05-31,204,204,0,0
1530,128,2025-06-30,204,204,0,0
1531,128,2025-07-31,204,204,0,0
1532,128,2025-08-31,204,362,158,0
1533,128,2025-09-30,362,358,0,4
1534,128,2025-10-31,358,358,0,0
1535,128,2025-11-30,358,358,0,0
1536,128,2025-12-31,358,357,0,1
1537,129,2025-01-31,74,74,0,0
1538,129,2025-02-28,74,72,0,2
1539,129,2025-03-31,72,72,0,0
1540,129,2025-04-30,72,217,145,0
1541,129,2025-05-31,217,217,0,0
1542,129,2025-06-30,217,217,0,0
1543,129,2025-07-31,217,217,0,0
1544,129,2025-08-31,217,217,0,0
1545,129,2025-09-30,217,349,132,0
1546,129,2025-10-31,349,349,0,0
1547,129,2025-11-30,349,349,0,0
1548,129,2025-12-31,349,344,0,5
1549,130,2025-01-31,182,182,0,0
1550,130,2025-02-28,182,182,0,0
1551,130,2025-03-31,182,178,0,4
1552,130,2025-04-30,178,178,0,0
1553,130,2025-05-31,178,178,0,0
1554,130,2025-06-30,178,178,0,0
1555,130,2025-07-31,178,175,0,3
1556,130,2025-08-31,175,175,0,0
1557,130,2025-09-30,175,174,0,1
1558,130,2025-10-31,174,174,0,0
1559,130,2025-11-30,174,174,0,0
1560,130,2025-12-31,174,171,0,3
1561,131,2025-01-31,102,100,0,2
1562,131,2025-02-28,100,100,0,0
1563,131,2025-03-31,100,100,0,0
1564,131,2025-04-30,100,100,0,0
1565,131,2025-05-31,100,100,0,0
1566,131,2025-06-30,100,234,134,0
1567,131,2025-07-31,234,234,0,0
1568,131,2025-08-31,234,231,0,3
1569,131,2025-09-30,231,228,0,3
1570,131,2025-10-31,228,291,65,2
1571,131,2025-11-30,291,290,0,1
1572,131,2025-12-31,290,286,0,4
1573,132,2025-01-31,175,173,0,2
1574,132,2025-02-28,173,172,0,1
1575,132,2025-03-31,172,305,133,0
1576,132,2025-04-30,305,303,0,2
1577,132,2025-05-31,303,347,44,0
1578,132,2025-06-30,347,347,0,0
1579,132,2025-07-31,347,346,0,1
1580,132,2025-08-31,346,346,0,0
1581,132,2025-09-30,346,346,0,0
1582,132,2025-10-31,346,346,0,0
1583,132,2025-11-30,346,346,0,0
1584,132,2025-12-31,346,346,0,0
1585,133,2025-01-31,96,96,0,0
1586,133,2025-02-28,96,156,60,0
1587,133,2025-03-31,156,152,0,4
1588,133,2025-04-30,152,150,0,2
1589,133,2025-05-31,150,150,0,0
1590,133,2025-06-30,150,149,0,1
1591,133,2025-07-31,149,149,0,0
1592,133,2025-08-31,149,147,0,2
1593,133,2025-09-30,147,204,58,1
1594,133,2025-10-31,204,204,0,0
1595,133,2025-11-30,204,204,0,0
1596,133,2025-12-31,204,204,0,0
1597,134,2025-01-31,61,57,0,4
1598,134,2025-02-28,57,57,0,0
1599,134,2025-03-31,57,57,0,0
1600,134,2025-04-30,57,144,87,0
1601,134,2025-05-31,144,142,0,2
1602,134,2025-06-30,142,140,0,2
1603,134,2025-07-31,140,140,0,0
1604,134,2025-08-31,140,139,0,1
1605,134,2025-09-30,139,139,0,0
1606,134,2025-10-31,139,139,0,0
1607,134,2025-11-30,139,139,0,0
1608,134,2025-12-31,139,136,0,3
1609,135,2025-01-31,103,103,0,0
1610,135,2025-02-28,103,103,0,0
1611,135,2025-03-31,103,102,0,1
1612,135,2025-04-30,102,101,0,1
1613,135,2025-05-31,101,99,0,2
1614,135,2025-06-30,99,99,0,0
1615,135,2025-07-31,99,99,0,0
1616,135,2025-08-31,99,98,0,1
1617,135,2025-09-30,98,182,84,0
1618,135,2025-10-31,182,182,0,0
1619,135,2025-11-30,182,182,0,0
1620,135,2025-12-31,182,180,0,2
1621,136,2025-01-31,171,168,0,3
1622,136,2025-02-28,168,230,63,1
1623,136,2025-03-31,230,230,0,0
1624,136,2025-04-30,230,230,0,0
1625,136,2025-05-31,230,230,0,0
1626,136,2025-06-30,230,230,0,0
1627,136,2025-07-31,230,230,0,0
1628,136,2025-08-31,230,229,0,1
1629,136,2025-09-30,229,229,0,0
1630,136,2025-10-31,229,224,0,5
1631,136,2025-11-30,224,224,0,0
1632,136,2025-12-31,224,221,0,3
1633,137,2025-01-31,91,91,0,0
1634,137,2025-02-28,91,91,0,0
1635,137,2025-03-31,91,88,0,3
1636,137,2025-04-30,88,209,124,3
1637,137,2025-05-31,209,343,135,1
1638,137,2025-06-30,343,343,0,0
1639,137,2025-07-31,343,343,0,0
1640,137,2025-08-31,343,342,0,1
1641,137,2025-09-30,342,340,0,2
1642,137,2025-10-31,340,456,116,0
1643,137,2025-11-30,456,453,0,3
1644,137,2025-12-31,453,453,0,0
1645,138,2025-01-31,128,126,0,2
1646,138,2025-02-28,126,126,0,0
1647,138,2025-03-31,126,126,0,0
1648,138,2025-04-30,126,125,0,1
1649,138,2025-05-31,125,125,0,0
1650,138,2025-06-30,125,125,0,0
1651,138,2025-07-31,125,252,132,5
1652,138,2025-08-31,252,252,0,0
1653,138,2025-09-30,252,252,0,0
1654,138,2025-10-31,252,409,157,0
1655,138,2025-11-30,409,409,0,0
1656,138,2025-12-31,409,534,126,1
1657,139,2025-01-31,174,297,125,2
1658,139,2025-02-28,297,297,0,0
1659,139,2025-03-31,297,297,0,0
1660,139,2025-04-30,297,296,0,1
1661,139,2025-05-31,296,294,0,2
1662,139,2025-06-30,294,294,0,0
1663,139,2025-07-31,294,292,0,2
1664,139,2025-08-31,292,292,0,0
1665,139,2025-09-30,292,291,0,1
1666,139,2025-10-31,291,392,101,0
1667,139,2025-11-30,392,392,0,0
1668,139,2025-12-31,392,391,0,1
1669,140,2025-01-31,135,135,0,0
1670,140,2025-02-28,135,135,0,0
1671,140,2025-03-31,135,133,0,2
1672,140,2025-04-30,133,131,0,2
1673,140,2025-05-31,131,128,0,3
1674,140,2025-06-30,128,122,0,6
1675,140,2025-07-31,122,122,0,0
1676,140,2025-08-31,122,116,0,6
1677,140,2025-09-30,116,116,0,0
1678,140,2025-10-31,116,115,0,1
1679,140,2025-11-30,115,113,0,2
1680,140,2025-12-31,113,113,0,0
1681,141,2025-01-31,69,69,0,0
1682,141,2025-02-28,69,222,154,1
1683,141,2025-03-31,222,222,0,0
1684,141,2025-04-30,222,222,0,0
1685,141,2025-05-31,222,330,109,1
1686,141,2025-06-30,330,330,0,0
1687,141,2025-07-31,330,330,0,0
1688,141,2025-08-31,330,388,58,0
1689,141,2025-09-30,388,387,0,1
1690,141,2025-10-31,387,385,0,2
1691,141,2025-11-30,385,383,0,2
1692,141,2025-12-31,383,382,0,1
1693,142,2025-01-31,203,201,0,2
1694,142,2025-02-28,201,199,0,2
1695,142,2025-03-31,199,197,0,2
1696,142,2025-04-30,197,267,70,0
1697,142,2025-05-31,267,267,0,0
1698,142,2025-06-30,267,265,0,2
1699,142,2025-07-31,265,265,0,0
1700,142,2025-08-31,265,265,0,0
1701,142,2025-09-30,265,265,0,0
1702,142,2025-10-31,265,265,0,0
1703,142,2025-11-30,265,309,44,0
1704,142,2025-12-31,309,352,44,1
1705,143,2025-01-31,214,278,64,0
1706,143,2025-02-28,278,278,0,0
1707,143,2025-03-31,278,278,0,0
1708,143,2025-04-30,278,342,66,2
1709,143,2025-05-31,342,341,0,1
1710,143,2025-06-30,341,475,136,2
1711,143,2025-07-31,475,537,62,0
1712,143,2025-08-31,537,536,0,1
1713,143,2025-09-30,536,536,0,0
1714,143,2025-10-31,536,630,97,3
1715,143,2025-11-30,630,627,0,3
1716,143,2025-12-31,627,627,0,0
1717,144,2025-01-31,94,94,0,0
1718,144,2025-02-28,94,94,0,0
1719,144,2025-03-31,94,90,0,4
1720,144,2025-04-30,90,89,0,1
1721,144,2025-05-31,89,88,0,1
1722,144,2025-06-30,88,88,0,0
1723,144,2025-07-31,88,87,0,1
1724,144,2025-08-31,87,87,0,0
1725,144,2025-09-30,87,87,0,0
1726,144,2025-10-31,87,159,72,0
1727,144,2025-11-30,159,159,0,0
1728,144,2025-12-31,159,159,0,0
1729,145,2025-01-31,102,99,0,3
1730,145,2025-02-28,99,99,0,0
1731,145,2025-03-31,99,98,0,1
1732,145,2025-04-30,98,97,0,1
1733,145,2025-05-31,97,96,0,1
1734,145,2025-06-30,96,240,146,2
1735,145,2025-07-31,240,239,0,1
1736,145,2025-08-31,239,239,0,0
1737,145,2025-09-30,239,239,0,0
1738,145,2025-10-31,239,236,0,3
1739,145,2025-11-30,236,236,0,0
1740,145,2025-12-31,236,235,0,1
1741,146,2025-01-31,144,138,0,6
1742,146,2025-02-28,138,136,0,2
1743,146,2025-03-31,136,134,0,2
1744,146,2025-04-30,134,213,82,3
1745,146,2025-05-31,213,213,0,0
1746,146,2025-06-30,213,213,0,0
1747,146,2025-07-31,213,213,0,0
1748,146,2025-08-31,213,213,0,0
1749,146,2025-09-30,213,211,0,2
1750,146,2025-10-31,211,208,0,3
1751,146,2025-11-30,208,205,0,3
1752,146,2025-12-31,205,205,0,0
1753,147,2025-01-31,190,190,0,0
1754,147,2025-02-28,190,189,0,1
1755,147,2025-03-31,189,187,0,2
1756,147,2025-04-30,187,187,0,0
1757,147,2025-05-31,187,187,0,0
1758,147,2025-06-30,187,187,0,0
1759,147,2025-07-31,187,187,0,0
1760,147,2025-08-31,187,184,0,3
1761,147,2025-09-30,184,184,0,0
1762,147,2025-10-31,184,184,0,0
1763,147,2025-11-30,184,180,0,4
1764,147,2025-12-31,180,180,0,0
1765,148,2025-01-31,168,168,0,0
1766,148,2025-02-28,168,168,0,0
1767,148,2025-03-31,168,261,95,2
1768,148,2025-04-30,261,321,61,1
1769,148,2025-05-31,321,318,0,3
1770,148,2025-06-30,318,384,66,0
1771,148,2025-07-31,384,384,0,0
1772,148,2025-08-31,384,383,0,1
1773,148,2025-09-30,383,383,0,0
1774,148,2025-10-31,383,378,0,5
1775,148,2025-11-30,378,528,150,0
1776,148,2025-12-31,528,522,0,6
1777,149,2025-01-31,214,324,110,0
1778,149,2025-02-28,324,321,0,3
1779,149,2025-03-31,321,467,146,0
1780,149,2025-04-30,467,464,0,3
1781,149,2025-05-31,464,464,0,0
1782,149,2025-06-30,464,464,0,0
1783,149,2025-07-31,464,464,0,0
1784,149,2025-08-31,464,464,0,0
1785,149,2025-09-30,464,464,0,0
1786,149,2025-10-31,464,530,72,6
1787,149,2025-11-30,530,636,106,0
1788,149,2025-12-31,636,636,0,0
1789,150,2025-01-31,138,138,0,0
1790,150,2025-02-28,138,136,0,2
1791,150,2025-03-31,136,288,152,0
1792,150,2025-04-30,288,288,0,0
1793,150,2025-05-31,288,284,0,4
1794,150,2025-06-30,284,435,152,1
1795,150,2025-07-31,435,588,153,0
1796,150,2025-08-31,588,646,60,2
1797,150,2025-09-30,646,644,0,2
1798,150,2025-10-31,644,644,0,0
1799,150,2025-11-30,644,644,0,0
1800,150,2025-12-31,644,772,129,1
1801,151,2025-01-31,128,128,0,0
1802,151,2025-02-28,128,128,0,0
1803,151,2025-03-31,128,267,140,1
1804,151,2025-04-30,267,308,41,0
1805,151,2025-05-31,308,308,0,0
1806,151,2025-06-30,308,383,79,4
1807,151,2025-07-31,383,383,0,0
1808,151,2025-08-31,383,383,0,0
1809,151,2025-09-30,383,382,0,1
1810,151,2025-10-31,382,377,0,5
1811,151,2025-11-30,377,377,0,0
1812,151,2025-12-31,377,375,0,2
1813,152,2025-01-31,123,206,83,0
1814,152,2025-02-28,206,204,0,2
1815,152,2025-03-31,204,204,0,0
1816,152,2025-04-30,204,204,0,0
1817,152,2025-05-31,204,200,0,4
1818,152,2025-06-30,200,200,0,0
1819,152,2025-07-31,200,200,0,0
1820,152,2025-08-31,200,245,46,1
1821,152,2025-09-30,245,242,0,3
1822,152,2025-10-31,242,241,0,1
1823,152,2025-11-30,241,239,0,2
1824,152,2025-12-31,239,239,0,0
1825,153,2025-01-31,150,147,0,3
1826,153,2025-02-28,147,146,0,1
1827,153,2025-03-31,146,254,109,1
1828,153,2025-04-30,254,247,0,7
1829,153,2025-05-31,247,245,0,2
1830,153,2025-06-30,245,244,0,1
1831,153,2025-07-31,244,242,0,2
1832,153,2025-08-31,242,242,0,0
1833,153,2025-09-30,242,242,0,0
1834,153,2025-10-31,242,303,63,2
1835,153,2025-11-30,303,302,0,1
1836,153,2025-12-31,302,301,0,1
1837,154,2025-01-31,147,146,0,1
1838,154,2025-02-28,146,146,0,0
1839,154,2025-03-31,146,146,0,0
1840,154,2025-04-30,146,145,0,1
1841,154,2025-05-31,145,141,0,4
1842,154,2025-06-30,141,140,0,1
1843,154,2025-07-31,140,137,0,3
1844,154,2025-08-31,137,133,0,4
1845,154,2025-09-30,133,133,0,0
1846,154,2025-10-31,133,133,0,0
1847,154,2025-11-30,133,130,0,3
1848,154,2025-12-31,130,197,69,2
1849,155,2025-01-31,205,204,0,1
1850,155,2025-02-28,204,203,0,1
1851,155,2025-03-31,203,347,147,3
1852,155,2025-04-30,347,394,52,5
1853,155,2025-05-31,394,507,116,3
1854,155,2025-06-30,507,507,0,0
1855,155,2025-07-31,507,507,0,0
1856,155,2025-08-31,507,507,0,0
1857,155,2025-09-30,507,504,0,3
1858,155,2025-10-31,504,504,0,0
1859,155,2025-11-30,504,504,0,0
1860,155,2025-12-31,504,503,0,1
1861,156,2025-01-31,76,76,0,0
1862,156,2025-02-28,76,76,0,0
1863,156,2025-03-31,76,76,0,0
1864,156,2025-04-30,76,76,0,0
1865,156,2025-05-31,76,75,0,1
1866,156,2025-06-30,75,73,0,2
1867,156,2025-07-31,73,73,0,0
1868,156,2025-08-31,73,73,0,0
1869,156,2025-09-30,73,72,0,1
1870,156,2025-10-31,72,72,0,0
1871,156,2025-11-30,72,172,102,2
1872,156,2025-12-31,172,172,0,0
1873,157,2025-01-31,76,76,0,0
1874,157,2025-02-28,76,76,0,0
1875,157,2025-03-31,76,76,0,0
1876,157,2025-04-30,76,75,0,1
1877,157,2025-05-31,75,75,0,0
1878,157,2025-06-30,75,73,0,2
1879,157,2025-07-31,73,73,0,0
1880,157,2025-08-31,73,72,0,1
1881,157,2025-09-30,72,72,0,0
1882,157,2025-10-31,72,70,0,2
1883,157,2025-11-30,70,69,0,1
1884,157,2025-12-31,69,202,137,4
1885,158,2025-01-31,72,72,0,0
1886,158,2025-02-28,72,72,0,0
1887,158,2025-03-31,72,70,0,2
1888,158,2025-04-30,70,68,0,2
1889,158,2025-05-31,68,63,0,5
1890,158,2025-06-30,63,63,0,0
1891,158,2025-07-31,63,59,0,4
1892,158,2025-08-31,59,59,0,0
1893,158,2025-09-30,59,59,0,0
1894,158,2025-10-31,59,57,0,2
1895,158,2025-11-30,57,57,0,0
1896,158,2025-12-31,57,55,0,2
1897,159,2025-01-31,63,62,0,1
1898,159,2025-02-28,62,61,0,1
1899,159,2025-03-31,61,61,0,0
1900,159,2025-04-30,61,61,0,0
1901,159,2025-05-31,61,61,0,0
1902,159,2025-06-30,61,61,0,0
1903,159,2025-07-31,61,59,0,2
1904,159,2025-08-31,59,58,0,1
1905,159,2025-09-30,58,58,0,0
1906,159,2025-10-31,58,57,0,1
1907,159,2025-11-30,57,53,0,4
1908,159,2025-12-31,53,51,0,2
1909,160,2025-01-31,102,102,0,0
1910,160,2025-02-28,102,101,0,1
1911,160,2025-03-31,101,96,0,5
1912,160,2025-04-30,96,93,0,3
1913,160,2025-05-31,93,93,0,0
1914,160,2025-06-30,93,93,0,0
1915,160,2025-07-31,93,93,0,0
1916,160,2025-08-31,93,93,0,0
1917,160,2025-09-30,93,92,0,1
1918,160,2025-10-31,92,92,0,0
1919,160,2025-11-30,92,92,0,0
1920,160,2025-12-31,92,152,60,0
1921,161,2025-01-31,182,180,0,2
1922,161,2025-02-28,180,174,0,6
1923,161,2025-03-31,174,171,0,3
1924,161,2025-04-30,171,171,0,0
1925,161,2025-05-31,171,168,0,3
1926,161,2025-06-30,168,167,0,1
1927,161,2025-07-31,167,167,0,0
1928,161,2025-08-31,167,167,0,0
1929,161,2025-09-30,167,166,0,1
1930,161,2025-10-31,166,163,0,3
1931,161,2025-11-30,163,163,0,0
1932,161,2025-12-31,163,162,0,1
1933,162,2025-01-31,179,176,0,3
1934,162,2025-02-28,176,260,87,3
1935,162,2025-03-31,260,310,50,0
1936,162,2025-04-30,310,308,0,2
1937,162,2025-05-31,308,435,127,0
1938,162,2025-06-30,435,495,63,3
1939,162,2025-07-31,495,494,0,1
1940,162,2025-08-31,494,493,0,1
1941,162,2025-09-30,493,493,0,0
1942,162,2025-10-31,493,493,0,0
1943,162,2025-11-30,493,493,0,0
1944,162,2025-12-31,493,557,66,2
1945,163,2025-01-31,145,145,0,0
1946,163,2025-02-28,145,144,0,1
1947,163,2025-03-31,144,142,0,2
1948,163,2025-04-30,142,138,0,4
1949,163,2025-05-31,138,138,0,0
1950,163,2025-06-30,138,138,0,0
1951,163,2025-07-31,138,135,0,3
1952,163,2025-08-31,135,132,0,3
1953,163,2025-09-30,132,131,0,1
1954,163,2025-10-31,131,128,0,3
1955,163,2025-11-30,128,189,63,2
1956,163,2025-12-31,189,189,0,0
1957,164,2025-01-31,95,95,0,0
1958,164,2025-02-28,95,95,0,0
1959,164,2025-03-31,95,95,0,0
1960,164,2025-04-30,95,94,0,1
1961,164,2025-05-31,94,91,0,3
1962,164,2025-06-30,91,90,0,1
1963,164,2025-07-31,90,89,0,1
1964,164,2025-08-31,89,88,0,1
1965,164,2025-09-30,88,88,0,0
1966,164,2025-10-31,88,85,0,3
1967,164,2025-11-30,85,85,0,0
1968,164,2025-12-31,85,84,0,1
1969,165,2025-01-31,186,184,0,2
1970,165,2025-02-28,184,184,0,0
1971,165,2025-03-31,184,184,0,0
1972,165,2025-04-30,184,231,47,0
1973,165,2025-05-31,231,231,0,0
1974,165,2025-06-30,231,230,0,1
1975,165,2025-07-31,230,230,0,0
1976,165,2025-08-31,230,228,0,2
1977,165,2025-09-30,228,228,0,0
1978,165,2025-10-31,228,345,118,1
1979,165,2025-11-30,345,477,132,0
1980,165,2025-12-31,477,477,0,0
1981,166,2025-01-31,160,160,0,0
1982,166,2025-02-28,160,262,102,0
1983,166,2025-03-31,262,259,0,3
1984,166,2025-04-30,259,259,0,0
1985,166,2025-05-31,259,259,0,0
1986,166,2025-06-30,259,258,0,1
1987,166,2025-07-31,258,258,0,0
1988,166,2025-08-31,258,258,0,0
1989,166,2025-09-30,258,258,0,0
1990,166,2025-10-31,258,258,0,0
1991,166,2025-11-30,258,395,137,0
1992,166,2025-12-31,395,437,44,2
1993,167,2025-01-31,175,244,70,1
1994,167,2025-02-28,244,244,0,0
1995,167,2025-03-31,244,243,0,1
1996,167,2025-04-30,243,240,0,3
1997,167,2025-05-31,240,358,121,3
1998,167,2025-06-30,358,356,0,2
1999,167,2025-07-31,356,356,0,0
2000,167,2025-08-31,356,354,0,2
2001,167,2025-09-30,354,354,0,0
2002,167,2025-10-31,354,354,0,0
2003,167,2025-11-30,354,353,0,1
2004,167,2025-12-31,353,353,0,0
2005,168,2025-01-31,162,160,0,2
2006,168,2025-02-28,160,159,0,1
2007,168,2025-03-31,159,159,0,0
2008,168,2025-04-30,159,156,0,3
2009,168,2025-05-31,156,299,143,0
2010,168,2025-06-30,299,297,0,2
2011,168,2025-07-31,297,297,0,0
2012,168,2025-08-31,297,295,0,2
2013,168,2025-09-30,295,295,0,0
2014,168,2025-10-31,295,295,0,0
2015,168,2025-11-30,295,295,0,0
2016,168,2025-12-31,295,295,0,0
2017,169,2025-01-31,174,173,0,1
2018,169,2025-02-28,173,173,0,0
2019,169,2025-03-31,173,170,0,3
2020,169,2025-04-30,170,170,0,0
2021,169,2025-05-31,170,170,0,0
2022,169,2025-06-30,170,168,0,2
2023,169,2025-07-31,168,259,91,0
2024,169,2025-08-31,259,256,0,3
2025,169,2025-09-30,256,328,72,0
2026,169,2025-10-31,328,328,0,0
2027,169,2025-11-30,328,328,0,0
2028,169,2025-12-31,328,454,126,0
2029,170,2025-01-31,103,198,95,0
2030,170,2025-02-28,198,194,0,4
2031,170,2025-03-31,194,280,86,0
2032,170,2025-04-30,280,378,98,0
2033,170,2025-05-31,378,377,0,1
2034,170,2025-06-30,377,376,0,1
2035,170,2025-07-31,376,376,0,0
2036,170,2025-08-31,376,472,96,0
2037,170,2025-09-30,472,549,82,5
2038,170,2025-10-31,549,547,0,2
2039,170,2025-11-30,547,686,139,0
2040,170,2025-12-31,686,686,0,0
2041,171,2025-01-31,218,218,0,0
2042,171,2025-02-28,218,218,0,0
2043,171,2025-03-31,218,218,0,0
2044,171,2025-04-30,218,218,0,0
2045,171,2025-05-31,218,218,0,0
2046,171,2025-06-30,218,215,0,3
2047,171,2025-07-31,215,215,0,0
2048,171,2025-08-31,215,268,53,0
2049,171,2025-09-30,268,268,0,0
2050,171,2025-10-31,268,268,0,0
2051,171,2025-11-30,268,265,0,3
2052,171,2025-12-31,265,265,0,0
2053,172,2025-01-31,209,209,0,0
2054,172,2025-02-28,209,207,0,2
2055,172,2025-03-31,207,319,112,0
2056,172,2025-04-30,319,316,0,3
2057,172,2025-05-31,316,316,0,0
2058,172,2025-06-30,316,315,0,1
2059,172,2025-07-31,315,312,0,3
2060,172,2025-08-31,312,311,0,1
2061,172,2025-09-30,311,311,0,0
2062,172,2025-10-31,311,309,0,2
2063,172,2025-11-30,309,400,91,0
2064,172,2025-12-31,400,398,0,2
2065,173,2025-01-31,171,170,0,1
2066,173,2025-02-28,170,169,0,1
2067,173,2025-03-31,169,168,0,1
2068,173,2025-04-30,168,167,0,1
2069,173,2025-05-31,167,164,0,3
2070,173,2025-06-30,164,163,0,1
2071,173,2025-07-31,163,162,0,1
2072,173,2025-08-31,162,162,0,0
2073,173,2025-09-30,162,160,0,2
2074,173,2025-10-31,160,160,0,0
2075,173,2025-11-30,160,158,0,2
2076,173,2025-12-31,158,158,0,0
2077,174,2025-01-31,74,73,0,1
2078,174,2025-02-28,73,219,150,4
2079,174,2025-03-31,219,219,0,0
2080,174,2025-04-30,219,318,103,4
2081,174,2025-05-31,318,318,0,0
2082,174,2025-06-30,318,316,0,2
2083,174,2025-07-31,316,314,0,2
2084,174,2025-08-31,314,313,0,1
2085,174,2025-09-30,313,313,0,0
2086,174,2025-10-31,313,313,0,0
2087,174,2025-11-30,313,313,0,0
2088,174,2025-12-31,313,311,0,2
2089,175,2025-01-31,131,131,0,0
2090,175,2025-02-28,131,181,53,3
2091,175,2025-03-31,181,180,0,1
2092,175,2025-04-30,180,272,92,0
2093,175,2025-05-31,272,271,0,1
2094,175,2025-06-30,271,271,0,0
2095,175,2025-07-31,271,270,0,1
2096,175,2025-08-31,270,268,0,2
2097,175,2025-09-30,268,268,0,0
2098,175,2025-10-31,268,268,0,0
2099,175,2025-11-30,268,268,0,0
2100,175,2025-12-31,268,268,0,0
2101,176,2025-01-31,85,85,0,0
2102,176,2025-02-28,85,85,0,0
2103,176,2025-03-31,85,84,0,1
2104,176,2025-04-30,84,83,0,1
2105,176,2025-05-31,83,83,0,0
2106,176,2025-06-30,83,83,0,0
2107,176,2025-07-31,83,83,0,0
2108,176,2025-08-31,83,83,0,0
2109,176,2025-09-30,83,81,0,2
2110,176,2025-10-31,81,79,0,2
2111,176,2025-11-30,79,79,0,0
2112,176,2025-12-31,79,79,0,0
2113,177,2025-01-31,152,152,0,0
2114,177,2025-02-28,152,152,0,0
2115,177,2025-03-31,152,152,0,0
2116,177,2025-04-30,152,151,0,1
2117,177,2025-05-31,151,151,0,0
2118,177,2025-06-30,151,150,0,1
2119,177,2025-07-31,150,149,0,1
2120,177,2025-08-31,149,149,0,0
2121,177,2025-09-30,149,147,0,2
2122,177,2025-10-31,147,145,0,2
2123,177,2025-11-30,145,145,0,0
2124,177,2025-12-31,145,143,0,2
2125,178,2025-01-31,94,94,0,0
2126,178,2025-02-28,94,94,0,0
2127,178,2025-03-31,94,94,0,0
2128,178,2025-04-30,94,93,0,1
2129,178,2025-05-31,93,89,0,4
2130,178,2025-06-30,89,89,0,0
2131,178,2025-07-31,89,88,0,1
2132,178,2025-08-31,88,88,0,0
2133,178,2025-09-30,88,86,0,2
2134,178,2025-10-31,86,86,0,0
2135,178,2025-11-30,86,86,0,0
2136,178,2025-12-31,86,83,0,3
2137,179,2025-01-31,64,63,0,1
2138,179,2025-02-28,63,62,0,1
2139,179,2025-03-31,62,62,0,0
2140,179,2025-04-30,62,62,0,0
2141,179,2025-05-31,62,60,0,2
2142,179,2025-06-30,60,60,0,0
2143,179,2025-07-31,60,139,84,5
2144,179,2025-08-31,139,138,0,1
2145,179,2025-09-30,138,138,0,0
2146,179,2025-10-31,138,258,120,0
2147,179,2025-11-30,258,258,0,0
2148,179,2025-12-31,258,348,90,0
2149,180,2025-01-31,110,110,0,0
2150,180,2025-02-28,110,110,0,0
2151,180,2025-03-31,110,179,71,2
2152,180,2025-04-30,179,269,91,1
2153,180,2025-05-31,269,267,0,2
2154,180,2025-06-30,267,267,0,0
2155,180,2025-07-31,267,267,0,0
2156,180,2025-08-31,267,378,114,3
2157,180,2025-09-30,378,378,0,0
2158,180,2025-10-31,378,375,0,3
2159,180,2025-11-30,375,375,0,0
2160,180,2025-12-31,375,526,151,0
2161,181,2025-01-31,125,124,0,1
2162,181,2025-02-28,124,191,68,1
2163,181,2025-03-31,191,191,0,0
2164,181,2025-04-30,191,188,0,3
2165,181,2025-05-31,188,188,0,0
2166,181,2025-06-30,188,186,0,2
2167,181,2025-07-31,186,186,0,0
2168,181,2025-08-31,186,186,0,0
2169,181,2025-09-30,186,335,149,0
2170,181,2025-10-31,335,332,0,3
2171,181,2025-11-30,332,332,0,0
2172,181,2025-12-31,332,331,0,1
2173,182,2025-01-31,183,183,0,0
2174,182,2025-02-28,183,183,0,0
2175,182,2025-03-31,183,267,85,1
2176,182,2025-04-30,267,266,0,1
2177,182,2025-05-31,266,370,104,0
2178,182,2025-06-30,370,370,0,0
2179,182,2025-07-31,370,520,154,4
2180,182,2025-08-31,520,519,0,1
2181,182,2025-09-30,519,517,0,2
2182,182,2025-10-31,517,592,76,1
2183,182,2025-11-30,592,587,0,5
2184,182,2025-12-31,587,730,143,0
2185,183,2025-01-31,211,365,155,1
2186,183,2025-02-28,365,466,101,0
2187,183,2025-03-31,466,556,91,1
2188,183,2025-04-30,556,556,0,0
2189,183,2025-05-31,556,556,0,0
2190,183,2025-06-30,556,554,0,2
2191,183,2025-07-31,554,550,0,4
2192,183,2025-08-31,550,548,0,2
2193,183,2025-09-30,548,547,0,1
2194,183,2025-10-31,547,545,0,2
2195,183,2025-11-30,545,545,0,0
2196,183,2025-12-31,545,545,0,0
2197,184,2025-01-31,162,162,0,0
2198,184,2025-02-28,162,162,0,0
2199,184,2025-03-31,162,160,0,2
2200,184,2025-04-30,160,160,0,0
2201,184,2025-05-31,160,160,0,0
2202,184,2025-06-30,160,211,55,4
2203,184,2025-07-31,211,211,0,0
2204,184,2025-08-31,211,210,0,1
2205,184,2025-09-30,210,347,137,0
2206,184,2025-10-31,347,478,131,0
2207,184,2025-11-30,478,478,0,0
2208,184,2025-12-31,478,478,0,0
2209,185,2025-01-31,131,131,0,0
2210,185,2025-02-28,131,131,0,0
2211,185,2025-03-31,131,131,0,0
2212,185,2025-04-30,131,131,0,0
2213,185,2025-05-31,131,131,0,0
2214,185,2025-06-30,131,131,0,0
2215,185,2025-07-31,131,130,0,1
2216,185,2025-08-31,130,130,0,0
2217,185,2025-09-30,130,130,0,0
2218,185,2025-10-31,130,173,48,5
2219,185,2025-11-30,173,173,0,0
2220,185,2025-12-31,173,254,81,0
2221,186,2025-01-31,174,218,44,0
2222,186,2025-02-28,218,218,0,0
2223,186,2025-03-31,218,218,0,0
2224,186,2025-04-30,218,218,0,0
2225,186,2025-05-31,218,218,0,0
2226,186,2025-06-30,218,218,0,0
2227,186,2025-07-31,218,218,0,0
2228,186,2025-08-31,218,265,47,0
2229,186,2025-09-30,265,263,0,2
2230,186,2025-10-31,263,263,0,0
2231,186,2025-11-30,263,378,118,3
2232,186,2025-12-31,378,378,0,0
2233,187,2025-01-31,73,72,0,1
2234,187,2025-02-28,72,72,0,0
2235,187,2025-03-31,72,72,0,0
2236,187,2025-04-30,72,69,0,3
2237,187,2025-05-31,69,69,0,0
2238,187,2025-06-30,69,68,0,1
2239,187,2025-07-31,68,214,147,1
2240,187,2025-08-31,214,213,0,1
2241,187,2025-09-30,213,326,114,1
2242,187,2025-10-31,326,326,0,0
2243,187,2025-11-30,326,325,0,1
2244,187,2025-12-31,325,325,0,0
2245,188,2025-01-31,79,79,0,0
2246,188,2025-02-28,79,79,0,0
2247,188,2025-03-31,79,79,0,0
2248,188,2025-04-30,79,78,0,1
2249,188,2025-05-31,78,76,0,2
2250,188,2025-06-30,76,213,137,0
2251,188,2025-07-31,213,213,0,0
2252,188,2025-08-31,213,353,140,0
2253,188,2025-09-30,353,353,0,0
2254,188,2025-10-31,353,396,43,0
2255,188,2025-11-30,396,538,142,0
2256,188,2025-12-31,538,537,0,1
2257,189,2025-01-31,62,109,50,3
2258,189,2025-02-28,109,109,0,0
2259,189,2025-03-31,109,109,0,0
2260,189,2025-04-30,109,109,0,0
2261,189,2025-05-31,109,109,0,0
2262,189,2025-06-30,109,109,0,0
2263,189,2025-07-31,109,109,0,0
2264,189,2025-08-31,109,109,0,0
2265,189,2025-09-30,109,108,0,1
2266,189,2025-10-31,108,105,0,3
2267,189,2025-11-30,105,99,0,6
2268,189,2025-12-31,99,97,0,2
2269,190,2025-01-31,119,119,0,0
2270,190,2025-02-28,119,219,101,1
2271,190,2025-03-31,219,219,0,0
2272,190,2025-04-30,219,217,0,2
2273,190,2025-05-31,217,216,0,1
2274,190,2025-06-30,216,213,0,3
2275,190,2025-07-31,213,338,125,0
2276,190,2025-08-31,338,336,0,2
2277,190,2025-09-30,336,336,0,0
2278,190,2025-10-31,336,336,0,0
2279,190,2025-11-30,336,335,0,1
2280,190,2025-12-31,335,332,0,3
2281,191,2025-01-31,87,87,0,0
2282,191,2025-02-28,87,87,0,0
2283,191,2025-03-31,87,87,0,0
2284,191,2025-04-30,87,87,0,0
2285,191,2025-05-31,87,212,125,0
2286,191,2025-06-30,212,209,0,3
2287,191,2025-07-31,209,209,0,0
2288,191,2025-08-31,209,272,64,1
2289,191,2025-09-30,272,272,0,0
2290,191,2025-10-31,272,272,0,0
2291,191,2025-11-30,272,272,0,0
2292,191,2025-12-31,272,272,0,0
2293,192,2025-01-31,177,177,0,0
2294,192,2025-02-28,177,307,130,0
2295,192,2025-03-31,307,307,0,0
2296,192,2025-04-30,307,306,0,1
2297,192,2025-05-31,306,306,0,0
2298,192,2025-06-30,306,392,86,0
2299,192,2025-07-31,392,391,0,1
2300,192,2025-08-31,391,388,0,3
2301,192,2025-09-30,388,388,0,0
2302,192,2025-10-31,388,388,0,0
2303,192,2025-11-30,388,387,0,1
2304,192,2025-12-31,387,427,43,3
2305,193,2025-01-31,60,60,0,0
2306,193,2025-02-28,60,60,0,0
2307,193,2025-03-31,60,59,0,1
2308,193,2025-04-30,59,58,0,1
2309,193,2025-05-31,58,163,105,0
2310,193,2025-06-30,163,163,0,0
2311,193,2025-07-31,163,163,0,0
2312,193,2025-08-31,163,163,0,0
2313,193,2025-09-30,163,162,0,1
2314,193,2025-10-31,162,161,0,1
2315,193,2025-11-30,161,161,0,0
2316,193,2025-12-31,161,249,90,2
2317,194,2025-01-31,204,204,0,0
2318,194,2025-02-28,204,204,0,0
2319,194,2025-03-31,204,271,67,0
2320,194,2025-04-30,271,268,0,3
2321,194,2025-05-31,268,361,95,2
2322,194,2025-06-30,361,361,0,0
2323,194,2025-07-31,361,361,0,0
2324,194,2025-08-31,361,361,0,0
2325,194,2025-09-30,361,361,0,0
2326,194,2025-10-31,361,361,0,0
2327,194,2025-11-30,361,359,0,2
2328,194,2025-12-31,359,359,0,0
2329,195,2025-01-31,159,159,0,0
2330,195,2025-02-28,159,159,0,0
2331,195,2025-03-31,159,159,0,0
2332,195,2025-04-30,159,159,0,0
2333,195,2025-05-31,159,159,0,0
2334,195,2025-06-30,159,158,0,1
2335,195,2025-07-31,158,158,0,0
2336,195,2025-08-31,158,158,0,0
2337,195,2025-09-30,158,158,0,0
2338,195,2025-10-31,158,158,0,0
2339,195,2025-11-30,158,157,0,1
2340,195,2025-12-31,157,155,0,2
2341,196,2025-01-31,73,73,0,0
2342,196,2025-02-28,73,73,0,0
2343,196,2025-03-31,73,73,0,0
2344,196,2025-04-30,73,73,0,0
2345,196,2025-05-31,73,67,0,6
2346,196,2025-06-30,67,206,139,0
2347,196,2025-07-31,206,205,0,1
2348,196,2025-08-31,205,205,0,0
2349,196,2025-09-30,205,205,0,0
2350,196,2025-10-31,205,203,0,2
2351,196,2025-11-30,203,203,0,0
2352,196,2025-12-31,203,202,0,1
2353,197,2025-01-31,103,103,0,0
2354,197,2025-02-28,103,200,97,0
2355,197,2025-03-31,200,295,96,1
2356,197,2025-04-30,295,295,0,0
2357,197,2025-05-31,295,295,0,0
2358,197,2025-06-30,295,295,0,0
2359,197,2025-07-31,295,295,0,0
2360,197,2025-08-31,295,295,0,0
2361,197,2025-09-30,295,291,0,4
2362,197,2025-10-31,291,290,0,1
2363,197,2025-11-30,290,288,0,2
2364,197,2025-12-31,288,288,0,0
2365,198,2025-01-31,158,158,0,0
2366,198,2025-02-28,158,158,0,0
2367,198,2025-03-31,158,158,0,0
2368,198,2025-04-30,158,156,0,2
2369,198,2025-05-31,156,155,0,1
2370,198,2025-06-30,155,305,150,0
2371,198,2025-07-31,305,412,107,0
2372,198,2025-08-31,412,411,0,1
2373,198,2025-09-30,411,408,0,3
2374,198,2025-10-31,408,406,0,2
2375,198,2025-11-30,406,405,0,1
2376,198,2025-12-31,405,405,0,0
2377,199,2025-01-31,84,231,148,1
2378,199,2025-02-28,231,289,58,0
2379,199,2025-03-31,289,287,0,2
2380,199,2025-04-30,287,287,0,0
2381,199,2025-05-31,287,287,0,0
2382,199,2025-06-30,287,287,0,0
2383,199,2025-07-31,287,284,0,3
2384,199,2025-08-31,284,284,0,0
2385,199,2025-09-30,284,404,124,4
2386,199,2025-10-31,404,403,0,1
2387,199,2025-11-30,403,403,0,0
2388,199,2025-12-31,403,403,0,0
2389,200,2025-01-31,182,182,0,0
2390,200,2025-02-28,182,179,0,3
2391,200,2025-03-31,179,179,0,0
2392,200,2025-04-30,179,179,0,0
2393,200,2025-05-31,179,178,0,1
2394,200,2025-06-30,178,178,0,0
2395,200,2025-07-31,178,336,159,1
2396,200,2025-08-31,336,336,0,0
2397,200,2025-09-30,336,336,0,0
2398,200,2025-10-31,336,334,0,2
2399,200,2025-11-30,334,334,0,0
2400,200,2025-12-31,334,392,58,0
2401,201,2025-01-31,138,135,0,3
2402,201,2025-02-28,135,135,0,0
2403,201,2025-03-31,135,134,0,1
2404,201,2025-04-30,134,196,66,4
2405,201,2025-05-31,196,195,0,1
2406,201,2025-06-30,195,195,0,0
2407,201,2025-07-31,195,190,0,5
2408,201,2025-08-31,190,189,0,1
2409,201,2025-09-30,189,189,0,0
2410,201,2025-10-31,189,187,0,2
2411,201,2025-11-30,187,187,0,0
2412,201,2025-12-31,187,232,45,0
2413,202,2025-01-31,86,86,0,0
2414,202,2025-02-28,86,86,0,0
2415,202,2025-03-31,86,82,0,4
2416,202,2025-04-30,82,79,0,3
2417,202,2025-05-31,79,156,77,0
2418,202,2025-06-30,156,156,0,0
2419,202,2025-07-31,156,155,0,1
2420,202,2025-08-31,155,155,0,0
2421,202,2025-09-30,155,281,126,0
2422,202,2025-10-31,281,281,0,0
2423,202,2025-11-30,281,279,0,2
2424,202,2025-12-31,279,279,0,0
2425,203,2025-01-31,131,217,86,0
2426,203,2025-02-28,217,217,0,0
2427,203,2025-03-31,217,216,0,1
2428,203,2025-04-30,216,282,66,0
2429,203,2025-05-31,282,320,40,2
2430,203,2025-06-30,320,319,0,1
2431,203,2025-07-31,319,319,0,0
2432,203,2025-08-31,319,319,0,0
2433,203,2025-09-30,319,370,51,0
2434,203,2025-10-31,370,368,0,2
2435,203,2025-11-30,368,368,0,0
2436,203,2025-12-31,368,368,0,0
2437,204,2025-01-31,213,213,0,0
2438,204,2025-02-28,213,213,0,0
2439,204,2025-03-31,213,209,0,4
2440,204,2025-04-30,209,208,0,1
2441,204,2025-05-31,208,208,0,0
2442,204,2025-06-30,208,204,0,4
2443,204,2025-07-31,204,202,0,2
2444,204,2025-08-31,202,202,0,0
2445,204,2025-09-30,202,246,48,4
2446,204,2025-10-31,246,330,84,0
2447,204,2025-11-30,330,330,0,0
2448,204,2025-12-31,330,330,0,0
2449,205,2025-01-31,95,94,0,1
2450,205,2025-02-28,94,91,0,3
2451,205,2025-03-31,91,91,0,0
2452,205,2025-04-30,91,91,0,0
2453,205,2025-05-31,91,91,0,0
2454,205,2025-06-30,91,91,0,0
2455,205,2025-07-31,91,90,0,1
2456,205,2025-08-31,90,90,0,0
2457,205,2025-09-30,90,90,0,0
2458,205,2025-10-31,90,90,0,0
2459,205,2025-11-30,90,90,0,0
2460,205,2025-12-31,90,87,0,3
2461,206,2025-01-31,132,129,0,3
2462,206,2025-02-28,129,129,0,0
2463,206,2025-03-31,129,126,0,3
2464,206,2025-04-30,126,123,0,3
2465,206,2025-05-31,123,209,86,0
2466,206,2025-06-30,209,209,0,0
2467,206,2025-07-31,209,209,0,0
2468,206,2025-08-31,209,209,0,0
2469,206,2025-09-30,209,209,0,0
2470,206,2025-10-31,209,209,0,0
2471,206,2025-11-30,209,207,0,2
2472,206,2025-12-31,207,207,0,0
2473,207,2025-01-31,205,205,0,0
2474,207,2025-02-28,205,299,97,3
2475,207,2025-03-31,299,412,113,0
2476,207,2025-04-30,412,410,0,2
2477,207,2025-05-31,410,409,0,1
2478,207,2025-06-30,409,560,151,0
2479,207,2025-07-31,560,560,0,0
2480,207,2025-08-31,560,560,0,0
2481,207,2025-09-30,560,559,0,1
2482,207,2025-10-31,559,559,0,0
2483,207,2025-11-30,559,559,0,0
2484,207,2025-12-31,559,559,0,0
2485,208,2025-01-31,210,210,0,0
2486,208,2025-02-28,210,210,0,0
2487,208,2025-03-31,210,209,0,1
2488,208,2025-04-30,209,208,0,1
2489,208,2025-05-31,208,208,0,0
2490,208,2025-06-30,208,208,0,0
2491,208,2025-07-31,208,207,0,1
2492,208,2025-08-31,207,207,0,0
2493,208,2025-09-30,207,206,0,1
2494,208,2025-10-31,206,206,0,0
2495,208,2025-11-30,206,206,0,0
2496,208,2025-12-31,206,201,0,5
2497,209,2025-01-31,214,342,128,0
2498,209,2025-02-28,342,432,93,3
2499,209,2025-03-31,432,430,0,2
2500,209,2025-04-30,430,430,0,0
2501,209,2025-05-31,430,428,0,2
2502,209,2025-06-30,428,428,0,0
2503,209,2025-07-31,428,428,0,0
2504,209,2025-08-31,428,427,0,1
2505,209,2025-09-30,427,427,0,0
2506,209,2025-10-31,427,425,0,2
2507,209,2025-11-30,425,420,0,5
2508,209,2025-12-31,420,550,130,0
2509,210,2025-01-31,81,81,0,0
2510,210,2025-02-28,81,81,0,0
2511,210,2025-03-31,81,80,0,1
2512,210,2025-04-30,80,80,0,0
2513,210,2025-05-31,80,80,0,0
2514,210,2025-06-30,80,79,0,1
2515,210,2025-07-31,79,134,57,2
2516,210,2025-08-31,134,213,82,3
2517,210,2025-09-30,213,213,0,0
2518,210,2025-10-31,213,213,0,0
2519,210,2025-11-30,213,282,69,0
2520,210,2025-12-31,282,281,0,1
2521,211,2025-01-31,94,94,0,0
2522,211,2025-02-28,94,94,0,0
2523,211,2025-03-31,94,92,0,2
2524,211,2025-04-30,92,90,0,2
2525,211,2025-05-31,90,88,0,2
2526,211,2025-06-30,88,88,0,0
2527,211,2025-07-31,88,88,0,0
2528,211,2025-08-31,88,88,0,0
2529,211,2025-09-30,88,88,0,0
2530,211,2025-10-31,88,83,0,5
2531,211,2025-11-30,83,80,0,3
2532,211,2025-12-31,80,184,104,0
2533,212,2025-01-31,177,175,0,2
2534,212,2025-02-28,175,175,0,0
2535,212,2025-03-31,175,175,0,0
2536,212,2025-04-30,175,305,130,0
2537,212,2025-05-31,305,301,0,4
2538,212,2025-06-30,301,299,0,2
2539,212,2025-07-31,299,299,0,0
2540,212,2025-08-31,299,299,0,0
2541,212,2025-09-30,299,298,0,1
2542,212,2025-10-31,298,298,0,0
2543,212,2025-11-30,298,298,0,0
2544,212,2025-12-31,298,297,0,1
2545,213,2025-01-31,178,177,0,1
2546,213,2025-02-28,177,177,0,0
2547,213,2025-03-31,177,283,106,0
2548,213,2025-04-30,283,283,0,0
2549,213,2025-05-31,283,283,0,0
2550,213,2025-06-30,283,283,0,0
2551,213,2025-07-31,283,282,0,1
2552,213,2025-08-31,282,282,0,0
2553,213,2025-09-30,282,282,0,0
2554,213,2025-10-31,282,282,0,0
2555,213,2025-11-30,282,282,0,0
2556,213,2025-12-31,282,282,0,0
2557,214,2025-01-31,106,104,0,2
2558,214,2025-02-28,104,104,0,0
2559,214,2025-03-31,104,103,0,1
2560,214,2025-04-30,103,180,77,0
2561,214,2025-05-31,180,180,0,0
2562,214,2025-06-30,180,180,0,0
2563,214,2025-07-31,180,178,0,2
2564,214,2025-08-31,178,177,0,1
2565,214,2025-09-30,177,177,0,0
2566,214,2025-10-31,177,172,0,5
2567,214,2025-11-30,172,265,96,3
2568,214,2025-12-31,265,265,0,0
2569,215,2025-01-31,187,186,0,1
2570,215,2025-02-28,186,186,0,0
2571,215,2025-03-31,186,186,0,0
2572,215,2025-04-30,186,290,106,2
2573,215,2025-05-31,290,288,0,2
2574,215,2025-06-30,288,288,0,0
2575,215,2025-07-31,288,288,0,0
2576,215,2025-08-31,288,288,0,0
2577,215,2025-09-30,288,288,0,0
2578,215,2025-10-31,288,287,0,1
2579,215,2025-11-30,287,287,0,0
2580,215,2025-12-31,287,287,0,0
2581,216,2025-01-31,210,210,0,0
2582,216,2025-02-28,210,345,135,0
2583,216,2025-03-31,345,345,0,0
2584,216,2025-04-30,345,345,0,0
2585,216,2025-05-31,345,345,0,0
2586,216,2025-06-30,345,345,0,0
2587,216,2025-07-31,345,431,86,0
2588,216,2025-08-31,431,431,0,0
2589,216,2025-09-30,431,429,0,2
2590,216,2025-10-31,429,427,0,2
2591,216,2025-11-30,427,427,0,0
2592,216,2025-12-31,427,427,0,0
2593,217,2025-01-31,148,148,0,0
2594,217,2025-02-28,148,143,0,5
2595,217,2025-03-31,143,143,0,0
2596,217,2025-04-30,143,295,154,2
2597,217,2025-05-31,295,295,0,0
2598,217,2025-06-30,295,295,0,0
2599,217,2025-07-31,295,293,0,2
2600,217,2025-08-31,293,293,0,0
2601,217,2025-09-30,293,431,138,0
2602,217,2025-10-31,431,523,95,3
2603,217,2025-11-30,523,523,0,0
2604,217,2025-12-31,523,521,0,2
2605,218,2025-01-31,91,171,82,2
2606,218,2025-02-28,171,169,0,2
2607,218,2025-03-31,169,273,104,0
2608,218,2025-04-30,273,349,76,0
2609,218,2025-05-31,349,349,0,0
2610,218,2025-06-30,349,348,0,1
2611,218,2025-07-31,348,348,0,0
2612,218,2025-08-31,348,347,0,1
2613,218,2025-09-30,347,419,72,0
2614,218,2025-10-31,419,419,0,0
2615,218,2025-11-30,419,417,0,2
2616,218,2025-12-31,417,416,0,1
2617,219,2025-01-31,215,215,0,0
2618,219,2025-02-28,215,215,0,0
2619,219,2025-03-31,215,214,0,1
2620,219,2025-04-30,214,214,0,0
2621,219,2025-05-31,214,214,0,0
2622,219,2025-06-30,214,212,0,2
2623,219,2025-07-31,212,211,0,1
2624,219,2025-08-31,211,255,44,0
2625,219,2025-09-30,255,255,0,0
2626,219,2025-10-31,255,252,0,3
2627,219,2025-11-30,252,250,0,2
2628,219,2025-12-31,250,307,58,1
2629,220,2025-01-31,147,147,0,0
2630,220,2025-02-28,147,147,0,0
2631,220,2025-03-31,147,147,0,0
2632,220,2025-04-30,147,237,90,0
2633,220,2025-05-31,237,234,0,3
2634,220,2025-06-30,234,233,0,1
2635,220,2025-07-31,233,383,150,0
2636,220,2025-08-31,383,382,0,1
2637,220,2025-09-30,382,381,0,1
2638,220,2025-10-31,381,461,80,0
2639,220,2025-11-30,461,461,0,0
2640,220,2025-12-31,461,460,0,1
2641,221,2025-01-31,209,209,0,0
2642,221,2025-02-28,209,206,0,3
2643,221,2025-03-31,206,206,0,0
2644,221,2025-04-30,206,206,0,0
2645,221,2025-05-31,206,275,70,1
2646,221,2025-06-30,275,275,0,0
2647,221,2025-07-31,275,330,55,0
2648,221,2025-08-31,330,466,136,0
2649,221,2025-09-30,466,465,0,1
2650,221,2025-10-31,465,465,0,0
2651,221,2025-11-30,465,464,0,1
2652,221,2025-12-31,464,464,0,0
2653,222,2025-01-31,145,144,0,1
2654,222,2025-02-28,144,143,0,1
2655,222,2025-03-31,143,141,0,2
2656,222,2025-04-30,141,298,157,0
2657,222,2025-05-31,298,448,151,1
2658,222,2025-06-30,448,448,0,0
2659,222,2025-07-31,448,447,0,1
2660,222,2025-08-31,447,447,0,0
2661,222,2025-09-30,447,447,0,0
2662,222,2025-10-31,447,444,0,3
2663,222,2025-11-30,444,441,0,3
2664,222,2025-12-31,441,441,0,0
2665,223,2025-01-31,206,206,0,0
2666,223,2025-02-28,206,206,0,0
2667,223,2025-03-31,206,205,0,1
2668,223,2025-04-30,205,203,0,2
2669,223,2025-05-31,203,203,0,0
2670,223,2025-06-30,203,199,0,4
2671,223,2025-07-31,199,199,0,0
2672,223,2025-08-31,199,199,0,0
2673,223,2025-09-30,199,199,0,0
2674,223,2025-10-31,199,260,61,0
2675,223,2025-11-30,260,258,0,2
2676,223,2025-12-31,258,394,138,2
2677,224,2025-01-31,74,74,0,0
2678,224,2025-02-28,74,73,0,1
2679,224,2025-03-31,73,71,0,2
2680,224,2025-04-30,71,69,0,2
2681,224,2025-05-31,69,68,0,1
2682,224,2025-06-30,68,65,0,3
2683,224,2025-07-31,65,65,0,0
2684,224,2025-08-31,65,65,0,0
2685,224,2025-09-30,65,138,73,0
2686,224,2025-10-31,138,136,0,2
2687,224,2025-11-30,136,136,0,0
2688,224,2025-12-31,136,136,0,0
2689,225,2025-01-31,153,153,0,0
2690,225,2025-02-28,153,152,0,1
2691,225,2025-03-31,152,152,0,0
2692,225,2025-04-30,152,149,0,3
2693,225,2025-05-31,149,149,0,0
2694,225,2025-06-30,149,149,0,0
2695,225,2025-07-31,149,210,61,0
2696,225,2025-08-31,210,210,0,0
2697,225,2025-09-30,210,333,123,0
2698,225,2025-10-31,333,398,66,1
2699,225,2025-11-30,398,550,156,4
2700,225,2025-12-31,550,550,0,0
2701,226,2025-01-31,131,129,0,2
2702,226,2025-02-28,129,129,0,0
2703,226,2025-03-31,129,128,0,1
2704,226,2025-04-30,128,128,0,0
2705,226,2025-05-31,128,128,0,0
2706,226,2025-06-30,128,128,0,0
2707,226,2025-07-31,128,125,0,3
2708,226,2025-08-31,125,125,0,0
2709,226,2025-09-30,125,122,0,3
2710,226,2025-10-31,122,122,0,0
2711,226,2025-11-30,122,120,0,2
2712,226,2025-12-31,120,120,0,0
2713,227,2025-01-31,104,104,0,0
2714,227,2025-02-28,104,104,0,0
2715,227,2025-03-31,104,104,0,0
2716,227,2025-04-30,104,212,108,0
2717,227,2025-05-31,212,212,0,0
2718,227,2025-06-30,212,206,0,6
2719,227,2025-07-31,206,205,0,1
2720,227,2025-08-31,205,200,0,5
2721,227,2025-09-30,200,200,0,0
2722,227,2025-10-31,200,199,0,1
2723,227,2025-11-30,199,199,0,0
2724,227,2025-12-31,199,199,0,0
2725,228,2025-01-31,91,91,0,0
2726,228,2025-02-28,91,91,0,0
2727,228,2025-03-31,91,89,0,2
2728,228,2025-04-30,89,89,0,0
2729,228,2025-05-31,89,88,0,1
2730,228,2025-06-30,88,87,0,1
2731,228,2025-07-31,87,191,105,1
2732,228,2025-08-31,191,327,138,2
2733,228,2025-09-30,327,324,0,3
2734,228,2025-10-31,324,324,0,0
2735,228,2025-11-30,324,324,0,0
2736,228,2025-12-31,324,324,0,0
2737,229,2025-01-31,93,93,0,0
2738,229,2025-02-28,93,93,0,0
2739,229,2025-03-31,93,222,129,0
2740,229,2025-04-30,222,222,0,0
2741,229,2025-05-31,222,221,0,1
2742,229,2025-06-30,221,221,0,0
2743,229,2025-07-31,221,219,0,2
2744,229,2025-08-31,219,219,0,0
2745,229,2025-09-30,219,218,0,1
2746,229,2025-10-31,218,218,0,0
2747,229,2025-11-30,218,218,0,0
2748,229,2025-12-31,218,215,0,3
2749,230,2025-01-31,80,80,0,0
2750,230,2025-02-28,80,80,0,0
2751,230,2025-03-31,80,77,0,3
2752,230,2025-04-30,77,77,0,0
2753,230,2025-05-31,77,74,0,3
2754,230,2025-06-30,74,74,0,0
2755,230,2025-07-31,74,74,0,0
2756,230,2025-08-31,74,74,0,0
2757,230,2025-09-30,74,71,0,3
2758,230,2025-10-31,71,71,0,0
2759,230,2025-11-30,71,120,49,0
2760,230,2025-12-31,120,167,47,0
2761,231,2025-01-31,182,182,0,0
2762,231,2025-02-28,182,332,153,3
2763,231,2025-03-31,332,389,59,2
2764,231,2025-04-30,389,535,146,0
2765,231,2025-05-31,535,630,95,0
2766,231,2025-06-30,630,630,0,0
2767,231,2025-07-31,630,629,0,1
2768,231,2025-08-31,629,629,0,0
2769,231,2025-09-30,629,629,0,0
2770,231,2025-10-31,629,683,54,0
2771,231,2025-11-30,683,727,44,0
2772,231,2025-12-31,727,727,0,0
2773,232,2025-01-31,94,197,103,0
2774,232,2025-02-28,197,197,0,0
2775,232,2025-03-31,197,197,0,0
2776,232,2025-04-30,197,197,0,0
2777,232,2025-05-31,197,278,83,2
2778,232,2025-06-30,278,278,0,0
2779,232,2025-07-31,278,407,130,1
2780,232,2025-08-31,407,406,0,1
2781,232,2025-09-30,406,405,0,1
2782,232,2025-10-31,405,405,0,0
2783,232,2025-11-30,405,402,0,3
2784,232,2025-12-31,402,402,0,0
2785,233,2025-01-31,122,122,0,0
2786,233,2025-02-28,122,122,0,0
2787,233,2025-03-31,122,120,0,2
2788,233,2025-04-30,120,120,0,0
2789,233,2025-05-31,120,118,0,2
2790,233,2025-06-30,118,116,0,2
2791,233,2025-07-31,116,116,0,0
2792,233,2025-08-31,116,116,0,0
2793,233,2025-09-30,116,116,0,0
2794,233,2025-10-31,116,116,0,0
2795,233,2025-11-30,116,187,71,0
2796,233,2025-12-31,187,237,50,0
2797,234,2025-01-31,67,66,0,1
2798,234,2025-02-28,66,66,0,0
2799,234,2025-03-31,66,65,0,1
2800,234,2025-04-30,65,65,0,0
2801,234,2025-05-31,65,65,0,0
2802,234,2025-06-30,65,64,0,1
2803,234,2025-07-31,64,64,0,0
2804,234,2025-08-31,64,64,0,0
2805,234,2025-09-30,64,64,0,0
2806,234,2025-10-31,64,62,0,2
2807,234,2025-11-30,62,61,0,1
2808,234,2025-12-31,61,61,0,0
2809,235,2025-01-31,106,106,0,0
2810,235,2025-02-28,106,104,0,2
2811,235,2025-03-31,104,201,97,0
2812,235,2025-04-30,201,201,0,0
2813,235,2025-05-31,201,198,0,3
2814,235,2025-06-30,198,303,107,2
2815,235,2025-07-31,303,451,148,0
2816,235,2025-08-31,451,565,114,0
2817,235,2025-09-30,565,563,0,2
2818,235,2025-10-31,563,660,97,0
2819,235,2025-11-30,660,736,76,0
2820,235,2025-12-31,736,736,0,0
2821,236,2025-01-31,144,144,0,0
2822,236,2025-02-28,144,229,87,2
2823,236,2025-03-31,229,271,42,0
2824,236,2025-04-30,271,332,62,1
2825,236,2025-05-31,332,332,0,0
2826,236,2025-06-30,332,332,0,0
2827,236,2025-07-31,332,329,0,3
2828,236,2025-08-31,329,329,0,0
2829,236,2025-09-30,329,326,0,3
2830,236,2025-10-31,326,323,0,3
2831,236,2025-11-30,323,323,0,0
2832,236,2025-12-31,323,321,0,2
2833,237,2025-01-31,187,288,101,0
2834,237,2025-02-28,288,282,0,6
2835,237,2025-03-31,282,282,0,0
2836,237,2025-04-30,282,282,0,0
2837,237,2025-05-31,282,386,104,0
2838,237,2025-06-30,386,384,0,2
2839,237,2025-07-31,384,384,0,0
2840,237,2025-08-31,384,384,0,0
2841,237,2025-09-30,384,511,127,0
2842,237,2025-10-31,511,622,111,0
2843,237,2025-11-30,622,622,0,0
2844,237,2025-12-31,622,621,0,1
2845,238,2025-01-31,131,131,0,0
2846,238,2025-02-28,131,131,0,0
2847,238,2025-03-31,131,131,0,0
2848,238,2025-04-30,131,131,0,0
2849,238,2025-05-31,131,131,0,0
2850,238,2025-06-30,131,131,0,0
2851,238,2025-07-31,131,131,0,0
2852,238,2025-08-31,131,131,0,0
2853,238,2025-09-30,131,128,0,3
2854,238,2025-10-31,128,128,0,0
2855,238,2025-11-30,128,128,0,0
2856,238,2025-12-31,128,128,0,0
2857,239,2025-01-31,64,220,157,1
2858,239,2025-02-28,220,321,101,0
2859,239,2025-03-31,321,320,0,1
2860,239,2025-04-30,320,320,0,0
2861,239,2025-05-31,320,398,80,2
2862,239,2025-06-30,398,473,76,1
2863,239,2025-07-31,473,471,0,2
2864,239,2025-08-31,471,471,0,0
2865,239,2025-09-30,471,471,0,0
2866,239,2025-10-31,471,468,0,3
2867,239,2025-11-30,468,468,0,0
2868,239,2025-12-31,468,468,0,0
2869,240,2025-01-31,183,324,141,0
2870,240,2025-02-28,324,323,0,1
2871,240,2025-03-31,323,322,0,1
2872,240,2025-04-30,322,322,0,0
2873,240,2025-05-31,322,320,0,2
2874,240,2025-06-30,320,320,0,0
2875,240,2025-07-31,320,320,0,0
2876,240,2025-08-31,320,317,0,3
2877,240,2025-09-30,317,317,0,0
2878,240,2025-10-31,317,316,0,1
2879,240,2025-11-30,316,316,0,0
2880,240,2025-12-31,316,437,125,4
2881,241,2025-01-31,192,290,98,0
2882,241,2025-02-28,290,426,136,0
2883,241,2025-03-31,426,420,0,6
2884,241,2025-04-30,420,419,0,1
2885,241,2025-05-31,419,418,0,1
2886,241,2025-06-30,418,417,0,1
2887,241,2025-07-31,417,509,92,0
2888,241,2025-08-31,509,509,0,0
2889,241,2025-09-30,509,509,0,0
2890,241,2025-10-31,509,549,40,0
2891,241,2025-11-30,549,656,107,0
2892,241,2025-12-31,656,656,0,0
2893,242,2025-01-31,104,99,0,5
2894,242,2025-02-28,99,141,43,1
2895,242,2025-03-31,141,141,0,0
2896,242,2025-04-30,141,140,0,1
2897,242,2025-05-31,140,138,0,2
2898,242,2025-06-30,138,135,0,3
2899,242,2025-07-31,135,292,157,0
2900,242,2025-08-31,292,289,0,3
2901,242,2025-09-30,289,289,0,0
2902,242,2025-10-31,289,289,0,0
2903,242,2025-11-30,289,289,0,0
2904,242,2025-12-31,289,289,0,0
2905,243,2025-01-31,149,149,0,0
2906,243,2025-02-28,149,254,105,0
2907,243,2025-03-31,254,254,0,0
2908,243,2025-04-30,254,253,0,1
2909,243,2025-05-31,253,253,0,0
2910,243,2025-06-30,253,253,0,0
2911,243,2025-07-31,253,253,0,0
2912,243,2025-08-31,253,253,0,0
2913,243,2025-09-30,253,251,0,2
2914,243,2025-10-31,251,251,0,0
2915,243,2025-11-30,251,250,0,1
2916,243,2025-12-31,250,248,0,2
2917,244,2025-01-31,76,74,0,2
2918,244,2025-02-28,74,74,0,0
2919,244,2025-03-31,74,163,89,0
2920,244,2025-04-30,163,163,0,0
2921,244,2025-05-31,163,159,0,4
2922,244,2025-06-30,159,158,0,1
2923,244,2025-07-31,158,158,0,0
2924,244,2025-08-31,158,156,0,2
2925,244,2025-09-30,156,156,0,0
2926,244,2025-10-31,156,156,0,0
2927,244,2025-11-30,156,156,0,0
2928,244,2025-12-31,156,156,0,0
2929,245,2025-01-31,108,101,0,7
2930,245,2025-02-28,101,101,0,0
2931,245,2025-03-31,101,182,81,0
2932,245,2025-04-30,182,235,53,0
2933,245,2025-05-31,235,285,50,0
2934,245,2025-06-30,285,285,0,0
2935,245,2025-07-31,285,285,0,0
2936,245,2025-08-31,285,285,0,0
2937,245,2025-09-30,285,384,99,0
2938,245,2025-10-31,384,384,0,0
2939,245,2025-11-30,384,384,0,0
2940,245,2025-12-31,384,382,0,2
2941,246,2025-01-31,157,239,82,0
2942,246,2025-02-28,239,396,157,0
2943,246,2025-03-31,396,396,0,0
2944,246,2025-04-30,396,394,0,2
2945,246,2025-05-31,394,394,0,0
2946,246,2025-06-30,394,530,136,0
2947,246,2025-07-31,530,594,64,0
2948,246,2025-08-31,594,739,146,1
2949,246,2025-09-30,739,786,47,0
2950,246,2025-10-31,786,786,0,0
2951,246,2025-11-30,786,930,144,0
2952,246,2025-12-31,930,930,0,0
2953,247,2025-01-31,128,191,64,1
2954,247,2025-02-28,191,189,0,2
2955,247,2025-03-31,189,189,0,0
2956,247,2025-04-30,189,189,0,0
2957,247,2025-05-31,189,189,0,0
2958,247,2025-06-30,189,188,0,1
2959,247,2025-07-31,188,187,0,1
2960,247,2025-08-31,187,187,0,0
2961,247,2025-09-30,187,187,0,0
2962,247,2025-10-31,187,185,0,2
2963,247,2025-11-30,185,183,0,2
2964,247,2025-12-31,183,180,0,3
2965,248,2025-01-31,162,162,0,0
2966,248,2025-02-28,162,160,0,2
2967,248,2025-03-31,160,255,95,0
2968,248,2025-04-30,255,254,0,1
2969,248,2025-05-31,254,254,0,0
2970,248,2025-06-30,254,254,0,0
2971,248,2025-07-31,254,250,0,4
2972,248,2025-08-31,250,249,0,1
2973,248,2025-09-30,249,249,0,0
2974,248,2025-10-31,249,249,0,0
2975,248,2025-11-30,249,245,0,4
2976,248,2025-12-31,245,245,0,0
2977,249,2025-01-31,75,216,144,3
2978,249,2025-02-28,216,301,85,0
2979,249,2025-03-31,301,298,0,3
2980,249,2025-04-30,298,298,0,0
2981,249,2025-05-31,298,298,0,0
2982,249,2025-06-30,298,298,0,0
2983,249,2025-07-31,298,298,0,0
2984,249,2025-08-31,298,297,0,1
2985,249,2025-09-30,297,296,0,1
2986,249,2025-10-31,296,296,0,0
2987,249,2025-11-30,296,296,0,0
2988,249,2025-12-31,296,296,0,0
2989,250,2025-01-31,106,105,0,1
2990,250,2025-02-28,105,153,51,3
2991,250,2025-03-31,153,153,0,0
2992,250,2025-04-30,153,153,0,0
2993,250,2025-05-31,153,153,0,0
2994,250,2025-06-30,153,246,94,1
2995,250,2025-07-31,246,246,0,0
2996,250,2025-08-31,246,244,0,2
2997,250,2025-09-30,244,242,0,2
2998,250,2025-10-31,242,242,0,0
2999,250,2025-11-30,242,242,0,0
3000,250,2025-12-31,242,242,0,0
3001,251,2025-01-31,191,191,0,0
3002,251,2025-02-28,191,191,0,0
3003,251,2025-03-31,191,191,0,0
3004,251,2025-04-30,191,190,0,1
3005,251,2025-05-31,190,190,0,0
3006,251,2025-06-30,190,190,0,0
3007,251,2025-07-31,190,188,0,2
3008,251,2025-08-31,188,185,0,3
3009,251,2025-09-30,185,184,0,1
3010,251,2025-10-31,184,184,0,0
3011,251,2025-11-30,184,184,0,0
3012,251,2025-12-31,184,184,0,0
3013,252,2025-01-31,84,84,0,0
3014,252,2025-02-28,84,83,0,1
3015,252,2025-03-31,83,83,0,0
3016,252,2025-04-30,83,83,0,0
3017,252,2025-05-31,83,83,0,0
3018,252,2025-06-30,83,83,0,0
3019,252,2025-07-31,83,236,155,2
3020,252,2025-08-31,236,338,104,2
3021,252,2025-09-30,338,338,0,0
3022,252,2025-10-31,338,386,48,0
3023,252,2025-11-30,386,382,0,4
3024,252,2025-12-31,382,382,0,0
3025,253,2025-01-31,110,108,0,2
3026,253,2025-02-28,108,107,0,1
3027,253,2025-03-31,107,163,56,0
3028,253,2025-04-30,163,163,0,0
3029,253,2025-05-31,163,163,0,0
3030,253,2025-06-30,163,162,0,1
3031,253,2025-07-31,162,161,0,1
3032,253,2025-08-31,161,161,0,0
3033,253,2025-09-30,161,161,0,0
3034,253,2025-10-31,161,285,124,0
3035,253,2025-11-30,285,285,0,0
3036,253,2025-12-31,285,285,0,0
3037,254,2025-01-31,94,92,0,2
3038,254,2025-02-28,92,175,85,2
3039,254,2025-03-31,175,175,0,0
3040,254,2025-04-30,175,173,0,2
3041,254,2025-05-31,173,173,0,0
3042,254,2025-06-30,173,171,0,2
3043,254,2025-07-31,171,170,0,1
3044,254,2025-08-31,170,169,0,1
3045,254,2025-09-30,169,169,0,0
3046,254,2025-10-31,169,169,0,0
3047,254,2025-11-30,169,169,0,0
3048,254,2025-12-31,169,168,0,1
3049,255,2025-01-31,216,213,0,3
3050,255,2025-02-28,213,210,0,3
3051,255,2025-03-31,210,210,0,0
3052,255,2025-04-30,210,299,89,0
3053,255,2025-05-31,299,299,0,0
3054,255,2025-06-30,299,297,0,2
3055,255,2025-07-31,297,441,144,0
3056,255,2025-08-31,441,440,0,1
3057,255,2025-09-30,440,440,0,0
3058,255,2025-10-31,440,499,59,0
3059,255,2025-11-30,499,498,0,1
3060,255,2025-12-31,498,498,0,0
3061,256,2025-01-31,166,166,0,0
3062,256,2025-02-28,166,166,0,0
3063,256,2025-03-31,166,254,88,0
3064,256,2025-04-30,254,374,122,2
3065,256,2025-05-31,374,483,111,2
3066,256,2025-06-30,483,483,0,0
3067,256,2025-07-31,483,482,0,1
3068,256,2025-08-31,482,482,0,0
3069,256,2025-09-30,482,482,0,0
3070,256,2025-10-31,482,482,0,0
3071,256,2025-11-30,482,539,57,0
3072,256,2025-12-31,539,536,0,3
3073,257,2025-01-31,145,144,0,1
3074,257,2025-02-28,144,255,111,0
3075,257,2025-03-31,255,394,139,0
3076,257,2025-04-30,394,391,0,3
3077,257,2025-05-31,391,391,0,0
3078,257,2025-06-30,391,388,0,3
3079,257,2025-07-31,388,388,0,0
3080,257,2025-08-31,388,388,0,0
3081,257,2025-09-30,388,388,0,0
3082,257,2025-10-31,388,387,0,1
3083,257,2025-11-30,387,386,0,1
3084,257,2025-12-31,386,385,0,1
3085,258,2025-01-31,125,125,0,0
3086,258,2025-02-28,125,125,0,0
3087,258,2025-03-31,125,124,0,1
3088,258,2025-04-30,124,123,0,1
3089,258,2025-05-31,123,120,0,3
3090,258,2025-06-30,120,257,137,0
3091,258,2025-07-31,257,255,0,2
3092,258,2025-08-31,255,254,0,1
3093,258,2025-09-30,254,254,0,0
3094,258,2025-10-31,254,254,0,0
3095,258,2025-11-30,254,252,0,2
3096,258,2025-12-31,252,332,80,0
3097,259,2025-01-31,76,76,0,0
3098,259,2025-02-28,76,76,0,0
3099,259,2025-03-31,76,76,0,0
3100,259,2025-04-30,76,76,0,0
3101,259,2025-05-31,76,76,0,0
3102,259,2025-06-30,76,76,0,0
3103,259,2025-07-31,76,76,0,0
3104,259,2025-08-31,76,76,0,0
3105,259,2025-09-30,76,76,0,0
3106,259,2025-10-31,76,76,0,0
3107,259,2025-11-30,76,75,0,1
3108,259,2025-12-31,75,146,71,0
3109,260,2025-01-31,122,122,0,0
3110,260,2025-02-28,122,119,0,3
3111,260,2025-03-31,119,119,0,0
3112,260,2025-04-30,119,118,0,1
3113,260,2025-05-31,118,118,0,0
3114,260,2025-06-30,118,117,0,1
3115,260,2025-07-31,117,116,0,1
3116,260,2025-08-31,116,259,143,0
3117,260,2025-09-30,259,259,0,0
3118,260,2025-10-31,259,259,0,0
3119,260,2025-11-30,259,259,0,0
3120,260,2025-12-31,259,259,0,0
3121,261,2025-01-31,209,356,147,0
3122,261,2025-02-28,356,356,0,0
3123,261,2025-03-31,356,356,0,0
3124,261,2025-04-30,356,404,48,0
3125,261,2025-05-31,404,404,0,0
3126,261,2025-06-30,404,451,47,0
3127,261,2025-07-31,451,451,0,0
3128,261,2025-08-31,451,448,0,3
3129,261,2025-09-30,448,446,0,2
3130,261,2025-10-31,446,446,0,0
3131,261,2025-11-30,446,446,0,0
3132,261,2025-12-31,446,445,0,1
3133,262,2025-01-31,187,186,0,1
3134,262,2025-02-28,186,302,116,0
3135,262,2025-03-31,302,302,0,0
3136,262,2025-04-30,302,302,0,0
3137,262,2025-05-31,302,302,0,0
3138,262,2025-06-30,302,302,0,0
3139,262,2025-07-31,302,302,0,0
3140,262,2025-08-31,302,296,0,6
3141,262,2025-09-30,296,296,0,0
3142,262,2025-10-31,296,296,0,0
3143,262,2025-11-30,296,295,0,1
3144,262,2025-12-31,295,293,0,2
3145,263,2025-01-31,154,153,0,1
3146,263,2025-02-28,153,277,126,2
3147,263,2025-03-31,277,277,0,0
3148,263,2025-04-30,277,275,0,2
3149,263,2025-05-31,275,275,0,0
3150,263,2025-06-30,275,420,145,0
3151,263,2025-07-31,420,522,102,0
3152,263,2025-08-31,522,518,0,4
3153,263,2025-09-30,518,517,0,1
3154,263,2025-10-31,517,664,148,1
3155,263,2025-11-30,664,663,0,1
3156,263,2025-12-31,663,663,0,0
3157,264,2025-01-31,78,75,0,3
3158,264,2025-02-28,75,75,0,0
3159,264,2025-03-31,75,73,0,2
3160,264,2025-04-30,73,71,0,2
3161,264,2025-05-31,71,71,0,0
3162,264,2025-06-30,71,212,141,0
3163,264,2025-07-31,212,211,0,1
3164,264,2025-08-31,211,211,0,0
3165,264,2025-09-30,211,352,141,0
3166,264,2025-10-31,352,350,0,2
3167,264,2025-11-30,350,443,94,1
3168,264,2025-12-31,443,443,0,0
3169,265,2025-01-31,145,143,0,2
3170,265,2025-02-28,143,143,0,0
3171,265,2025-03-31,143,143,0,0
3172,265,2025-04-30,143,142,0,1
3173,265,2025-05-31,142,142,0,0
3174,265,2025-06-30,142,142,0,0
3175,265,2025-07-31,142,141,0,1
3176,265,2025-08-31,141,141,0,0
3177,265,2025-09-30,141,141,0,0
3178,265,2025-10-31,141,141,0,0
3179,265,2025-11-30,141,141,0,0
3180,265,2025-12-31,141,247,106,0
3181,266,2025-01-31,123,123,0,0
3182,266,2025-02-28,123,123,0,0
3183,266,2025-03-31,123,174,51,0
3184,266,2025-04-30,174,171,0,3
3185,266,2025-05-31,171,171,0,0
3186,266,2025-06-30,171,171,0,0
3187,266,2025-07-31,171,169,0,2
3188,266,2025-08-31,169,169,0,0
3189,266,2025-09-30,169,169,0,0
3190,266,2025-10-31,169,169,0,0
3191,266,2025-11-30,169,168,0,1
3192,266,2025-12-31,168,168,0,0
3193,267,2025-01-31,179,179,0,0
3194,267,2025-02-28,179,179,0,0
3195,267,2025-03-31,179,179,0,0
3196,267,2025-04-30,179,179,0,0
3197,267,2025-05-31,179,179,0,0
3198,267,2025-06-30,179,179,0,0
3199,267,2025-07-31,179,176,0,3
3200,267,2025-08-31,176,175,0,1
3201,267,2025-09-30,175,175,0,0
3202,267,2025-10-31,175,175,0,0
3203,267,2025-11-30,175,173,0,2
3204,267,2025-12-31,173,171,0,2
3205,268,2025-01-31,203,203,0,0
3206,268,2025-02-28,203,203,0,0
3207,268,2025-03-31,203,202,0,1
3208,268,2025-04-30,202,201,0,1
3209,268,2025-05-31,201,201,0,0
3210,268,2025-06-30,201,201,0,0
3211,268,2025-07-31,201,244,43,0
3212,268,2025-08-31,244,244,0,0
3213,268,2025-09-30,244,244,0,0
3214,268,2025-10-31,244,244,0,0
3215,268,2025-11-30,244,244,0,0
3216,268,2025-12-31,244,243,0,1
3217,269,2025-01-31,173,171,0,2
3218,269,2025-02-28,171,171,0,0
3219,269,2025-03-31,171,170,0,1
3220,269,2025-04-30,170,170,0,0
3221,269,2025-05-31,170,170,0,0
3222,269,2025-06-30,170,169,0,1
3223,269,2025-07-31,169,168,0,1
3224,269,2025-08-31,168,168,0,0
3225,269,2025-09-30,168,165,0,3
3226,269,2025-10-31,165,162,0,3
3227,269,2025-11-30,162,162,0,0
3228,269,2025-12-31,162,162,0,0
3229,270,2025-01-31,129,129,0,0
3230,270,2025-02-28,129,127,0,2
3231,270,2025-03-31,127,127,0,0
3232,270,2025-04-30,127,127,0,0
3233,270,2025-05-31,127,171,44,0
3234,270,2025-06-30,171,171,0,0
3235,270,2025-07-31,171,169,0,2
3236,270,2025-08-31,169,169,0,0
3237,270,2025-09-30,169,169,0,0
3238,270,2025-10-31,169,167,0,2
3239,270,2025-11-30,167,167,0,0
3240,270,2025-12-31,167,247,80,0
3241,271,2025-01-31,186,184,0,2
3242,271,2025-02-28,184,184,0,0
3243,271,2025-03-31,184,181,0,3
3244,271,2025-04-30,181,180,0,1
3245,271,2025-05-31,180,179,0,1
3246,271,2025-06-30,179,177,0,2
3247,271,2025-07-31,177,177,0,0
3248,271,2025-08-31,177,177,0,0
3249,271,2025-09-30,177,300,123,0
3250,271,2025-10-31,300,297,0,3
3251,271,2025-11-30,297,297,0,0
3252,271,2025-12-31,297,292,0,5
3253,272,2025-01-31,89,88,0,1
3254,272,2025-02-28,88,88,0,0
3255,272,2025-03-31,88,85,0,3
3256,272,2025-04-30,85,85,0,0
3257,272,2025-05-31,85,209,124,0
3258,272,2025-06-30,209,287,80,2
3259,272,2025-07-31,287,287,0,0
3260,272,2025-08-31,287,287,0,0
3261,272,2025-09-30,287,371,84,0
3262,272,2025-10-31,371,370,0,1
3263,272,2025-11-30,370,370,0,0
3264,272,2025-12-31,370,370,0,0
3265,273,2025-01-31,168,168,0,0
3266,273,2025-02-28,168,168,0,0
3267,273,2025-03-31,168,167,0,1
3268,273,2025-04-30,167,166,0,1
3269,273,2025-05-31,166,166,0,0
3270,273,2025-06-30,166,166,0,0
3271,273,2025-07-31,166,165,0,1
3272,273,2025-08-31,165,165,0,0
3273,273,2025-09-30,165,165,0,0
3274,273,2025-10-31,165,165,0,0
3275,273,2025-11-30,165,165,0,0
3276,273,2025-12-31,165,165,0,0
3277,274,2025-01-31,141,139,0,2
3278,274,2025-02-28,139,264,125,0
3279,274,2025-03-31,264,264,0,0
3280,274,2025-04-30,264,264,0,0
3281,274,2025-05-31,264,349,87,2
3282,274,2025-06-30,349,344,0,5
3283,274,2025-07-31,344,344,0,0
3284,274,2025-08-31,344,343,0,1
3285,274,2025-09-30,343,343,0,0
3286,274,2025-10-31,343,340,0,3
3287,274,2025-11-30,340,340,0,0
3288,274,2025-12-31,340,340,0,0
3289,275,2025-01-31,195,195,0,0
3290,275,2025-02-28,195,194,0,1
3291,275,2025-03-31,194,191,0,3
3292,275,2025-04-30,191,189,0,2
3293,275,2025-05-31,189,189,0,0
3294,275,2025-06-30,189,187,0,2
3295,275,2025-07-31,187,187,0,0
3296,275,2025-08-31,187,187,0,0
3297,275,2025-09-30,187,184,0,3
3298,275,2025-10-31,184,184,0,0
3299,275,2025-11-30,184,183,0,1
3300,275,2025-12-31,183,181,0,2
3301,276,2025-01-31,178,178,0,0
3302,276,2025-02-28,178,178,0,0
3303,276,2025-03-31,178,178,0,0
3304,276,2025-04-30,178,178,0,0
3305,276,2025-05-31,178,178,0,0
3306,276,2025-06-30,178,178,0,0
3307,276,2025-07-31,178,267,91,2
3308,276,2025-08-31,267,265,0,2
3309,276,2025-09-30,265,407,144,2
3310,276,2025-10-31,407,511,107,3
3311,276,2025-11-30,511,510,0,1
3312,276,2025-12-31,510,508,0,2
3313,277,2025-01-31,139,135,0,4
3314,277,2025-02-28,135,207,72,0
3315,277,2025-03-31,207,205,0,2
3316,277,2025-04-30,205,205,0,0
3317,277,2025-05-31,205,205,0,0
3318,277,2025-06-30,205,278,75,2
3319,277,2025-07-31,278,275,0,3
3320,277,2025-08-31,275,274,0,1
3321,277,2025-09-30,274,274,0,0
3322,277,2025-10-31,274,274,0,0
3323,277,2025-11-30,274,274,0,0
3324,277,2025-12-31,274,274,0,0
3325,278,2025-01-31,131,130,0,1
3326,278,2025-02-28,130,265,135,0
3327,278,2025-03-31,265,265,0,0
3328,278,2025-04-30,265,263,0,2
3329,278,2025-05-31,263,263,0,0
3330,278,2025-06-30,263,262,0,1
3331,278,2025-07-31,262,258,0,4
3332,278,2025-08-31,258,382,128,4
3333,278,2025-09-30,382,382,0,0
3334,278,2025-10-31,382,380,0,2
3335,278,2025-11-30,380,379,0,1
3336,278,2025-12-31,379,378,0,1
3337,279,2025-01-31,85,84,0,1
3338,279,2025-02-28,84,81,0,3
3339,279,2025-03-31,81,81,0,0
3340,279,2025-04-30,81,81,0,0
3341,279,2025-05-31,81,81,0,0
3342,279,2025-06-30,81,81,0,0
3343,279,2025-07-31,81,159,79,1
3344,279,2025-08-31,159,159,0,0
3345,279,2025-09-30,159,245,87,1
3346,279,2025-10-31,245,239,0,6
3347,279,2025-11-30,239,333,94,0
3348,279,2025-12-31,333,483,150,0
3349,280,2025-01-31,128,127,0,1
3350,280,2025-02-28,127,126,0,1
3351,280,2025-03-31,126,125,0,1
3352,280,2025-04-30,125,125,0,0
3353,280,2025-05-31,125,125,0,0
3354,280,2025-06-30,125,268,143,0
3355,280,2025-07-31,268,267,0,1
3356,280,2025-08-31,267,267,0,0
3357,280,2025-09-30,267,267,0,0
3358,280,2025-10-31,267,267,0,0
3359,280,2025-11-30,267,393,127,1
3360,280,2025-12-31,393,392,0,1
3361,281,2025-01-31,149,149,0,0
3362,281,2025-02-28,149,149,0,0
3363,281,2025-03-31,149,149,0,0
3364,281,2025-04-30,149,149,0,0
3365,281,2025-05-31,149,149,0,0
3366,281,2025-06-30,149,144,0,5
3367,281,2025-07-31,144,142,0,2
3368,281,2025-08-31,142,142,0,0
3369,281,2025-09-30,142,142,0,0
3370,281,2025-10-31,142,142,0,0
3371,281,2025-11-30,142,142,0,0
3372,281,2025-12-31,142,137,0,5
3373,282,2025-01-31,79,78,0,1
3374,282,2025-02-28,78,78,0,0
3375,282,2025-03-31,78,76,0,2
3376,282,2025-04-30,76,75,0,1
3377,282,2025-05-31,75,75,0,0
3378,282,2025-06-30,75,73,0,2
3379,282,2025-07-31,73,73,0,0
3380,282,2025-08-31,73,68,0,5
3381,282,2025-09-30,68,67,0,1
3382,282,2025-10-31,67,67,0,0
3383,282,2025-11-30,67,66,0,1
3384,282,2025-12-31,66,66,0,0
3385,283,2025-01-31,168,168,0,0
3386,283,2025-02-28,168,168,0,0
3387,283,2025-03-31,168,168,0,0
3388,283,2025-04-30,168,166,0,2
3389,283,2025-05-31,166,166,0,0
3390,283,2025-06-30,166,166,0,0
3391,283,2025-07-31,166,165,0,1
3392,283,2025-08-31,165,163,0,2
3393,283,2025-09-30,163,163,0,0
3394,283,2025-10-31,163,163,0,0
3395,283,2025-11-30,163,163,0,0
3396,283,2025-12-31,163,160,0,3
3397,284,2025-01-31,67,193,126,0
3398,284,2025-02-28,193,193,0,0
3399,284,2025-03-31,193,193,0,0
3400,284,2025-04-30,193,193,0,0
3401,284,2025-05-31,193,193,0,0
3402,284,2025-06-30,193,341,148,0
3403,284,2025-07-31,341,340,0,1
3404,284,2025-08-31,340,340,0,0
3405,284,2025-09-30,340,340,0,0
3406,284,2025-10-31,340,429,90,1
3407,284,2025-11-30,429,427,0,2
3408,284,2025-12-31,427,427,0,0
3409,285,2025-01-31,137,133,0,4
3410,285,2025-02-28,133,218,88,3
3411,285,2025-03-31,218,362,145,1
3412,285,2025-04-30,362,358,0,4
3413,285,2025-05-31,358,444,89,3
3414,285,2025-06-30,444,561,117,0
3415,285,2025-07-31,561,561,0,0
3416,285,2025-08-31,561,651,90,0
3417,285,2025-09-30,651,651,0,0
3418,285,2025-10-31,651,647,0,4
3419,285,2025-11-30,647,647,0,0
3420,285,2025-12-31,647,714,67,0
3421,286,2025-01-31,142,142,0,0
3422,286,2025-02-28,142,142,0,0
3423,286,2025-03-31,142,142,0,0
3424,286,2025-04-30,142,220,78,0
3425,286,2025-05-31,220,260,40,0
3426,286,2025-06-30,260,324,64,0
3427,286,2025-07-31,324,324,0,0
3428,286,2025-08-31,324,319,0,5
3429,286,2025-09-30,319,388,71,2
3430,286,2025-10-31,388,388,0,0
3431,286,2025-11-30,388,388,0,0
3432,286,2025-12-31,388,386,0,2
3433,287,2025-01-31,114,112,0,2
3434,287,2025-02-28,112,249,139,2
3435,287,2025-03-31,249,249,0,0
3436,287,2025-04-30,249,249,0,0
3437,287,2025-05-31,249,247,0,2
3438,287,2025-06-30,247,243,0,4
3439,287,2025-07-31,243,242,0,1
3440,287,2025-08-31,242,242,0,0
3441,287,2025-09-30,242,369,127,0
3442,287,2025-10-31,369,369,0,0
3443,287,2025-11-30,369,419,51,1
3444,287,2025-12-31,419,419,0,0
3445,288,2025-01-31,159,159,0,0
3446,288,2025-02-28,159,159,0,0
3447,288,2025-03-31,159,281,122,0
3448,288,2025-04-30,281,280,0,1
3449,288,2025-05-31,280,409,129,0
3450,288,2025-06-30,409,409,0,0
3451,288,2025-07-31,409,409,0,0
3452,288,2025-08-31,409,409,0,0
3453,288,2025-09-30,409,409,0,0
3454,288,2025-10-31,409,409,0,0
3455,288,2025-11-30,409,472,64,1
3456,288,2025-12-31,472,472,0,0
3457,289,2025-01-31,179,179,0,0
3458,289,2025-02-28,179,179,0,0
3459,289,2025-03-31,179,178,0,1
3460,289,2025-04-30,178,178,0,0
3461,289,2025-05-31,178,327,149,0
3462,289,2025-06-30,327,327,0,0
3463,289,2025-07-31,327,327,0,0
3464,289,2025-08-31,327,327,0,0
3465,289,2025-09-30,327,325,0,2
3466,289,2025-10-31,325,322,0,3
3467,289,2025-11-30,322,322,0,0
3468,289,2025-12-31,322,322,0,0
3469,290,2025-01-31,137,293,158,2
3470,290,2025-02-28,293,293,0,0
3471,290,2025-03-31,293,292,0,1
3472,290,2025-04-30,292,290,0,2
3473,290,2025-05-31,290,362,73,1
3474,290,2025-06-30,362,359,0,3
3475,290,2025-07-31,359,358,0,1
3476,290,2025-08-31,358,358,0,0
3477,290,2025-09-30,358,358,0,0
3478,290,2025-10-31,358,358,0,0
3479,290,2025-11-30,358,356,0,2
3480,290,2025-12-31,356,468,112,0
3481,291,2025-01-31,95,227,133,1
3482,291,2025-02-28,227,226,0,1
3483,291,2025-03-31,226,360,134,0
3484,291,2025-04-30,360,359,0,1
3485,291,2025-05-31,359,357,0,2
3486,291,2025-06-30,357,491,134,0
3487,291,2025-07-31,491,489,0,2
3488,291,2025-08-31,489,489,0,0
3489,291,2025-09-30,489,609,120,0
3490,291,2025-10-31,609,736,127,0
3491,291,2025-11-30,736,736,0,0
3492,291,2025-12-31,736,736,0,0
3493,292,2025-01-31,73,73,0,0
3494,292,2025-02-28,73,113,40,0
3495,292,2025-03-31,113,113,0,0
3496,292,2025-04-30,113,112,0,1
3497,292,2025-05-31,112,112,0,0
3498,292,2025-06-30,112,109,0,3
3499,292,2025-07-31,109,239,130,0
3500,292,2025-08-31,239,359,121,1
3501,292,2025-09-30,359,357,0,2
3502,292,2025-10-31,357,499,142,0
3503,292,2025-11-30,499,541,42,0
3504,292,2025-12-31,541,541,0,0
3505,293,2025-01-31,208,208,0,0
3506,293,2025-02-28,208,208,0,0
3507,293,2025-03-31,208,208,0,0
3508,293,2025-04-30,208,208,0,0
3509,293,2025-05-31,208,207,0,1
3510,293,2025-06-30,207,206,0,1
3511,293,2025-07-31,206,205,0,1
3512,293,2025-08-31,205,362,158,1
3513,293,2025-09-30,362,362,0,0
3514,293,2025-10-31,362,362,0,0
3515,293,2025-11-30,362,362,0,0
3516,293,2025-12-31,362,360,0,2
3517,294,2025-01-31,142,142,0,0
3518,294,2025-02-28,142,140,0,2
3519,294,2025-03-31,140,140,0,0
3520,294,2025-04-30,140,140,0,0
3521,294,2025-05-31,140,193,53,0
3522,294,2025-06-30,193,192,0,1
3523,294,2025-07-31,192,191,0,1
3524,294,2025-08-31,191,244,57,4
3525,294,2025-09-30,244,244,0,0
3526,294,2025-10-31,244,244,0,0
3527,294,2025-11-30,244,244,0,0
3528,294,2025-12-31,244,318,74,0
3529,295,2025-01-31,163,163,0,0
3530,295,2025-02-28,163,163,0,0
3531,295,2025-03-31,163,157,0,6
3532,295,2025-04-30,157,223,66,0
3533,295,2025-05-31,223,222,0,1
3534,295,2025-06-30,222,376,157,3
3535,295,2025-07-31,376,374,0,2
3536,295,2025-08-31,374,450,76,0
3537,295,2025-09-30,450,449,0,1
3538,295,2025-10-31,449,448,0,1
3539,295,2025-11-30,448,448,0,0
3540,295,2025-12-31,448,448,0,0
3541,296,2025-01-31,173,172,0,1
3542,296,2025-02-28,172,170,0,2
3543,296,2025-03-31,170,170,0,0
3544,296,2025-04-30,170,228,58,0
3545,296,2025-05-31,228,226,0,2
3546,296,2025-06-30,226,222,0,4
3547,296,2025-07-31,222,222,0,0
3548,296,2025-08-31,222,297,78,3
3549,296,2025-09-30,297,297,0,0
3550,296,2025-10-31,297,297,0,0
3551,296,2025-11-30,297,297,0,0
3552,296,2025-12-31,297,297,0,0
3553,297,2025-01-31,101,255,158,4
3554,297,2025-02-28,255,251,0,4
3555,297,2025-03-31,251,247,0,4
3556,297,2025-04-30,247,247,0,0
3557,297,2025-05-31,247,246,0,1
3558,297,2025-06-30,246,244,0,2
3559,297,2025-07-31,244,244,0,0
3560,297,2025-08-31,244,244,0,0
3561,297,2025-09-30,244,242,0,2
3562,297,2025-10-31,242,240,0,2
3563,297,2025-11-30,240,240,0,0
3564,297,2025-12-31,240,240,0,0
3565,298,2025-01-31,143,143,0,0
3566,298,2025-02-28,143,143,0,0
3567,298,2025-03-31,143,143,0,0
3568,298,2025-04-30,143,143,0,0
3569,298,2025-05-31,143,143,0,0
3570,298,2025-06-30,143,143,0,0
3571,298,2025-07-31,143,143,0,0
3572,298,2025-08-31,143,268,125,0
3573,298,2025-09-30,268,266,0,2
3574,298,2025-10-31,266,266,0,0
3575,298,2025-11-30,266,266,0,0
3576,298,2025-12-31,266,266,0,0
3577,299,2025-01-31,106,161,55,0
3578,299,2025-02-28,161,161,0,0
3579,299,2025-03-31,161,161,0,0
3580,299,2025-04-30,161,160,0,1
3581,299,2025-05-31,160,219,59,0
3582,299,2025-06-30,219,217,0,2
3583,299,2025-07-31,217,217,0,0
3584,299,2025-08-31,217,217,0,0
3585,299,2025-09-30,217,214,0,3
3586,299,2025-10-31,214,213,0,1
3587,299,2025-11-30,213,210,0,3
3588,299,2025-12-31,210,210,0,0
3589,300,2025-01-31,198,195,0,3
3590,300,2025-02-28,195,195,0,0
3591,300,2025-03-31,195,194,0,1
3592,300,2025-04-30,194,299,105,0
3593,300,2025-05-31,299,299,0,0
3594,300,2025-06-30,299,299,0,0
3595,300,2025-07-31,299,298,0,1
3596,300,2025-08-31,298,296,0,2
3597,300,2025-09-30,296,293,0,3
3598,300,2025-10-31,293,291,0,2
3599,300,2025-11-30,291,413,122,0
3600,300,2025-12-31,413,477,64,0
3601,301,2025-01-31,164,224,60,0
3602,301,2025-02-28,224,220,0,4
3603,301,2025-03-31,220,216,0,4
3604,301,2025-04-30,216,304,89,1
3605,301,2025-05-31,304,304,0,0
3606,301,2025-06-30,304,352,49,1
3607,301,2025-07-31,352,352,0,0
3608,301,2025-08-31,352,352,0,0
3609,301,2025-09-30,352,352,0,0
3610,301,2025-10-31,352,352,0,0
3611,301,2025-11-30,352,488,137,1
3612,301,2025-12-31,488,488,0,0
3613,302,2025-01-31,216,216,0,0
3614,302,2025-02-28,216,216,0,0
3615,302,2025-03-31,216,216,0,0
3616,302,2025-04-30,216,212,0,4
3617,302,2025-05-31,212,208,0,4
3618,302,2025-06-30,208,206,0,2
3619,302,2025-07-31,206,206,0,0
3620,302,2025-08-31,206,206,0,0
3621,302,2025-09-30,206,274,70,2
3622,302,2025-10-31,274,273,0,1
3623,302,2025-11-30,273,332,59,0
3624,302,2025-12-31,332,332,0,0
3625,303,2025-01-31,205,304,99,0
3626,303,2025-02-28,304,303,0,1
3627,303,2025-03-31,303,303,0,0
3628,303,2025-04-30,303,303,0,0
3629,303,2025-05-31,303,302,0,1
3630,303,2025-06-30,302,302,0,0
3631,303,2025-07-31,302,302,0,0
3632,303,2025-08-31,302,302,0,0
3633,303,2025-09-30,302,302,0,0
3634,303,2025-10-31,302,302,0,0
3635,303,2025-11-30,302,299,0,3
3636,303,2025-12-31,299,299,0,0
3637,304,2025-01-31,76,75,0,1
3638,304,2025-02-28,75,75,0,0
3639,304,2025-03-31,75,72,0,3
3640,304,2025-04-30,72,72,0,0
3641,304,2025-05-31,72,72,0,0
3642,304,2025-06-30,72,72,0,0
3643,304,2025-07-31,72,125,55,2
3644,304,2025-08-31,125,182,57,0
3645,304,2025-09-30,182,178,0,4
3646,304,2025-10-31,178,177,0,1
3647,304,2025-11-30,177,177,0,0
3648,304,2025-12-31,177,177,0,0
3649,305,2025-01-31,206,274,68,0
3650,305,2025-02-28,274,274,0,0
3651,305,2025-03-31,274,274,0,0
3652,305,2025-04-30,274,272,0,2
3653,305,2025-05-31,272,272,0,0
3654,305,2025-06-30,272,272,0,0
3655,305,2025-07-31,272,270,0,2
3656,305,2025-08-31,270,270,0,0
3657,305,2025-09-30,270,270,0,0
3658,305,2025-10-31,270,267,0,3
3659,305,2025-11-30,267,265,0,2
3660,305,2025-12-31,265,376,111,0
3661,306,2025-01-31,107,104,0,3
3662,306,2025-02-28,104,102,0,2
3663,306,2025-03-31,102,253,154,3
3664,306,2025-04-30,253,252,0,1
3665,306,2025-05-31,252,252,0,0
3666,306,2025-06-30,252,247,0,5
3667,306,2025-07-31,247,246,0,1
3668,306,2025-08-31,246,331,87,2
3669,306,2025-09-30,331,329,0,2
3670,306,2025-10-31,329,329,0,0
3671,306,2025-11-30,329,329,0,0
3672,306,2025-12-31,329,329,0,0
3673,307,2025-01-31,112,248,137,1
3674,307,2025-02-28,248,248,0,0
3675,307,2025-03-31,248,303,55,0
3676,307,2025-04-30,303,302,0,1
3677,307,2025-05-31,302,301,0,1
3678,307,2025-06-30,301,299,0,2
3679,307,2025-07-31,299,299,0,0
3680,307,2025-08-31,299,298,0,1
3681,307,2025-09-30,298,298,0,0
3682,307,2025-10-31,298,442,146,2
3683,307,2025-11-30,442,442,0,0
3684,307,2025-12-31,442,441,0,1
3685,308,2025-01-31,144,140,0,4
3686,308,2025-02-28,140,137,0,3
3687,308,2025-03-31,137,137,0,0
3688,308,2025-04-30,137,254,118,1
3689,308,2025-05-31,254,254,0,0
3690,308,2025-06-30,254,254,0,0
3691,308,2025-07-31,254,252,0,2
3692,308,2025-08-31,252,252,0,0
3693,308,2025-09-30,252,252,0,0
3694,308,2025-10-31,252,252,0,0
3695,308,2025-11-30,252,252,0,0
3696,308,2025-12-31,252,252,0,0
3697,309,2025-01-31,114,114,0,0
3698,309,2025-02-28,114,111,0,3
3699,309,2025-03-31,111,111,0,0
3700,309,2025-04-30,111,111,0,0
3701,309,2025-05-31,111,110,0,1
3702,309,2025-06-30,110,109,0,1
3703,309,2025-07-31,109,195,86,0
3704,309,2025-08-31,195,191,0,4
3705,309,2025-09-30,191,191,0,0
3706,309,2025-10-31,191,191,0,0
3707,309,2025-11-30,191,256,68,3
3708,309,2025-12-31,256,253,0,3
3709,310,2025-01-31,107,106,0,1
3710,310,2025-02-28,106,106,0,0
3711,310,2025-03-31,106,265,159,0
3712,310,2025-04-30,265,264,0,1
3713,310,2025-05-31,264,264,0,0
3714,310,2025-06-30,264,264,0,0
3715,310,2025-07-31,264,264,0,0
3716,310,2025-08-31,264,260,0,4
3717,310,2025-09-30,260,260,0,0
3718,310,2025-10-31,260,258,0,2
3719,310,2025-11-30,258,250,0,8
3720,310,2025-12-31,250,384,134,0
3721,311,2025-01-31,216,216,0,0
3722,311,2025-02-28,216,214,0,2
3723,311,2025-03-31,214,214,0,0
3724,311,2025-04-30,214,207,0,7
3725,311,2025-05-31,207,362,155,0
3726,311,2025-06-30,362,362,0,0
3727,311,2025-07-31,362,362,0,0
3728,311,2025-08-31,362,459,99,2
3729,311,2025-09-30,459,459,0,0
3730,311,2025-10-31,459,459,0,0
3731,311,2025-11-30,459,457,0,2
3732,311,2025-12-31,457,457,0,0
3733,312,2025-01-31,145,144,0,1
3734,312,2025-02-28,144,144,0,0
3735,312,2025-03-31,144,143,0,1
3736,312,2025-04-30,143,143,0,0
3737,312,2025-05-31,143,143,0,0
3738,312,2025-06-30,143,141,0,2
3739,312,2025-07-31,141,140,0,1
3740,312,2025-08-31,140,140,0,0
3741,312,2025-09-30,140,140,0,0
3742,312,2025-10-31,140,140,0,0
3743,312,2025-11-30,140,241,101,0
3744,312,2025-12-31,241,346,105,0
3745,313,2025-01-31,173,173,0,0
3746,313,2025-02-28,173,173,0,0
3747,313,2025-03-31,173,171,0,2
3748,313,2025-04-30,171,171,0,0
3749,313,2025-05-31,171,168,0,3
3750,313,2025-06-30,168,299,134,3
3751,313,2025-07-31,299,294,0,5
3752,313,2025-08-31,294,358,66,2
3753,313,2025-09-30,358,358,0,0
3754,313,2025-10-31,358,358,0,0
3755,313,2025-11-30,358,355,0,3
3756,313,2025-12-31,355,354,0,1
3757,314,2025-01-31,99,99,0,0
3758,314,2025-02-28,99,250,153,2
3759,314,2025-03-31,250,250,0,0
3760,314,2025-04-30,250,249,0,1
3761,314,2025-05-31,249,291,42,0
3762,314,2025-06-30,291,288,0,3
3763,314,2025-07-31,288,288,0,0
3764,314,2025-08-31,288,286,0,2
3765,314,2025-09-30,286,285,0,1
3766,314,2025-10-31,285,285,0,0
3767,314,2025-11-30,285,328,44,1
3768,314,2025-12-31,328,328,0,0
3769,315,2025-01-31,123,119,0,4
3770,315,2025-02-28,119,118,0,1
3771,315,2025-03-31,118,118,0,0
3772,315,2025-04-30,118,116,0,2
3773,315,2025-05-31,116,114,0,2
3774,315,2025-06-30,114,114,0,0
3775,315,2025-07-31,114,193,82,3
3776,315,2025-08-31,193,193,0,0
3777,315,2025-09-30,193,307,114,0
3778,315,2025-10-31,307,306,0,1
3779,315,2025-11-30,306,436,130,0
3780,315,2025-12-31,436,434,0,2
3781,316,2025-01-31,117,114,0,3
3782,316,2025-02-28,114,106,0,8
3783,316,2025-03-31,106,103,0,3
3784,316,2025-04-30,103,102,0,1
3785,316,2025-05-31,102,102,0,0
3786,316,2025-06-30,102,102,0,0
3787,316,2025-07-31,102,102,0,0
3788,316,2025-08-31,102,100,0,2
3789,316,2025-09-30,100,209,109,0
3790,316,2025-10-31,209,207,0,2
3791,316,2025-11-30,207,206,0,1
3792,316,2025-12-31,206,205,0,1
3793,317,2025-01-31,113,165,52,0
3794,317,2025-02-28,165,230,65,0
3795,317,2025-03-31,230,230,0,0
3796,317,2025-04-30,230,230,0,0
3797,317,2025-05-31,230,346,116,0
3798,317,2025-06-30,346,346,0,0
3799,317,2025-07-31,346,344,0,2
3800,317,2025-08-31,344,503,159,0
3801,317,2025-09-30,503,503,0,0
3802,317,2025-10-31,503,503,0,0
3803,317,2025-11-30,503,503,0,0
3804,317,2025-12-31,503,503,0,0
3805,318,2025-01-31,198,198,0,0
3806,318,2025-02-28,198,198,0,0
3807,318,2025-03-31,198,197,0,1
3808,318,2025-04-30,197,197,0,0
3809,318,2025-05-31,197,197,0,0
3810,318,2025-06-30,197,197,0,0
3811,318,2025-07-31,197,194,0,3
3812,318,2025-08-31,194,194,0,0
3813,318,2025-09-30,194,194,0,0
3814,318,2025-10-31,194,194,0,0
3815,318,2025-11-30,194,193,0,1
3816,318,2025-12-31,193,193,0,0
3817,319,2025-01-31,119,262,143,0
3818,319,2025-02-28,262,262,0,0
3819,319,2025-03-31,262,262,0,0
3820,319,2025-04-30,262,418,156,0
3821,319,2025-05-31,418,418,0,0
3822,319,2025-06-30,418,414,0,4
3823,319,2025-07-31,414,414,0,0
3824,319,2025-08-31,414,414,0,0
3825,319,2025-09-30,414,414,0,0
3826,319,2025-10-31,414,414,0,0
3827,319,2025-11-30,414,458,47,3
3828,319,2025-12-31,458,458,0,0
3829,320,2025-01-31,91,90,0,1
3830,320,2025-02-28,90,88,0,2
3831,320,2025-03-31,88,88,0,0
3832,320,2025-04-30,88,88,0,0
3833,320,2025-05-31,88,88,0,0
3834,320,2025-06-30,88,88,0,0
3835,320,2025-07-31,88,87,0,1
3836,320,2025-08-31,87,86,0,1
3837,320,2025-09-30,86,235,149,0
3838,320,2025-10-31,235,233,0,2
3839,320,2025-11-30,233,233,0,0
3840,320,2025-12-31,233,311,82,4
3841,321,2025-01-31,126,260,134,0
3842,321,2025-02-28,260,260,0,0
3843,321,2025-03-31,260,321,61,0
3844,321,2025-04-30,321,319,0,2
3845,321,2025-05-31,319,433,114,0
3846,321,2025-06-30,433,433,0,0
3847,321,2025-07-31,433,433,0,0
3848,321,2025-08-31,433,576,151,8
3849,321,2025-09-30,576,574,0,2
3850,321,2025-10-31,574,724,151,1
3851,321,2025-11-30,724,724,0,0
3852,321,2025-12-31,724,721,0,3
3853,322,2025-01-31,177,177,0,0
3854,322,2025-02-28,177,177,0,0
3855,322,2025-03-31,177,175,0,2
3856,322,2025-04-30,175,175,0,0
3857,322,2025-05-31,175,174,0,1
3858,322,2025-06-30,174,174,0,0
3859,322,2025-07-31,174,317,147,4
3860,322,2025-08-31,317,317,0,0
3861,322,2025-09-30,317,393,76,0
3862,322,2025-10-31,393,391,0,2
3863,322,2025-11-30,391,390,0,1
3864,322,2025-12-31,390,390,0,0
3865,323,2025-01-31,186,186,0,0
3866,323,2025-02-28,186,186,0,0
3867,323,2025-03-31,186,186,0,0
3868,323,2025-04-30,186,186,0,0
3869,323,2025-05-31,186,342,157,1
3870,323,2025-06-30,342,342,0,0
3871,323,2025-07-31,342,404,62,0
3872,323,2025-08-31,404,404,0,0
3873,323,2025-09-30,404,518,114,0
3874,323,2025-10-31,518,518,0,0
3875,323,2025-11-30,518,518,0,0
3876,323,2025-12-31,518,518,0,0
3877,324,2025-01-31,134,190,58,2
3878,324,2025-02-28,190,190,0,0
3879,324,2025-03-31,190,188,0,2
3880,324,2025-04-30,188,184,0,4
3881,324,2025-05-31,184,184,0,0
3882,324,2025-06-30,184,180,0,4
3883,324,2025-07-31,180,178,0,2
3884,324,2025-08-31,178,172,0,6
3885,324,2025-09-30,172,172,0,0
3886,324,2025-10-31,172,172,0,0
3887,324,2025-11-30,172,169,0,3
3888,324,2025-12-31,169,165,0,4
3889,325,2025-01-31,117,116,0,1
3890,325,2025-02-28,116,115,0,1
3891,325,2025-03-31,115,243,128,0
3892,325,2025-04-30,243,241,0,2
3893,325,2025-05-31,241,241,0,0
3894,325,2025-06-30,241,241,0,0
3895,325,2025-07-31,241,239,0,2
3896,325,2025-08-31,239,239,0,0
3897,325,2025-09-30,239,236,0,3
3898,325,2025-10-31,236,233,0,3
3899,325,2025-11-30,233,231,0,2
3900,325,2025-12-31,231,231,0,0
3901,326,2025-01-31,154,154,0,0
3902,326,2025-02-28,154,154,0,0
3903,326,2025-03-31,154,221,67,0
3904,326,2025-04-30,221,221,0,0
3905,326,2025-05-31,221,219,0,2
3906,326,2025-06-30,219,217,0,2
3907,326,2025-07-31,217,217,0,0
3908,326,2025-08-31,217,217,0,0
3909,326,2025-09-30,217,321,104,0
3910,326,2025-10-31,321,425,104,0
3911,326,2025-11-30,425,425,0,0
3912,326,2025-12-31,425,425,0,0
3913,327,2025-01-31,89,88,0,1
3914,327,2025-02-28,88,88,0,0
3915,327,2025-03-31,88,88,0,0
3916,327,2025-04-30,88,153,65,0
3917,327,2025-05-31,153,152,0,1
3918,327,2025-06-30,152,152,0,0
3919,327,2025-07-31,152,299,147,0
3920,327,2025-08-31,299,299,0,0
3921,327,2025-09-30,299,299,0,0
3922,327,2025-10-31,299,296,0,3
3923,327,2025-11-30,296,296,0,0
3924,327,2025-12-31,296,296,0,0
3925,328,2025-01-31,178,177,0,1
3926,328,2025-02-28,177,175,0,2
3927,328,2025-03-31,175,175,0,0
3928,328,2025-04-30,175,175,0,0
3929,328,2025-05-31,175,262,87,0
3930,328,2025-06-30,262,262,0,0
3931,328,2025-07-31,262,262,0,0
3932,328,2025-08-31,262,262,0,0
3933,328,2025-09-30,262,261,0,1
3934,328,2025-10-31,261,261,0,0
3935,328,2025-11-30,261,261,0,0
3936,328,2025-12-31,261,404,143,0
3937,329,2025-01-31,192,189,0,3
3938,329,2025-02-28,189,189,0,0
3939,329,2025-03-31,189,188,0,1
3940,329,2025-04-30,188,312,125,1
3941,329,2025-05-31,312,442,130,0
3942,329,2025-06-30,442,441,0,1
3943,329,2025-07-31,441,438,0,3
3944,329,2025-08-31,438,436,0,2
3945,329,2025-09-30,436,436,0,0
3946,329,2025-10-31,436,434,0,2
3947,329,2025-11-30,434,433,0,1
3948,329,2025-12-31,433,433,0,0
3949,330,2025-01-31,91,186,95,0
3950,330,2025-02-28,186,186,0,0
3951,330,2025-03-31,186,276,90,0
3952,330,2025-04-30,276,276,0,0
3953,330,2025-05-31,276,275,0,1
3954,330,2025-06-30,275,275,0,0
3955,330,2025-07-31,275,418,145,2
3956,330,2025-08-31,418,417,0,1
3957,330,2025-09-30,417,415,0,2
3958,330,2025-10-31,415,415,0,0
3959,330,2025-11-30,415,415,0,0
3960,330,2025-12-31,415,415,0,0
3961,331,2025-01-31,122,227,106,1
3962,331,2025-02-28,227,350,123,0
3963,331,2025-03-31,350,348,0,2
3964,331,2025-04-30,348,348,0,0
3965,331,2025-05-31,348,347,0,1
3966,331,2025-06-30,347,346,0,1
3967,331,2025-07-31,346,346,0,0
3968,331,2025-08-31,346,346,0,0
3969,331,2025-09-30,346,343,0,3
3970,331,2025-10-31,343,343,0,0
3971,331,2025-11-30,343,340,0,3
3972,331,2025-12-31,340,340,0,0
3973,332,2025-01-31,102,101,0,1
3974,332,2025-02-28,101,100,0,1
3975,332,2025-03-31,100,99,0,1
3976,332,2025-04-30,99,99,0,0
3977,332,2025-05-31,99,97,0,2
3978,332,2025-06-30,97,171,74,0
3979,332,2025-07-31,171,165,0,6
3980,332,2025-08-31,165,165,0,0
3981,332,2025-09-30,165,165,0,0
3982,332,2025-10-31,165,165,0,0
3983,332,2025-11-30,165,165,0,0
3984,332,2025-12-31,165,164,0,1
3985,333,2025-01-31,156,214,58,0
3986,333,2025-02-28,214,213,0,1
3987,333,2025-03-31,213,213,0,0
3988,333,2025-04-30,213,329,117,1
3989,333,2025-05-31,329,329,0,0
3990,333,2025-06-30,329,456,127,0
3991,333,2025-07-31,456,541,85,0
3992,333,2025-08-31,541,541,0,0
3993,333,2025-09-30,541,538,0,3
3994,333,2025-10-31,538,538,0,0
3995,333,2025-11-30,538,623,85,0
3996,333,2025-12-31,623,620,0,3
3997,334,2025-01-31,216,216,0,0
3998,334,2025-02-28,216,212,0,4
3999,334,2025-03-31,212,212,0,0
4000,334,2025-04-30,212,212,0,0
4001,334,2025-05-31,212,265,54,1
4002,334,2025-06-30,265,265,0,0
4003,334,2025-07-31,265,263,0,2
4004,334,2025-08-31,263,263,0,0
4005,334,2025-09-30,263,260,0,3
4006,334,2025-10-31,260,260,0,0
4007,334,2025-11-30,260,260,0,0
4008,334,2025-12-31,260,300,44,4
4009,335,2025-01-31,130,127,0,3
4010,335,2025-02-28,127,127,0,0
4011,335,2025-03-31,127,127,0,0
4012,335,2025-04-30,127,123,0,4
4013,335,2025-05-31,123,123,0,0
4014,335,2025-06-30,123,123,0,0
4015,335,2025-07-31,123,123,0,0
4016,335,2025-08-31,123,234,111,0
4017,335,2025-09-30,234,234,0,0
4018,335,2025-10-31,234,280,46,0
4019,335,2025-11-30,280,280,0,0
4020,335,2025-12-31,280,410,130,0
4021,336,2025-01-31,170,170,0,0
4022,336,2025-02-28,170,170,0,0
4023,336,2025-03-31,170,166,0,4
4024,336,2025-04-30,166,164,0,2
4025,336,2025-05-31,164,164,0,0
4026,336,2025-06-30,164,241,77,0
4027,336,2025-07-31,241,363,122,0
4028,336,2025-08-31,363,360,0,3
4029,336,2025-09-30,360,360,0,0
4030,336,2025-10-31,360,357,0,3
4031,336,2025-11-30,357,357,0,0
4032,336,2025-12-31,357,357,0,0
4033,337,2025-01-31,192,192,0,0
4034,337,2025-02-28,192,239,49,2
4035,337,2025-03-31,239,237,0,2
4036,337,2025-04-30,237,237,0,0
4037,337,2025-05-31,237,234,0,3
4038,337,2025-06-30,234,234,0,0
4039,337,2025-07-31,234,232,0,2
4040,337,2025-08-31,232,232,0,0
4041,337,2025-09-30,232,376,144,0
4042,337,2025-10-31,376,376,0,0
4043,337,2025-11-30,376,482,106,0
4044,337,2025-12-31,482,482,0,0
4045,338,2025-01-31,103,102,0,1
4046,338,2025-02-28,102,100,0,2
4047,338,2025-03-31,100,100,0,0
4048,338,2025-04-30,100,98,0,2
4049,338,2025-05-31,98,98,0,0
4050,338,2025-06-30,98,98,0,0
4051,338,2025-07-31,98,98,0,0
4052,338,2025-08-31,98,94,0,4
4053,338,2025-09-30,94,94,0,0
4054,338,2025-10-31,94,93,0,1
4055,338,2025-11-30,93,93,0,0
4056,338,2025-12-31,93,91,0,2
4057,339,2025-01-31,179,179,0,0
4058,339,2025-02-28,179,179,0,0
4059,339,2025-03-31,179,179,0,0
4060,339,2025-04-30,179,177,0,2
4061,339,2025-05-31,177,174,0,3
4062,339,2025-06-30,174,172,0,2
4063,339,2025-07-31,172,282,111,1
4064,339,2025-08-31,282,282,0,0
4065,339,2025-09-30,282,367,86,1
4066,339,2025-10-31,367,367,0,0
4067,339,2025-11-30,367,444,78,1
4068,339,2025-12-31,444,444,0,0
4069,340,2025-01-31,193,191,0,2
4070,340,2025-02-28,191,191,0,0
4071,340,2025-03-31,191,190,0,1
4072,340,2025-04-30,190,190,0,0
4073,340,2025-05-31,190,189,0,1
4074,340,2025-06-30,189,188,0,1
4075,340,2025-07-31,188,186,0,2
4076,340,2025-08-31,186,182,0,4
4077,340,2025-09-30,182,179,0,3
4078,340,2025-10-31,179,179,0,0
4079,340,2025-11-30,179,237,59,1
4080,340,2025-12-31,237,234,0,3
4081,341,2025-01-31,148,147,0,1
4082,341,2025-02-28,147,147,0,0
4083,341,2025-03-31,147,144,0,3
4084,341,2025-04-30,144,142,0,2
4085,341,2025-05-31,142,294,152,0
4086,341,2025-06-30,294,291,0,3
4087,341,2025-07-31,291,290,0,1
4088,341,2025-08-31,290,289,0,1
4089,341,2025-09-30,289,289,0,0
4090,341,2025-10-31,289,288,0,1
4091,341,2025-11-30,288,288,0,0
4092,341,2025-12-31,288,288,0,0
4093,342,2025-01-31,180,179,0,1
4094,342,2025-02-28,179,222,43,0
4095,342,2025-03-31,222,218,0,4
4096,342,2025-04-30,218,218,0,0
4097,342,2025-05-31,218,218,0,0
4098,342,2025-06-30,218,214,0,4
4099,342,2025-07-31,214,214,0,0
4100,342,2025-08-31,214,212,0,2
4101,342,2025-09-30,212,208,0,4
4102,342,2025-10-31,208,208,0,0
4103,342,2025-11-30,208,208,0,0
4104,342,2025-12-31,208,255,47,0
4105,343,2025-01-31,108,108,0,0
4106,343,2025-02-28,108,108,0,0
4107,343,2025-03-31,108,108,0,0
4108,343,2025-04-30,108,108,0,0
4109,343,2025-05-31,108,108,0,0
4110,343,2025-06-30,108,108,0,0
4111,343,2025-07-31,108,107,0,1
4112,343,2025-08-31,107,239,132,0
4113,343,2025-09-30,239,239,0,0
4114,343,2025-10-31,239,239,0,0
4115,343,2025-11-30,239,239,0,0
4116,343,2025-12-31,239,239,0,0
4117,344,2025-01-31,118,253,135,0
4118,344,2025-02-28,253,252,0,1
4119,344,2025-03-31,252,251,0,1
4120,344,2025-04-30,251,322,71,0
4121,344,2025-05-31,322,322,0,0
4122,344,2025-06-30,322,316,0,6
4123,344,2025-07-31,316,315,0,1
4124,344,2025-08-31,315,314,0,1
4125,344,2025-09-30,314,312,0,2
4126,344,2025-10-31,312,312,0,0
4127,344,2025-11-30,312,311,0,1
4128,344,2025-12-31,311,311,0,0
4129,345,2025-01-31,142,142,0,0
4130,345,2025-02-28,142,211,69,0
4131,345,2025-03-31,211,292,82,1
4132,345,2025-04-30,292,292,0,0
4133,345,2025-05-31,292,290,0,2
4134,345,2025-06-30,290,289,0,1
4135,345,2025-07-31,289,289,0,0
4136,345,2025-08-31,289,364,75,0
4137,345,2025-09-30,364,364,0,0
4138,345,2025-10-31,364,362,0,2
4139,345,2025-11-30,362,361,0,1
4140,345,2025-12-31,361,359,0,2
4141,346,2025-01-31,116,223,108,1
4142,346,2025-02-28,223,223,0,0
4143,346,2025-03-31,223,223,0,0
4144,346,2025-04-30,223,223,0,0
4145,346,2025-05-31,223,295,72,0
4146,346,2025-06-30,295,293,0,2
4147,346,2025-07-31,293,291,0,2
4148,346,2025-08-31,291,290,0,1
4149,346,2025-09-30,290,284,0,6
4150,346,2025-10-31,284,283,0,1
4151,346,2025-11-30,283,358,75,0
4152,346,2025-12-31,358,358,0,0
4153,347,2025-01-31,95,95,0,0
4154,347,2025-02-28,95,148,54,1
4155,347,2025-03-31,148,144,0,4
4156,347,2025-04-30,144,142,0,2
4157,347,2025-05-31,142,140,0,2
4158,347,2025-06-30,140,182,50,8
4159,347,2025-07-31,182,182,0,0
4160,347,2025-08-31,182,182,0,0
4161,347,2025-09-30,182,182,0,0
4162,347,2025-10-31,182,181,0,1
4163,347,2025-11-30,181,181,0,0
4164,347,2025-12-31,181,181,0,0
4165,348,2025-01-31,175,171,0,4
4166,348,2025-02-28,171,171,0,0
4167,348,2025-03-31,171,171,0,0
4168,348,2025-04-30,171,169,0,2
4169,348,2025-05-31,169,167,0,2
4170,348,2025-06-30,167,167,0,0
4171,348,2025-07-31,167,166,0,1
4172,348,2025-08-31,166,166,0,0
4173,348,2025-09-30,166,272,106,0
4174,348,2025-10-31,272,272,0,0
4175,348,2025-11-30,272,272,0,0
4176,348,2025-12-31,272,268,0,4
4177,349,2025-01-31,183,248,65,0
4178,349,2025-02-28,248,248,0,0
4179,349,2025-03-31,248,332,84,0
4180,349,2025-04-30,332,390,59,1
4181,349,2025-05-31,390,490,102,2
4182,349,2025-06-30,490,490,0,0
4183,349,2025-07-31,490,649,159,0
4184,349,2025-08-31,649,649,0,0
4185,349,2025-09-30,649,649,0,0
4186,349,2025-10-31,649,646,0,3
4187,349,2025-11-30,646,646,0,0
4188,349,2025-12-31,646,646,0,0
4189,350,2025-01-31,169,168,0,1
4190,350,2025-02-28,168,167,0,1
4191,350,2025-03-31,167,166,0,1
4192,350,2025-04-30,166,220,57,3
4193,350,2025-05-31,220,220,0,0
4194,350,2025-06-30,220,220,0,0
4195,350,2025-07-31,220,294,74,0
4196,350,2025-08-31,294,294,0,0
4197,350,2025-09-30,294,293,0,1
4198,350,2025-10-31,293,293,0,0
4199,350,2025-11-30,293,375,82,0
4200,350,2025-12-31,375,374,0,1
4201,351,2025-01-31,86,86,0,0
4202,351,2025-02-28,86,86,0,0
4203,351,2025-03-31,86,129,43,0
4204,351,2025-04-30,129,129,0,0
4205,351,2025-05-31,129,128,0,1
4206,351,2025-06-30,128,124,0,4
4207,351,2025-07-31,124,124,0,0
4208,351,2025-08-31,124,216,96,4
4209,351,2025-09-30,216,216,0,0
4210,351,2025-10-31,216,320,104,0
4211,351,2025-11-30,320,320,0,0
4212,351,2025-12-31,320,320,0,0
4213,352,2025-01-31,119,201,82,0
4214,352,2025-02-28,201,275,74,0
4215,352,2025-03-31,275,274,0,1
4216,352,2025-04-30,274,274,0,0
4217,352,2025-05-31,274,273,0,1
4218,352,2025-06-30,273,271,0,2
4219,352,2025-07-31,271,271,0,0
4220,352,2025-08-31,271,271,0,0
4221,352,2025-09-30,271,271,0,0
4222,352,2025-10-31,271,270,0,1
4223,352,2025-11-30,270,268,0,2
4224,352,2025-12-31,268,379,111,0
4225,353,2025-01-31,77,74,0,3
4226,353,2025-02-28,74,73,0,1
4227,353,2025-03-31,73,73,0,0
4228,353,2025-04-30,73,73,0,0
4229,353,2025-05-31,73,73,0,0
4230,353,2025-06-30,73,115,42,0
4231,353,2025-07-31,115,114,0,1
4232,353,2025-08-31,114,250,136,0
4233,353,2025-09-30,250,403,153,0
4234,353,2025-10-31,403,486,83,0
4235,353,2025-11-30,486,593,107,0
4236,353,2025-12-31,593,688,95,0
4237,354,2025-01-31,166,163,0,3
4238,354,2025-02-28,163,162,0,1
4239,354,2025-03-31,162,162,0,0
4240,354,2025-04-30,162,162,0,0
4241,354,2025-05-31,162,229,70,3
4242,354,2025-06-30,229,228,0,1
4243,354,2025-07-31,228,223,0,5
4244,354,2025-08-31,223,220,0,3
4245,354,2025-09-30,220,220,0,0
4246,354,2025-10-31,220,219,0,1
4247,354,2025-11-30,219,219,0,0
4248,354,2025-12-31,219,219,0,0
4249,355,2025-01-31,130,129,0,1
4250,355,2025-02-28,129,275,148,2
4251,355,2025-03-31,275,273,0,2
4252,355,2025-04-30,273,272,0,1
4253,355,2025-05-31,272,272,0,0
4254,355,2025-06-30,272,415,145,2
4255,355,2025-07-31,415,415,0,0
4256,355,2025-08-31,415,414,0,1
4257,355,2025-09-30,414,414,0,0
4258,355,2025-10-31,414,539,125,0
4259,355,2025-11-30,539,539,0,0
4260,355,2025-12-31,539,539,0,0
4261,356,2025-01-31,181,229,48,0
4262,356,2025-02-28,229,328,100,1
4263,356,2025-03-31,328,325,0,3
4264,356,2025-04-30,325,323,0,2
4265,356,2025-05-31,323,323,0,0
4266,356,2025-06-30,323,322,0,1
4267,356,2025-07-31,322,322,0,0
4268,356,2025-08-31,322,321,0,1
4269,356,2025-09-30,321,321,0,0
4270,356,2025-10-31,321,321,0,0
4271,356,2025-11-30,321,319,0,2
4272,356,2025-12-31,319,319,0,0
4273,357,2025-01-31,115,238,123,0
4274,357,2025-02-28,238,238,0,0
4275,357,2025-03-31,238,237,0,1
4276,357,2025-04-30,237,314,79,2
4277,357,2025-05-31,314,314,0,0
4278,357,2025-06-30,314,314,0,0
4279,357,2025-07-31,314,415,101,0
4280,357,2025-08-31,415,412,0,3
4281,357,2025-09-30,412,412,0,0
4282,357,2025-10-31,412,412,0,0
4283,357,2025-11-30,412,412,0,0
4284,357,2025-12-31,412,408,0,4
4285,358,2025-01-31,124,124,0,0
4286,358,2025-02-28,124,124,0,0
4287,358,2025-03-31,124,124,0,0
4288,358,2025-04-30,124,122,0,2
4289,358,2025-05-31,122,122,0,0
4290,358,2025-06-30,122,163,41,0
4291,358,2025-07-31,163,163,0,0
4292,358,2025-08-31,163,163,0,0
4293,358,2025-09-30,163,162,0,1
4294,358,2025-10-31,162,162,0,0
4295,358,2025-11-30,162,159,0,3
4296,358,2025-12-31,159,201,43,1
4297,359,2025-01-31,171,171,0,0
4298,359,2025-02-28,171,171,0,0
4299,359,2025-03-31,171,169,0,2
4300,359,2025-04-30,169,168,0,1
4301,359,2025-05-31,168,166,0,2
4302,359,2025-06-30,166,166,0,0
4303,359,2025-07-31,166,210,47,3
4304,359,2025-08-31,210,208,0,2
4305,359,2025-09-30,208,208,0,0
4306,359,2025-10-31,208,207,0,1
4307,359,2025-11-30,207,207,0,0
4308,359,2025-12-31,207,207,0,0
4309,360,2025-01-31,117,115,0,2
4310,360,2025-02-28,115,111,0,4
4311,360,2025-03-31,111,111,0,0
4312,360,2025-04-30,111,111,0,0
4313,360,2025-05-31,111,111,0,0
4314,360,2025-06-30,111,107,0,4
4315,360,2025-07-31,107,105,0,2
4316,360,2025-08-31,105,105,0,0
4317,360,2025-09-30,105,105,0,0
4318,360,2025-10-31,105,104,0,1
4319,360,2025-11-30,104,103,0,1
4320,360,2025-12-31,103,103,0,0
4321,361,2025-01-31,165,165,0,0
4322,361,2025-02-28,165,164,0,1
4323,361,2025-03-31,164,164,0,0
4324,361,2025-04-30,164,163,0,1
4325,361,2025-05-31,163,162,0,1
4326,361,2025-06-30,162,161,0,1
4327,361,2025-07-31,161,216,55,0
4328,361,2025-08-31,216,213,0,3
4329,361,2025-09-30,213,212,0,1
4330,361,2025-10-31,212,210,0,2
4331,361,2025-11-30,210,328,118,0
4332,361,2025-12-31,328,327,0,1
4333,362,2025-01-31,129,247,118,0
4334,362,2025-02-28,247,323,76,0
4335,362,2025-03-31,323,318,0,5
4336,362,2025-04-30,318,424,106,0
4337,362,2025-05-31,424,424,0,0
4338,362,2025-06-30,424,424,0,0
4339,362,2025-07-31,424,424,0,0
4340,362,2025-08-31,424,424,0,0
4341,362,2025-09-30,424,424,0,0
4342,362,2025-10-31,424,539,115,0
4343,362,2025-11-30,539,539,0,0
4344,362,2025-12-31,539,538,0,1
4345,363,2025-01-31,171,170,0,1
4346,363,2025-02-28,170,168,0,2
4347,363,2025-03-31,168,168,0,0
4348,363,2025-04-30,168,260,92,0
4349,363,2025-05-31,260,260,0,0
4350,363,2025-06-30,260,308,51,3
4351,363,2025-07-31,308,308,0,0
4352,363,2025-08-31,308,308,0,0
4353,363,2025-09-30,308,306,0,2
4354,363,2025-10-31,306,306,0,0
4355,363,2025-11-30,306,306,0,0
4356,363,2025-12-31,306,389,83,0
4357,364,2025-01-31,78,76,0,2
4358,364,2025-02-28,76,76,0,0
4359,364,2025-03-31,76,76,0,0
4360,364,2025-04-30,76,75,0,1
4361,364,2025-05-31,75,222,147,0
4362,364,2025-06-30,222,221,0,1
4363,364,2025-07-31,221,291,74,4
4364,364,2025-08-31,291,291,0,0
4365,364,2025-09-30,291,288,0,3
4366,364,2025-10-31,288,327,41,2
4367,364,2025-11-30,327,326,0,1
4368,364,2025-12-31,326,468,143,1
4369,365,2025-01-31,188,188,0,0
4370,365,2025-02-28,188,187,0,1
4371,365,2025-03-31,187,187,0,0
4372,365,2025-04-30,187,337,150,0
4373,365,2025-05-31,337,479,148,6
4374,365,2025-06-30,479,478,0,1
4375,365,2025-07-31,478,524,48,2
4376,365,2025-08-31,524,583,60,1
4377,365,2025-09-30,583,579,0,4
4378,365,2025-10-31,579,579,0,0
4379,365,2025-11-30,579,578,0,1
4380,365,2025-12-31,578,578,0,0
4381,366,2025-01-31,74,74,0,0
4382,366,2025-02-28,74,74,0,0
4383,366,2025-03-31,74,74,0,0
4384,366,2025-04-30,74,74,0,0
4385,366,2025-05-31,74,74,0,0
4386,366,2025-06-30,74,74,0,0
4387,366,2025-07-31,74,74,0,0
4388,366,2025-08-31,74,74,0,0
4389,366,2025-09-30,74,74,0,0
4390,366,2025-10-31,74,173,103,4
4391,366,2025-11-30,173,173,0,0
4392,366,2025-12-31,173,268,95,0
4393,367,2025-01-31,87,187,100,0
4394,367,2025-02-28,187,187,0,0
4395,367,2025-03-31,187,187,0,0
4396,367,2025-04-30,187,187,0,0
4397,367,2025-05-31,187,186,0,1
4398,367,2025-06-30,186,186,0,0
4399,367,2025-07-31,186,186,0,0
4400,367,2025-08-31,186,186,0,0
4401,367,2025-09-30,186,184,0,2
4402,367,2025-10-31,184,182,0,2
4403,367,2025-11-30,182,267,85,0
4404,367,2025-12-31,267,266,0,1
4405,368,2025-01-31,90,239,151,2
4406,368,2025-02-28,239,239,0,0
4407,368,2025-03-31,239,237,0,2
4408,368,2025-04-30,237,322,86,1
4409,368,2025-05-31,322,472,150,0
4410,368,2025-06-30,472,471,0,1
4411,368,2025-07-31,471,471,0,0
4412,368,2025-08-31,471,595,126,2
4413,368,2025-09-30,595,595,0,0
4414,368,2025-10-31,595,648,53,0
4415,368,2025-11-30,648,646,0,2
4416,368,2025-12-31,646,644,0,2
4417,369,2025-01-31,84,84,0,0
4418,369,2025-02-28,84,82,0,2
4419,369,2025-03-31,82,79,0,3
4420,369,2025-04-30,79,79,0,0
4421,369,2025-05-31,79,138,60,1
4422,369,2025-06-30,138,182,44,0
4423,369,2025-07-31,182,182,0,0
4424,369,2025-08-31,182,179,0,3
4425,369,2025-09-30,179,179,0,0
4426,369,2025-10-31,179,265,87,1
4427,369,2025-11-30,265,265,0,0
4428,369,2025-12-31,265,265,0,0
4429,370,2025-01-31,213,213,0,0
4430,370,2025-02-28,213,212,0,1
4431,370,2025-03-31,212,212,0,0
4432,370,2025-04-30,212,339,128,1
4433,370,2025-05-31,339,339,0,0
4434,370,2025-06-30,339,339,0,0
4435,370,2025-07-31,339,338,0,1
4436,370,2025-08-31,338,338,0,0
4437,370,2025-09-30,338,335,0,3
4438,370,2025-10-31,335,334,0,1
4439,370,2025-11-30,334,381,48,1
4440,370,2025-12-31,381,479,98,0
4441,371,2025-01-31,178,175,0,3
4442,371,2025-02-28,175,175,0,0
4443,371,2025-03-31,175,174,0,1
4444,371,2025-04-30,174,174,0,0
4445,371,2025-05-31,174,172,0,2
4446,371,2025-06-30,172,170,0,2
4447,371,2025-07-31,170,170,0,0
4448,371,2025-08-31,170,237,68,1
4449,371,2025-09-30,237,237,0,0
4450,371,2025-10-31,237,236,0,1
4451,371,2025-11-30,236,234,0,2
4452,371,2025-12-31,234,232,0,2
4453,372,2025-01-31,86,86,0,0
4454,372,2025-02-28,86,85,0,1
4455,372,2025-03-31,85,84,0,1
4456,372,2025-04-30,84,84,0,0
4457,372,2025-05-31,84,84,0,0
4458,372,2025-06-30,84,84,0,0
4459,372,2025-07-31,84,84,0,0
4460,372,2025-08-31,84,84,0,0
4461,372,2025-09-30,84,82,0,2
4462,372,2025-10-31,82,82,0,0
4463,372,2025-11-30,82,79,0,3
4464,372,2025-12-31,79,77,0,2
4465,373,2025-01-31,93,93,0,0
4466,373,2025-02-28,93,92,0,1
4467,373,2025-03-31,92,235,145,2
4468,373,2025-04-30,235,234,0,1
4469,373,2025-05-31,234,234,0,0
4470,373,2025-06-30,234,340,111,5
4471,373,2025-07-31,340,426,86,0
4472,373,2025-08-31,426,426,0,0
4473,373,2025-09-30,426,426,0,0
4474,373,2025-10-31,426,426,0,0
4475,373,2025-11-30,426,425,0,1
4476,373,2025-12-31,425,424,0,1
4477,374,2025-01-31,197,197,0,0
4478,374,2025-02-28,197,197,0,0
4479,374,2025-03-31,197,197,0,0
4480,374,2025-04-30,197,197,0,0
4481,374,2025-05-31,197,197,0,0
4482,374,2025-06-30,197,197,0,0
4483,374,2025-07-31,197,196,0,1
4484,374,2025-08-31,196,196,0,0
4485,374,2025-09-30,196,196,0,0
4486,374,2025-10-31,196,196,0,0
4487,374,2025-11-30,196,194,0,2
4488,374,2025-12-31,194,193,0,1
4489,375,2025-01-31,115,114,0,1
4490,375,2025-02-28,114,114,0,0
4491,375,2025-03-31,114,114,0,0
4492,375,2025-04-30,114,113,0,1
4493,375,2025-05-31,113,207,94,0
4494,375,2025-06-30,207,206,0,1
4495,375,2025-07-31,206,320,118,4
4496,375,2025-08-31,320,316,0,4
4497,375,2025-09-30,316,314,0,2
4498,375,2025-10-31,314,314,0,0
4499,375,2025-11-30,314,374,60,0
4500,375,2025-12-31,374,373,0,1
4501,376,2025-01-31,86,85,0,1
4502,376,2025-02-28,85,84,0,1
4503,376,2025-03-31,84,84,0,0
4504,376,2025-04-30,84,82,0,2
4505,376,2025-05-31,82,168,86,0
4506,376,2025-06-30,168,168,0,0
4507,376,2025-07-31,168,168,0,0
4508,376,2025-08-31,168,168,0,0
4509,376,2025-09-30,168,168,0,0
4510,376,2025-10-31,168,168,0,0
4511,376,2025-11-30,168,168,0,0
4512,376,2025-12-31,168,168,0,0
4513,377,2025-01-31,181,181,0,0
4514,377,2025-02-28,181,180,0,1
4515,377,2025-03-31,180,180,0,0
4516,377,2025-04-30,180,179,0,1
4517,377,2025-05-31,179,179,0,0
4518,377,2025-06-30,179,179,0,0
4519,377,2025-07-31,179,177,0,2
4520,377,2025-08-31,177,242,66,1
4521,377,2025-09-30,242,242,0,0
4522,377,2025-10-31,242,240,0,2
4523,377,2025-11-30,240,240,0,0
4524,377,2025-12-31,240,240,0,0
4525,378,2025-01-31,180,178,0,2
4526,378,2025-02-28,178,177,0,1
4527,378,2025-03-31,177,175,0,2
4528,378,2025-04-30,175,175,0,0
4529,378,2025-05-31,175,175,0,0
4530,378,2025-06-30,175,175,0,0
4531,378,2025-07-31,175,307,132,0
4532,378,2025-08-31,307,307,0,0
4533,378,2025-09-30,307,302,0,5
4534,378,2025-10-31,302,302,0,0
4535,378,2025-11-30,302,302,0,0
4536,378,2025-12-31,302,302,0,0
4537,379,2025-01-31,200,197,0,3
4538,379,2025-02-28,197,196,0,1
4539,379,2025-03-31,196,196,0,0
4540,379,2025-04-30,196,195,0,1
4541,379,2025-05-31,195,195,0,0
4542,379,2025-06-30,195,244,51,2
4543,379,2025-07-31,244,347,106,3
4544,379,2025-08-31,347,418,71,0
4545,379,2025-09-30,418,418,0,0
4546,379,2025-10-31,418,556,139,1
4547,379,2025-11-30,556,553,0,3
4548,379,2025-12-31,553,553,0,0
4549,380,2025-01-31,70,67,0,3
4550,380,2025-02-28,67,66,0,1
4551,380,2025-03-31,66,65,0,1
4552,380,2025-04-30,65,65,0,0
4553,380,2025-05-31,65,134,69,0
4554,380,2025-06-30,134,134,0,0
4555,380,2025-07-31,134,134,0,0
4556,380,2025-08-31,134,256,123,1
4557,380,2025-09-30,256,253,0,3
4558,380,2025-10-31,253,252,0,1
4559,380,2025-11-30,252,252,0,0
4560,380,2025-12-31,252,252,0,0
4561,381,2025-01-31,149,149,0,0
4562,381,2025-02-28,149,147,0,2
4563,381,2025-03-31,147,146,0,1
4564,381,2025-04-30,146,146,0,0
4565,381,2025-05-31,146,144,0,2
4566,381,2025-06-30,144,144,0,0
4567,381,2025-07-31,144,144,0,0
4568,381,2025-08-31,144,144,0,0
4569,381,2025-09-30,144,288,144,0
4570,381,2025-10-31,288,286,0,2
4571,381,2025-11-30,286,284,0,2
4572,381,2025-12-31,284,284,0,0
4573,382,2025-01-31,147,147,0,0
4574,382,2025-02-28,147,147,0,0
4575,382,2025-03-31,147,147,0,0
4576,382,2025-04-30,147,147,0,0
4577,382,2025-05-31,147,276,129,0
4578,382,2025-06-30,276,276,0,0
4579,382,2025-07-31,276,336,60,0
4580,382,2025-08-31,336,488,152,0
4581,382,2025-09-30,488,484,0,4
4582,382,2025-10-31,484,482,0,2
4583,382,2025-11-30,482,634,153,1
4584,382,2025-12-31,634,672,40,2
4585,383,2025-01-31,103,101,0,2
4586,383,2025-02-28,101,100,0,1
4587,383,2025-03-31,100,97,0,3
4588,383,2025-04-30,97,96,0,1
4589,383,2025-05-31,96,254,158,0
4590,383,2025-06-30,254,253,0,1
4591,383,2025-07-31,253,250,0,3
4592,383,2025-08-31,250,362,112,0
4593,383,2025-09-30,362,362,0,0
4594,383,2025-10-31,362,361,0,1
4595,383,2025-11-30,361,359,0,2
4596,383,2025-12-31,359,359,0,0
4597,384,2025-01-31,143,188,48,3
4598,384,2025-02-28,188,346,158,0
4599,384,2025-03-31,346,346,0,0
4600,384,2025-04-30,346,346,0,0
4601,384,2025-05-31,346,345,0,1
4602,384,2025-06-30,345,345,0,0
4603,384,2025-07-31,345,343,0,2
4604,384,2025-08-31,343,343,0,0
4605,384,2025-09-30,343,343,0,0
4606,384,2025-10-31,343,343,0,0
4607,384,2025-11-30,343,341,0,2
4608,384,2025-12-31,341,341,0,0
4609,385,2025-01-31,142,136,0,6
4610,385,2025-02-28,136,134,0,2
4611,385,2025-03-31,134,134,0,0
4612,385,2025-04-30,134,134,0,0
4613,385,2025-05-31,134,132,0,2
4614,385,2025-06-30,132,130,0,2
4615,385,2025-07-31,130,130,0,0
4616,385,2025-08-31,130,130,0,0
4617,385,2025-09-30,130,257,130,3
4618,385,2025-10-31,257,257,0,0
4619,385,2025-11-30,257,326,70,1
4620,385,2025-12-31,326,326,0,0
4621,386,2025-01-31,100,100,0,0
4622,386,2025-02-28,100,100,0,0
4623,386,2025-03-31,100,173,77,4
4624,386,2025-04-30,173,173,0,0
4625,386,2025-05-31,173,173,0,0
4626,386,2025-06-30,173,286,113,0
4627,386,2025-07-31,286,283,0,3
4628,386,2025-08-31,283,283,0,0
4629,386,2025-09-30,283,283,0,0
4630,386,2025-10-31,283,283,0,0
4631,386,2025-11-30,283,283,0,0
4632,386,2025-12-31,283,281,0,2
4633,387,2025-01-31,122,201,79,0
4634,387,2025-02-28,201,200,0,1
4635,387,2025-03-31,200,196,0,4
4636,387,2025-04-30,196,196,0,0
4637,387,2025-05-31,196,196,0,0
4638,387,2025-06-30,196,194,0,2
4639,387,2025-07-31,194,190,0,4
4640,387,2025-08-31,190,189,0,1
4641,387,2025-09-30,189,189,0,0
4642,387,2025-10-31,189,188,0,1
4643,387,2025-11-30,188,187,0,1
4644,387,2025-12-31,187,328,141,0
4645,388,2025-01-31,172,171,0,1
4646,388,2025-02-28,171,168,0,3
4647,388,2025-03-31,168,168,0,0
4648,388,2025-04-30,168,168,0,0
4649,388,2025-05-31,168,168,0,0
4650,388,2025-06-30,168,163,0,5
4651,388,2025-07-31,163,160,0,3
4652,388,2025-08-31,160,160,0,0
4653,388,2025-09-30,160,242,82,0
4654,388,2025-10-31,242,242,0,0
4655,388,2025-11-30,242,291,49,0
4656,388,2025-12-31,291,288,0,3
4657,389,2025-01-31,212,212,0,0
4658,389,2025-02-28,212,209,0,3
4659,389,2025-03-31,209,206,0,3
4660,389,2025-04-30,206,263,57,0
4661,389,2025-05-31,263,263,0,0
4662,389,2025-06-30,263,263,0,0
4663,389,2025-07-31,263,261,0,2
4664,389,2025-08-31,261,261,0,0
4665,389,2025-09-30,261,363,103,1
4666,389,2025-10-31,363,363,0,0
4667,389,2025-11-30,363,361,0,2
4668,389,2025-12-31,361,361,0,0
4669,390,2025-01-31,198,197,0,1
4670,390,2025-02-28,197,328,131,0
4671,390,2025-03-31,328,325,0,3
4672,390,2025-04-30,325,450,125,0
4673,390,2025-05-31,450,448,0,2
4674,390,2025-06-30,448,490,47,5
4675,390,2025-07-31,490,490,0,0
4676,390,2025-08-31,490,490,0,0
4677,390,2025-09-30,490,490,0,0
4678,390,2025-10-31,490,489,0,1
4679,390,2025-11-30,489,487,0,2
4680,390,2025-12-31,487,485,0,2
4681,391,2025-01-31,207,204,0,3
4682,391,2025-02-28,204,203,0,1
4683,391,2025-03-31,203,200,0,3
4684,391,2025-04-30,200,200,0,0
4685,391,2025-05-31,200,199,0,1
4686,391,2025-06-30,199,199,0,0
4687,391,2025-07-31,199,198,0,1
4688,391,2025-08-31,198,198,0,0
4689,391,2025-09-30,198,198,0,0
4690,391,2025-10-31,198,196,0,2
4691,391,2025-11-30,196,195,0,1
4692,391,2025-12-31,195,329,134,0
4693,392,2025-01-31,137,137,0,0
4694,392,2025-02-28,137,137,0,0
4695,392,2025-03-31,137,137,0,0
4696,392,2025-04-30,137,137,0,0
4697,392,2025-05-31,137,137,0,0
4698,392,2025-06-30,137,137,0,0
4699,392,2025-07-31,137,136,0,1
4700,392,2025-08-31,136,136,0,0
4701,392,2025-09-30,136,133,0,3
4702,392,2025-10-31,133,131,0,2
4703,392,2025-11-30,131,131,0,0
4704,392,2025-12-31,131,130,0,1
4705,393,2025-01-31,199,301,102,0
4706,393,2025-02-28,301,301,0,0
4707,393,2025-03-31,301,300,0,1
4708,393,2025-04-30,300,300,0,0
4709,393,2025-05-31,300,298,0,2
4710,393,2025-06-30,298,298,0,0
4711,393,2025-07-31,298,351,53,0
4712,393,2025-08-31,351,348,0,3
4713,393,2025-09-30,348,348,0,0
4714,393,2025-10-31,348,348,0,0
4715,393,2025-11-30,348,348,0,0
4716,393,2025-12-31,348,348,0,0
4717,394,2025-01-31,178,174,0,4
4718,394,2025-02-28,174,174,0,0
4719,394,2025-03-31,174,174,0,0
4720,394,2025-04-30,174,309,138,3
4721,394,2025-05-31,309,377,69,1
4722,394,2025-06-30,377,442,66,1
4723,394,2025-07-31,442,528,86,0
4724,394,2025-08-31,528,650,122,0
4725,394,2025-09-30,650,650,0,0
4726,394,2025-10-31,650,650,0,0
4727,394,2025-11-30,650,648,0,2
4728,394,2025-12-31,648,647,0,1
4729,395,2025-01-31,166,166,0,0
4730,395,2025-02-28,166,166,0,0
4731,395,2025-03-31,166,289,125,2
4732,395,2025-04-30,289,287,0,2
4733,395,2025-05-31,287,285,0,2
4734,395,2025-06-30,285,285,0,0
4735,395,2025-07-31,285,438,153,0
4736,395,2025-08-31,438,581,145,2
4737,395,2025-09-30,581,581,0,0
4738,395,2025-10-31,581,577,0,4
4739,395,2025-11-30,577,575,0,2
4740,395,2025-12-31,575,572,0,3
4741,396,2025-01-31,147,147,0,0
4742,396,2025-02-28,147,142,0,5
4743,396,2025-03-31,142,141,0,1
4744,396,2025-04-30,141,141,0,0
4745,396,2025-05-31,141,141,0,0
4746,396,2025-06-30,141,138,0,3
4747,396,2025-07-31,138,137,0,1
4748,396,2025-08-31,137,275,138,0
4749,396,2025-09-30,275,272,0,3
4750,396,2025-10-31,272,272,0,0
4751,396,2025-11-30,272,271,0,1
4752,396,2025-12-31,271,268,0,3
4753,397,2025-01-31,122,122,0,0
4754,397,2025-02-28,122,122,0,0
4755,397,2025-03-31,122,199,80,3
4756,397,2025-04-30,199,199,0,0
4757,397,2025-05-31,199,342,143,0
4758,397,2025-06-30,342,451,111,2
4759,397,2025-07-31,451,497,46,0
4760,397,2025-08-31,497,497,0,0
4761,397,2025-09-30,497,497,0,0
4762,397,2025-10-31,497,647,150,0
4763,397,2025-11-30,647,647,0,0
4764,397,2025-12-31,647,646,0,1
4765,398,2025-01-31,105,105,0,0
4766,398,2025-02-28,105,104,0,1
4767,398,2025-03-31,104,159,56,1
4768,398,2025-04-30,159,159,0,0
4769,398,2025-05-31,159,156,0,3
4770,398,2025-06-30,156,156,0,0
4771,398,2025-07-31,156,154,0,2
4772,398,2025-08-31,154,151,0,3
4773,398,2025-09-30,151,217,66,0
4774,398,2025-10-31,217,217,0,0
4775,398,2025-11-30,217,217,0,0
4776,398,2025-12-31,217,217,0,0
4777,399,2025-01-31,132,131,0,1
4778,399,2025-02-28,131,131,0,0
4779,399,2025-03-31,131,173,42,0
4780,399,2025-04-30,173,169,0,4
4781,399,2025-05-31,169,169,0,0
4782,399,2025-06-30,169,169,0,0
4783,399,2025-07-31,169,168,0,1
4784,399,2025-08-31,168,168,0,0
4785,399,2025-09-30,168,168,0,0
4786,399,2025-10-31,168,168,0,0
4787,399,2025-11-30,168,166,0,2
4788,399,2025-12-31,166,164,0,2
4789,400,2025-01-31,127,124,0,3
4790,400,2025-02-28,124,122,0,2
4791,400,2025-03-31,122,177,55,0
4792,400,2025-04-30,177,177,0,0
4793,400,2025-05-31,177,177,0,0
4794,400,2025-06-30,177,177,0,0
4795,400,2025-07-31,177,299,124,2
4796,400,2025-08-31,299,299,0,0
4797,400,2025-09-30,299,299,0,0
4798,400,2025-10-31,299,299,0,0
4799,400,2025-11-30,299,299,0,0
4800,400,2025-12-31,299,297,0,2
4801,401,2025-01-31,62,62,0,0
4802,401,2025-02-28,62,61,0,1
4803,401,2025-03-31,61,61,0,0
4804,401,2025-04-30,61,58,0,3
4805,401,2025-05-31,58,58,0,0
4806,401,2025-06-30,58,58,0,0
4807,401,2025-07-31,58,57,0,1
4808,401,2025-08-31,57,210,153,0
4809,401,2025-09-30,210,304,94,0
4810,401,2025-10-31,304,304,0,0
4811,401,2025-11-30,304,449,147,2
4812,401,2025-12-31,449,445,0,4
4813,402,2025-01-31,109,106,0,3
4814,402,2025-02-28,106,106,0,0
4815,402,2025-03-31,106,104,0,2
4816,402,2025-04-30,104,248,144,0
4817,402,2025-05-31,248,248,0,0
4818,402,2025-06-30,248,247,0,1
4819,402,2025-07-31,247,245,0,2
4820,402,2025-08-31,245,245,0,0
4821,402,2025-09-30,245,245,0,0
4822,402,2025-10-31,245,244,0,1
4823,402,2025-11-30,244,243,0,1
4824,402,2025-12-31,243,315,74,2
4825,403,2025-01-31,171,170,0,1
4826,403,2025-02-28,170,170,0,0
4827,403,2025-03-31,170,169,0,1
4828,403,2025-04-30,169,169,0,0
4829,403,2025-05-31,169,169,0,0
4830,403,2025-06-30,169,168,0,1
4831,403,2025-07-31,168,168,0,0
4832,403,2025-08-31,168,167,0,1
4833,403,2025-09-30,167,167,0,0
4834,403,2025-10-31,167,167,0,0
4835,403,2025-11-30,167,167,0,0
4836,403,2025-12-31,167,167,0,0
4837,404,2025-01-31,122,122,0,0
4838,404,2025-02-28,122,216,97,3
4839,404,2025-03-31,216,300,85,1
4840,404,2025-04-30,300,300,0,0
4841,404,2025-05-31,300,300,0,0
4842,404,2025-06-30,300,297,0,3
4843,404,2025-07-31,297,296,0,1
4844,404,2025-08-31,296,296,0,0
4845,404,2025-09-30,296,296,0,0
4846,404,2025-10-31,296,296,0,0
4847,404,2025-11-30,296,338,42,0
4848,404,2025-12-31,338,334,0,4
4849,405,2025-01-31,79,78,0,1
4850,405,2025-02-28,78,78,0,0
4851,405,2025-03-31,78,182,104,0
4852,405,2025-04-30,182,232,52,2
4853,405,2025-05-31,232,232,0,0
4854,405,2025-06-30,232,232,0,0
4855,405,2025-07-31,232,230,0,2
4856,405,2025-08-31,230,274,44,0
4857,405,2025-09-30,274,273,0,1
4858,405,2025-10-31,273,273,0,0
4859,405,2025-11-30,273,270,0,3
4860,405,2025-12-31,270,326,56,0
4861,406,2025-01-31,166,166,0,0
4862,406,2025-02-28,166,242,76,0
4863,406,2025-03-31,242,242,0,0
4864,406,2025-04-30,242,239,0,3
4865,406,2025-05-31,239,344,105,0
4866,406,2025-06-30,344,341,0,3
4867,406,2025-07-31,341,338,0,3
4868,406,2025-08-31,338,335,0,3
4869,406,2025-09-30,335,335,0,0
4870,406,2025-10-31,335,335,0,0
4871,406,2025-11-30,335,332,0,3
4872,406,2025-12-31,332,332,0,0
4873,407,2025-01-31,148,148,0,0
4874,407,2025-02-28,148,147,0,1
4875,407,2025-03-31,147,147,0,0
4876,407,2025-04-30,147,147,0,0
4877,407,2025-05-31,147,147,0,0
4878,407,2025-06-30,147,147,0,0
4879,407,2025-07-31,147,147,0,0
4880,407,2025-08-31,147,146,0,1
4881,407,2025-09-30,146,146,0,0
4882,407,2025-10-31,146,231,85,0
4883,407,2025-11-30,231,231,0,0
4884,407,2025-12-31,231,226,0,5
4885,408,2025-01-31,213,213,0,0
4886,408,2025-02-28,213,316,103,0
4887,408,2025-03-31,316,316,0,0
4888,408,2025-04-30,316,316,0,0
4889,408,2025-05-31,316,313,0,3
4890,408,2025-06-30,313,313,0,0
4891,408,2025-07-31,313,313,0,0
4892,408,2025-08-31,313,312,0,1
4893,408,2025-09-30,312,312,0,0
4894,408,2025-10-31,312,312,0,0
4895,408,2025-11-30,312,439,128,1
4896,408,2025-12-31,439,437,0,2
4897,409,2025-01-31,137,239,102,0
4898,409,2025-02-28,239,239,0,0
4899,409,2025-03-31,239,238,0,1
4900,409,2025-04-30,238,368,130,0
4901,409,2025-05-31,368,368,0,0
4902,409,2025-06-30,368,368,0,0
4903,409,2025-07-31,368,368,0,0
4904,409,2025-08-31,368,367,0,1
4905,409,2025-09-30,367,367,0,0
4906,409,2025-10-31,367,367,0,0
4907,409,2025-11-30,367,478,113,2
4908,409,2025-12-31,478,478,0,0
4909,410,2025-01-31,186,183,0,3
4910,410,2025-02-28,183,183,0,0
4911,410,2025-03-31,183,179,0,4
4912,410,2025-04-30,179,177,0,2
4913,410,2025-05-31,177,177,0,0
4914,410,2025-06-30,177,230,53,0
4915,410,2025-07-31,230,229,0,1
4916,410,2025-08-31,229,229,0,0
4917,410,2025-09-30,229,229,0,0
4918,410,2025-10-31,229,270,44,3
4919,410,2025-11-30,270,382,112,0
4920,410,2025-12-31,382,382,0,0
4921,411,2025-01-31,153,153,0,0
4922,411,2025-02-28,153,153,0,0
4923,411,2025-03-31,153,196,43,0
4924,411,2025-04-30,196,195,0,1
4925,411,2025-05-31,195,195,0,0
4926,411,2025-06-30,195,194,0,1
4927,411,2025-07-31,194,194,0,0
4928,411,2025-08-31,194,194,0,0
4929,411,2025-09-30,194,194,0,0
4930,411,2025-10-31,194,194,0,0
4931,411,2025-11-30,194,242,49,1
4932,411,2025-12-31,242,242,0,0
4933,412,2025-01-31,130,130,0,0
4934,412,2025-02-28,130,130,0,0
4935,412,2025-03-31,130,129,0,1
4936,412,2025-04-30,129,240,111,0
4937,412,2025-05-31,240,240,0,0
4938,412,2025-06-30,240,397,157,0
4939,412,2025-07-31,397,397,0,0
4940,412,2025-08-31,397,394,0,3
4941,412,2025-09-30,394,394,0,0
4942,412,2025-10-31,394,523,131,2
4943,412,2025-11-30,523,523,0,0
4944,412,2025-12-31,523,522,0,1
4945,413,2025-01-31,116,116,0,0
4946,413,2025-02-28,116,116,0,0
4947,413,2025-03-31,116,114,0,2
4948,413,2025-04-30,114,114,0,0
4949,413,2025-05-31,114,268,156,2
4950,413,2025-06-30,268,267,0,1
4951,413,2025-07-31,267,266,0,1
4952,413,2025-08-31,266,265,0,1
4953,413,2025-09-30,265,367,102,0
4954,413,2025-10-31,367,364,0,3
4955,413,2025-11-30,364,361,0,3
4956,413,2025-12-31,361,361,0,0
4957,414,2025-01-31,171,170,0,1
4958,414,2025-02-28,170,248,79,1
4959,414,2025-03-31,248,248,0,0
4960,414,2025-04-30,248,248,0,0
4961,414,2025-05-31,248,374,127,1
4962,414,2025-06-30,374,371,0,3
4963,414,2025-07-31,371,371,0,0
4964,414,2025-08-31,371,371,0,0
4965,414,2025-09-30,371,371,0,0
4966,414,2025-10-31,371,371,0,0
4967,414,2025-11-30,371,370,0,1
4968,414,2025-12-31,370,370,0,0
4969,415,2025-01-31,94,94,0,0
4970,415,2025-02-28,94,91,0,3
4971,415,2025-03-31,91,86,0,5
4972,415,2025-04-30,86,83,0,3
4973,415,2025-05-31,83,82,0,1
4974,415,2025-06-30,82,81,0,1
4975,415,2025-07-31,81,81,0,0
4976,415,2025-08-31,81,79,0,2
4977,415,2025-09-30,79,78,0,1
4978,415,2025-10-31,78,75,0,3
4979,415,2025-11-30,75,69,0,6
4980,415,2025-12-31,69,69,0,0
4981,416,2025-01-31,170,170,0,0
4982,416,2025-02-28,170,169,0,1
4983,416,2025-03-31,169,246,79,2
4984,416,2025-04-30,246,246,0,0
4985,416,2025-05-31,246,243,0,3
4986,416,2025-06-30,243,243,0,0
4987,416,2025-07-31,243,243,0,0
4988,416,2025-08-31,243,243,0,0
4989,416,2025-09-30,243,350,108,1
4990,416,2025-10-31,350,350,0,0
4991,416,2025-11-30,350,350,0,0
4992,416,2025-12-31,350,447,97,0
4993,417,2025-01-31,79,77,0,2
4994,417,2025-02-28,77,77,0,0
4995,417,2025-03-31,77,77,0,0
4996,417,2025-04-30,77,77,0,0
4997,417,2025-05-31,77,74,0,3
4998,417,2025-06-30,74,74,0,0
4999,417,2025-07-31,74,74,0,0
5000,417,2025-08-31,74,74,0,0
5001,417,2025-09-30,74,74,0,0
5002,417,2025-10-31,74,73,0,1
5003,417,2025-11-30,73,73,0,0
5004,417,2025-12-31,73,72,0,1
5005,418,2025-01-31,143,142,0,1
5006,418,2025-02-28,142,142,0,0
5007,418,2025-03-31,142,140,0,2
5008,418,2025-04-30,140,207,67,0
5009,418,2025-05-31,207,207,0,0
5010,418,2025-06-30,207,204,0,3
5011,418,2025-07-31,204,203,0,1
5012,418,2025-08-31,203,203,0,0
5013,418,2025-09-30,203,203,0,0
5014,418,2025-10-31,203,203,0,0
5015,418,2025-11-30,203,203,0,0
5016,418,2025-12-31,203,327,124,0
5017,419,2025-01-31,65,65,0,0
5018,419,2025-02-28,65,65,0,0
5019,419,2025-03-31,65,65,0,0
5020,419,2025-04-30,65,64,0,1
5021,419,2025-05-31,64,64,0,0
5022,419,2025-06-30,64,64,0,0
5023,419,2025-07-31,64,64,0,0
5024,419,2025-08-31,64,64,0,0
5025,419,2025-09-30,64,171,109,2
5026,419,2025-10-31,171,170,0,1
5027,419,2025-11-30,170,170,0,0
5028,419,2025-12-31,170,296,127,1
5029,420,2025-01-31,176,175,0,1
5030,420,2025-02-28,175,174,0,1
5031,420,2025-03-31,174,172,0,2
5032,420,2025-04-30,172,172,0,0
5033,420,2025-05-31,172,172,0,0
5034,420,2025-06-30,172,172,0,0
5035,420,2025-07-31,172,251,80,1
5036,420,2025-08-31,251,249,0,2
5037,420,2025-09-30,249,248,0,1
5038,420,2025-10-31,248,248,0,0
5039,420,2025-11-30,248,248,0,0
5040,420,2025-12-31,248,286,42,4
5041,421,2025-01-31,190,189,0,1
5042,421,2025-02-28,189,261,74,2
5043,421,2025-03-31,261,261,0,0
5044,421,2025-04-30,261,380,122,3
5045,421,2025-05-31,380,379,0,1
5046,421,2025-06-30,379,373,0,6
5047,421,2025-07-31,373,372,0,1
5048,421,2025-08-31,372,372,0,0
5049,421,2025-09-30,372,372,0,0
5050,421,2025-10-31,372,372,0,0
5051,421,2025-11-30,372,503,131,0
5052,421,2025-12-31,503,550,49,2
5053,422,2025-01-31,91,90,0,1
5054,422,2025-02-28,90,146,56,0
5055,422,2025-03-31,146,142,0,4
5056,422,2025-04-30,142,139,0,3
5057,422,2025-05-31,139,139,0,0
5058,422,2025-06-30,139,139,0,0
5059,422,2025-07-31,139,193,54,0
5060,422,2025-08-31,193,193,0,0
5061,422,2025-09-30,193,239,46,0
5062,422,2025-10-31,239,239,0,0
5063,422,2025-11-30,239,239,0,0
5064,422,2025-12-31,239,239,0,0
5065,423,2025-01-31,191,191,0,0
5066,423,2025-02-28,191,190,0,1
5067,423,2025-03-31,190,190,0,0
5068,423,2025-04-30,190,190,0,0
5069,423,2025-05-31,190,185,0,5
5070,423,2025-06-30,185,297,112,0
5071,423,2025-07-31,297,297,0,0
5072,423,2025-08-31,297,297,0,0
5073,423,2025-09-30,297,297,0,0
5074,423,2025-10-31,297,292,0,5
5075,423,2025-11-30,292,375,85,2
5076,423,2025-12-31,375,374,0,1
5077,424,2025-01-31,106,201,96,1
5078,424,2025-02-28,201,284,84,1
5079,424,2025-03-31,284,430,148,2
5080,424,2025-04-30,430,430,0,0
5081,424,2025-05-31,430,430,0,0
5082,424,2025-06-30,430,580,151,1
5083,424,2025-07-31,580,580,0,0
5084,424,2025-08-31,580,580,0,0
5085,424,2025-09-30,580,580,0,0
5086,424,2025-10-31,580,580,0,0
5087,424,2025-11-30,580,580,0,0
5088,424,2025-12-31,580,577,0,3
5089,425,2025-01-31,189,187,0,2
5090,425,2025-02-28,187,184,0,3
5091,425,2025-03-31,184,184,0,0
5092,425,2025-04-30,184,184,0,0
5093,425,2025-05-31,184,182,0,2
5094,425,2025-06-30,182,182,0,0
5095,425,2025-07-31,182,181,0,1
5096,425,2025-08-31,181,181,0,0
5097,425,2025-09-30,181,180,0,1
5098,425,2025-10-31,180,180,0,0
5099,425,2025-11-30,180,180,0,0
5100,425,2025-12-31,180,175,0,5
5101,426,2025-01-31,71,209,138,0
5102,426,2025-02-28,209,208,0,1
5103,426,2025-03-31,208,208,0,0
5104,426,2025-04-30,208,208,0,0
5105,426,2025-05-31,208,365,158,1
5106,426,2025-06-30,365,363,0,2
5107,426,2025-07-31,363,363,0,0
5108,426,2025-08-31,363,481,118,0
5109,426,2025-09-30,481,479,0,2
5110,426,2025-10-31,479,477,0,2
5111,426,2025-11-30,477,476,0,1
5112,426,2025-12-31,476,474,0,2
5113,427,2025-01-31,190,188,0,2
5114,427,2025-02-28,188,188,0,0
5115,427,2025-03-31,188,277,89,0
5116,427,2025-04-30,277,275,0,2
5117,427,2025-05-31,275,354,79,0
5118,427,2025-06-30,354,354,0,0
5119,427,2025-07-31,354,353,0,1
5120,427,2025-08-31,353,353,0,0
5121,427,2025-09-30,353,485,133,1
5122,427,2025-10-31,485,485,0,0
5123,427,2025-11-30,485,484,0,1
5124,427,2025-12-31,484,483,0,1
5125,428,2025-01-31,96,230,134,0
5126,428,2025-02-28,230,229,0,1
5127,428,2025-03-31,229,284,58,3
5128,428,2025-04-30,284,284,0,0
5129,428,2025-05-31,284,370,86,0
5130,428,2025-06-30,370,470,100,0
5131,428,2025-07-31,470,469,0,1
5132,428,2025-08-31,469,468,0,1
5133,428,2025-09-30,468,468,0,0
5134,428,2025-10-31,468,593,127,2
5135,428,2025-11-30,593,593,0,0
5136,428,2025-12-31,593,591,0,2
5137,429,2025-01-31,134,134,0,0
5138,429,2025-02-28,134,134,0,0
5139,429,2025-03-31,134,132,0,2
5140,429,2025-04-30,132,215,86,3
5141,429,2025-05-31,215,215,0,0
5142,429,2025-06-30,215,215,0,0
5143,429,2025-07-31,215,215,0,0
5144,429,2025-08-31,215,212,0,3
5145,429,2025-09-30,212,212,0,0
5146,429,2025-10-31,212,209,0,3
5147,429,2025-11-30,209,208,0,1
5148,429,2025-12-31,208,205,0,3
5149,430,2025-01-31,184,184,0,0
5150,430,2025-02-28,184,184,0,0
5151,430,2025-03-31,184,184,0,0
5152,430,2025-04-30,184,183,0,1
5153,430,2025-05-31,183,183,0,0
5154,430,2025-06-30,183,183,0,0
5155,430,2025-07-31,183,241,58,0
5156,430,2025-08-31,241,241,0,0
5157,430,2025-09-30,241,241,0,0
5158,430,2025-10-31,241,240,0,1
5159,430,2025-11-30,240,240,0,0
5160,430,2025-12-31,240,348,108,0
5161,431,2025-01-31,95,95,0,0
5162,431,2025-02-28,95,95,0,0
5163,431,2025-03-31,95,95,0,0
5164,431,2025-04-30,95,190,97,2
5165,431,2025-05-31,190,190,0,0
5166,431,2025-06-30,190,189,0,1
5167,431,2025-07-31,189,189,0,0
5168,431,2025-08-31,189,189,0,0
5169,431,2025-09-30,189,189,0,0
5170,431,2025-10-31,189,186,0,3
5171,431,2025-11-30,186,185,0,1
5172,431,2025-12-31,185,185,0,0
5173,432,2025-01-31,125,123,0,2
5174,432,2025-02-28,123,122,0,1
5175,432,2025-03-31,122,122,0,0
5176,432,2025-04-30,122,122,0,0
5177,432,2025-05-31,122,122,0,0
5178,432,2025-06-30,122,122,0,0
5179,432,2025-07-31,122,122,0,0
5180,432,2025-08-31,122,121,0,1
5181,432,2025-09-30,121,121,0,0
5182,432,2025-10-31,121,247,127,1
5183,432,2025-11-30,247,245,0,2
5184,432,2025-12-31,245,244,0,1
5185,433,2025-01-31,111,111,0,0
5186,433,2025-02-28,111,108,0,3
5187,433,2025-03-31,108,106,0,2
5188,433,2025-04-30,106,106,0,0
5189,433,2025-05-31,106,106,0,0
5190,433,2025-06-30,106,106,0,0
5191,433,2025-07-31,106,198,92,0
5192,433,2025-08-31,198,198,0,0
5193,433,2025-09-30,198,198,0,0
5194,433,2025-10-31,198,197,0,1
5195,433,2025-11-30,197,286,89,0
5196,433,2025-12-31,286,285,0,1
5197,434,2025-01-31,138,138,0,0
5198,434,2025-02-28,138,138,0,0
5199,434,2025-03-31,138,137,0,1
5200,434,2025-04-30,137,136,0,1
5201,434,2025-05-31,136,135,0,1
5202,434,2025-06-30,135,231,98,2
5203,434,2025-07-31,231,324,93,0
5204,434,2025-08-31,324,323,0,1
5205,434,2025-09-30,323,323,0,0
5206,434,2025-10-31,323,321,0,2
5207,434,2025-11-30,321,320,0,1
5208,434,2025-12-31,320,396,76,0
5209,435,2025-01-31,97,222,125,0
5210,435,2025-02-28,222,340,119,1
5211,435,2025-03-31,340,412,73,1
5212,435,2025-04-30,412,412,0,0
5213,435,2025-05-31,412,410,0,2
5214,435,2025-06-30,410,410,0,0
5215,435,2025-07-31,410,408,0,2
5216,435,2025-08-31,408,408,0,0
5217,435,2025-09-30,408,408,0,0
5218,435,2025-10-31,408,408,0,0
5219,435,2025-11-30,408,407,0,1
5220,435,2025-12-31,407,403,0,4
5221,436,2025-01-31,214,214,0,0
5222,436,2025-02-28,214,315,102,1
5223,436,2025-03-31,315,314,0,1
5224,436,2025-04-30,314,314,0,0
5225,436,2025-05-31,314,314,0,0
5226,436,2025-06-30,314,314,0,0
5227,436,2025-07-31,314,438,124,0
5228,436,2025-08-31,438,438,0,0
5229,436,2025-09-30,438,438,0,0
5230,436,2025-10-31,438,438,0,0
5231,436,2025-11-30,438,438,0,0
5232,436,2025-12-31,438,436,0,2
5233,437,2025-01-31,77,77,0,0
5234,437,2025-02-28,77,77,0,0
5235,437,2025-03-31,77,75,0,2
5236,437,2025-04-30,75,75,0,0
5237,437,2025-05-31,75,73,0,2
5238,437,2025-06-30,73,73,0,0
5239,437,2025-07-31,73,72,0,1
5240,437,2025-08-31,72,158,90,4
5241,437,2025-09-30,158,155,0,3
5242,437,2025-10-31,155,155,0,0
5243,437,2025-11-30,155,155,0,0
5244,437,2025-12-31,155,154,0,1
5245,438,2025-01-31,137,137,0,0
5246,438,2025-02-28,137,280,143,0
5247,438,2025-03-31,280,329,49,0
5248,438,2025-04-30,329,329,0,0
5249,438,2025-05-31,329,484,158,3
5250,438,2025-06-30,484,482,0,2
5251,438,2025-07-31,482,481,0,1
5252,438,2025-08-31,481,481,0,0
5253,438,2025-09-30,481,569,88,0
5254,438,2025-10-31,569,569,0,0
5255,438,2025-11-30,569,569,0,0
5256,438,2025-12-31,569,622,54,1
5257,439,2025-01-31,212,210,0,2
5258,439,2025-02-28,210,209,0,1
5259,439,2025-03-31,209,205,0,4
5260,439,2025-04-30,205,205,0,0
5261,439,2025-05-31,205,205,0,0
5262,439,2025-06-30,205,205,0,0
5263,439,2025-07-31,205,205,0,0
5264,439,2025-08-31,205,205,0,0
5265,439,2025-09-30,205,201,0,4
5266,439,2025-10-31,201,201,0,0
5267,439,2025-11-30,201,201,0,0
5268,439,2025-12-31,201,200,0,1
5269,440,2025-01-31,160,160,0,0
5270,440,2025-02-28,160,225,69,4
5271,440,2025-03-31,225,223,0,2
5272,440,2025-04-30,223,221,0,2
5273,440,2025-05-31,221,220,0,1
5274,440,2025-06-30,220,220,0,0
5275,440,2025-07-31,220,220,0,0
5276,440,2025-08-31,220,308,88,0
5277,440,2025-09-30,308,308,0,0
5278,440,2025-10-31,308,305,0,3
5279,440,2025-11-30,305,305,0,0
5280,440,2025-12-31,305,305,0,0
5281,441,2025-01-31,178,224,46,0
5282,441,2025-02-28,224,224,0,0
5283,441,2025-03-31,224,222,0,2
5284,441,2025-04-30,222,222,0,0
5285,441,2025-05-31,222,335,113,0
5286,441,2025-06-30,335,335,0,0
5287,441,2025-07-31,335,335,0,0
5288,441,2025-08-31,335,335,0,0
5289,441,2025-09-30,335,335,0,0
5290,441,2025-10-31,335,335,0,0
5291,441,2025-11-30,335,465,134,4
5292,441,2025-12-31,465,465,0,0
5293,442,2025-01-31,152,250,99,1
5294,442,2025-02-28,250,246,0,4
5295,442,2025-03-31,246,244,0,2
5296,442,2025-04-30,244,244,0,0
5297,442,2025-05-31,244,244,0,0
5298,442,2025-06-30,244,242,0,2
5299,442,2025-07-31,242,242,0,0
5300,442,2025-08-31,242,314,72,0
5301,442,2025-09-30,314,314,0,0
5302,442,2025-10-31,314,422,108,0
5303,442,2025-11-30,422,581,159,0
5304,442,2025-12-31,581,726,147,2
5305,443,2025-01-31,185,289,104,0
5306,443,2025-02-28,289,289,0,0
5307,443,2025-03-31,289,288,0,1
5308,443,2025-04-30,288,288,0,0
5309,443,2025-05-31,288,288,0,0
5310,443,2025-06-30,288,287,0,1
5311,443,2025-07-31,287,286,0,1
5312,443,2025-08-31,286,373,88,1
5313,443,2025-09-30,373,446,73,0
5314,443,2025-10-31,446,446,0,0
5315,443,2025-11-30,446,446,0,0
5316,443,2025-12-31,446,446,0,0
5317,444,2025-01-31,188,187,0,1
5318,444,2025-02-28,187,186,0,1
5319,444,2025-03-31,186,182,0,4
5320,444,2025-04-30,182,181,0,1
5321,444,2025-05-31,181,267,86,0
5322,444,2025-06-30,267,263,0,4
5323,444,2025-07-31,263,263,0,0
5324,444,2025-08-31,263,263,0,0
5325,444,2025-09-30,263,262,0,1
5326,444,2025-10-31,262,262,0,0
5327,444,2025-11-30,262,262,0,0
5328,444,2025-12-31,262,257,0,5
5329,445,2025-01-31,197,341,144,0
5330,445,2025-02-28,341,337,0,4
5331,445,2025-03-31,337,337,0,0
5332,445,2025-04-30,337,334,0,3
5333,445,2025-05-31,334,456,122,0
5334,445,2025-06-30,456,456,0,0
5335,445,2025-07-31,456,455,0,1
5336,445,2025-08-31,455,452,0,3
5337,445,2025-09-30,452,452,0,0
5338,445,2025-10-31,452,452,0,0
5339,445,2025-11-30,452,513,65,4
5340,445,2025-12-31,513,513,0,0
5341,446,2025-01-31,164,164,0,0
5342,446,2025-02-28,164,164,0,0
5343,446,2025-03-31,164,162,0,2
5344,446,2025-04-30,162,227,68,3
5345,446,2025-05-31,227,227,0,0
5346,446,2025-06-30,227,227,0,0
5347,446,2025-07-31,227,227,0,0
5348,446,2025-08-31,227,354,127,0
5349,446,2025-09-30,354,486,132,0
5350,446,2025-10-31,486,486,0,0
5351,446,2025-11-30,486,485,0,1
5352,446,2025-12-31,485,485,0,0
5353,447,2025-01-31,116,115,0,1
5354,447,2025-02-28,115,114,0,1
5355,447,2025-03-31,114,249,135,0
5356,447,2025-04-30,249,378,129,0
5357,447,2025-05-31,378,487,109,0
5358,447,2025-06-30,487,485,0,2
5359,447,2025-07-31,485,483,0,2
5360,447,2025-08-31,483,550,70,3
5361,447,2025-09-30,550,550,0,0
5362,447,2025-10-31,550,550,0,0
5363,447,2025-11-30,550,550,0,0
5364,447,2025-12-31,550,617,67,0
5365,448,2025-01-31,111,111,0,0
5366,448,2025-02-28,111,108,0,3
5367,448,2025-03-31,108,107,0,1
5368,448,2025-04-30,107,107,0,0
5369,448,2025-05-31,107,107,0,0
5370,448,2025-06-30,107,107,0,0
5371,448,2025-07-31,107,107,0,0
5372,448,2025-08-31,107,244,137,0
5373,448,2025-09-30,244,242,0,2
5374,448,2025-10-31,242,241,0,1
5375,448,2025-11-30,241,241,0,0
5376,448,2025-12-31,241,239,0,2
5377,449,2025-01-31,176,175,0,1
5378,449,2025-02-28,175,175,0,0
5379,449,2025-03-31,175,310,135,0
5380,449,2025-04-30,310,365,55,0
5381,449,2025-05-31,365,461,100,4
5382,449,2025-06-30,461,460,0,1
5383,449,2025-07-31,460,460,0,0
5384,449,2025-08-31,460,459,0,1
5385,449,2025-09-30,459,456,0,3
5386,449,2025-10-31,456,581,125,0
5387,449,2025-11-30,581,581,0,0
5388,449,2025-12-31,581,710,129,0
5389,450,2025-01-31,205,205,0,0
5390,450,2025-02-28,205,290,85,0
5391,450,2025-03-31,290,288,0,2
5392,450,2025-04-30,288,288,0,0
5393,450,2025-05-31,288,288,0,0
5394,450,2025-06-30,288,288,0,0
5395,450,2025-07-31,288,328,40,0
5396,450,2025-08-31,328,327,0,1
5397,450,2025-09-30,327,325,0,2
5398,450,2025-10-31,325,324,0,1
5399,450,2025-11-30,324,324,0,0
5400,450,2025-12-31,324,321,0,3
5401,451,2025-01-31,177,176,0,1
5402,451,2025-02-28,176,175,0,1
5403,451,2025-03-31,175,263,88,0
5404,451,2025-04-30,263,261,0,2
5405,451,2025-05-31,261,396,135,0
5406,451,2025-06-30,396,393,0,3
5407,451,2025-07-31,393,393,0,0
5408,451,2025-08-31,393,393,0,0
5409,451,2025-09-30,393,392,0,1
5410,451,2025-10-31,392,392,0,0
5411,451,2025-11-30,392,391,0,1
5412,451,2025-12-31,391,478,88,1
5413,452,2025-01-31,60,59,0,1
5414,452,2025-02-28,59,159,100,0
5415,452,2025-03-31,159,159,0,0
5416,452,2025-04-30,159,210,51,0
5417,452,2025-05-31,210,338,128,0
5418,452,2025-06-30,338,337,0,1
5419,452,2025-07-31,337,337,0,0
5420,452,2025-08-31,337,334,0,3
5421,452,2025-09-30,334,408,75,1
5422,452,2025-10-31,408,406,0,2
5423,452,2025-11-30,406,406,0,0
5424,452,2025-12-31,406,404,0,2
5425,453,2025-01-31,154,297,143,0
5426,453,2025-02-28,297,296,0,1
5427,453,2025-03-31,296,371,75,0
5428,453,2025-04-30,371,371,0,0
5429,453,2025-05-31,371,371,0,0
5430,453,2025-06-30,371,370,0,1
5431,453,2025-07-31,370,478,110,2
5432,453,2025-08-31,478,478,0,0
5433,453,2025-09-30,478,478,0,0
5434,453,2025-10-31,478,589,111,0
5435,453,2025-11-30,589,588,0,1
5436,453,2025-12-31,588,588,0,0
5437,454,2025-01-31,110,110,0,0
5438,454,2025-02-28,110,109,0,1
5439,454,2025-03-31,109,155,47,1
5440,454,2025-04-30,155,155,0,0
5441,454,2025-05-31,155,152,0,3
5442,454,2025-06-30,152,151,0,1
5443,454,2025-07-31,151,151,0,0
5444,454,2025-08-31,151,300,150,1
5445,454,2025-09-30,300,300,0,0
5446,454,2025-10-31,300,300,0,0
5447,454,2025-11-30,300,416,116,0
5448,454,2025-12-31,416,550,136,2
5449,455,2025-01-31,211,210,0,1
5450,455,2025-02-28,210,210,0,0
5451,455,2025-03-31,210,206,0,4
5452,455,2025-04-30,206,206,0,0
5453,455,2025-05-31,206,206,0,0
5454,455,2025-06-30,206,204,0,2
5455,455,2025-07-31,204,200,0,4
5456,455,2025-08-31,200,312,112,0
5457,455,2025-09-30,312,312,0,0
5458,455,2025-10-31,312,312,0,0
5459,455,2025-11-30,312,312,0,0
5460,455,2025-12-31,312,312,0,0
5461,456,2025-01-31,192,190,0,2
5462,456,2025-02-28,190,189,0,1
5463,456,2025-03-31,189,189,0,0
5464,456,2025-04-30,189,242,54,1
5465,456,2025-05-31,242,366,125,1
5466,456,2025-06-30,366,365,0,1
5467,456,2025-07-31,365,365,0,0
5468,456,2025-08-31,365,360,0,5
5469,456,2025-09-30,360,360,0,0
5470,456,2025-10-31,360,360,0,0
5471,456,2025-11-30,360,359,0,1
5472,456,2025-12-31,359,358,0,1
5473,457,2025-01-31,117,117,0,0
5474,457,2025-02-28,117,117,0,0
5475,457,2025-03-31,117,116,0,1
5476,457,2025-04-30,116,116,0,0
5477,457,2025-05-31,116,116,0,0
5478,457,2025-06-30,116,116,0,0
5479,457,2025-07-31,116,116,0,0
5480,457,2025-08-31,116,116,0,0
5481,457,2025-09-30,116,115,0,1
5482,457,2025-10-31,115,216,101,0
5483,457,2025-11-30,216,213,0,3
5484,457,2025-12-31,213,211,0,2
5485,458,2025-01-31,212,208,0,4
5486,458,2025-02-28,208,208,0,0
5487,458,2025-03-31,208,277,70,1
5488,458,2025-04-30,277,277,0,0
5489,458,2025-05-31,277,342,67,2
5490,458,2025-06-30,342,341,0,1
5491,458,2025-07-31,341,341,0,0
5492,458,2025-08-31,341,340,0,1
5493,458,2025-09-30,340,495,158,3
5494,458,2025-10-31,495,495,0,0
5495,458,2025-11-30,495,536,42,1
5496,458,2025-12-31,536,662,127,1
5497,459,2025-01-31,194,193,0,1
5498,459,2025-02-28,193,190,0,3
5499,459,2025-03-31,190,190,0,0
5500,459,2025-04-30,190,188,0,2
5501,459,2025-05-31,188,186,0,2
5502,459,2025-06-30,186,310,125,1
5503,459,2025-07-31,310,305,0,5
5504,459,2025-08-31,305,305,0,0
5505,459,2025-09-30,305,303,0,2
5506,459,2025-10-31,303,303,0,0
5507,459,2025-11-30,303,302,0,1
5508,459,2025-12-31,302,302,0,0
5509,460,2025-01-31,119,190,71,0
5510,460,2025-02-28,190,190,0,0
5511,460,2025-03-31,190,190,0,0
5512,460,2025-04-30,190,189,0,1
5513,460,2025-05-31,189,189,0,0
5514,460,2025-06-30,189,189,0,0
5515,460,2025-07-31,189,186,0,3
5516,460,2025-08-31,186,186,0,0
5517,460,2025-09-30,186,185,0,1
5518,460,2025-10-31,185,275,92,2
5519,460,2025-11-30,275,275,0,0
5520,460,2025-12-31,275,275,0,0
5521,461,2025-01-31,126,126,0,0
5522,461,2025-02-28,126,126,0,0
5523,461,2025-03-31,126,126,0,0
5524,461,2025-04-30,126,126,0,0
5525,461,2025-05-31,126,126,0,0
5526,461,2025-06-30,126,192,66,0
5527,461,2025-07-31,192,192,0,0
5528,461,2025-08-31,192,192,0,0
5529,461,2025-09-30,192,290,101,3
5530,461,2025-10-31,290,343,58,5
5531,461,2025-11-30,343,343,0,0
5532,461,2025-12-31,343,343,0,0
5533,462,2025-01-31,125,124,0,1
5534,462,2025-02-28,124,124,0,0
5535,462,2025-03-31,124,123,0,1
5536,462,2025-04-30,123,123,0,0
5537,462,2025-05-31,123,123,0,0
5538,462,2025-06-30,123,188,65,0
5539,462,2025-07-31,188,187,0,1
5540,462,2025-08-31,187,292,107,2
5541,462,2025-09-30,292,287,0,5
5542,462,2025-10-31,287,286,0,1
5543,462,2025-11-30,286,284,0,2
5544,462,2025-12-31,284,284,0,0
5545,463,2025-01-31,102,102,0,0
5546,463,2025-02-28,102,243,144,3
5547,463,2025-03-31,243,242,0,1
5548,463,2025-04-30,242,241,0,1
5549,463,2025-05-31,241,239,0,2
5550,463,2025-06-30,239,239,0,0
5551,463,2025-07-31,239,236,0,3
5552,463,2025-08-31,236,234,0,2
5553,463,2025-09-30,234,345,111,0
5554,463,2025-10-31,345,343,0,2
5555,463,2025-11-30,343,342,0,1
5556,463,2025-12-31,342,342,0,0
5557,464,2025-01-31,175,173,0,2
5558,464,2025-02-28,173,256,84,1
5559,464,2025-03-31,256,254,0,2
5560,464,2025-04-30,254,374,120,0
5561,464,2025-05-31,374,374,0,0
5562,464,2025-06-30,374,416,42,0
5563,464,2025-07-31,416,414,0,2
5564,464,2025-08-31,414,414,0,0
5565,464,2025-09-30,414,412,0,2
5566,464,2025-10-31,412,412,0,0
5567,464,2025-11-30,412,412,0,0
5568,464,2025-12-31,412,487,75,0
5569,465,2025-01-31,114,114,0,0
5570,465,2025-02-28,114,114,0,0
5571,465,2025-03-31,114,114,0,0
5572,465,2025-04-30,114,194,80,0
5573,465,2025-05-31,194,194,0,0
5574,465,2025-06-30,194,191,0,3
5575,465,2025-07-31,191,190,0,1
5576,465,2025-08-31,190,185,0,5
5577,465,2025-09-30,185,184,0,1
5578,465,2025-10-31,184,184,0,0
5579,465,2025-11-30,184,183,0,1
5580,465,2025-12-31,183,183,0,0
5581,466,2025-01-31,129,129,0,0
5582,466,2025-02-28,129,126,0,3
5583,466,2025-03-31,126,126,0,0
5584,466,2025-04-30,126,174,48,0
5585,466,2025-05-31,174,172,0,2
5586,466,2025-06-30,172,169,0,3
5587,466,2025-07-31,169,166,0,3
5588,466,2025-08-31,166,241,75,0
5589,466,2025-09-30,241,238,0,3
5590,466,2025-10-31,238,235,0,3
5591,466,2025-11-30,235,235,0,0
5592,466,2025-12-31,235,235,0,0
5593,467,2025-01-31,100,98,0,2
5594,467,2025-02-28,98,98,0,0
5595,467,2025-03-31,98,98,0,0
5596,467,2025-04-30,98,96,0,2
5597,467,2025-05-31,96,95,0,1
5598,467,2025-06-30,95,95,0,0
5599,467,2025-07-31,95,95,0,0
5600,467,2025-08-31,95,95,0,0
5601,467,2025-09-30,95,95,0,0
5602,467,2025-10-31,95,93,0,2
5603,467,2025-11-30,93,171,80,2
5604,467,2025-12-31,171,168,0,3
5605,468,2025-01-31,79,79,0,0
5606,468,2025-02-28,79,79,0,0
5607,468,2025-03-31,79,79,0,0
5608,468,2025-04-30,79,79,0,0
5609,468,2025-05-31,79,197,118,0
5610,468,2025-06-30,197,195,0,2
5611,468,2025-07-31,195,195,0,0
5612,468,2025-08-31,195,285,90,0
5613,468,2025-09-30,285,285,0,0
5614,468,2025-10-31,285,284,0,1
5615,468,2025-11-30,284,284,0,0
5616,468,2025-12-31,284,331,47,0
5617,469,2025-01-31,107,107,0,0
5618,469,2025-02-28,107,225,118,0
5619,469,2025-03-31,225,225,0,0
5620,469,2025-04-30,225,222,0,3
5621,469,2025-05-31,222,222,0,0
5622,469,2025-06-30,222,220,0,2
5623,469,2025-07-31,220,369,155,6
5624,469,2025-08-31,369,368,0,1
5625,469,2025-09-30,368,367,0,1
5626,469,2025-10-31,367,490,125,2
5627,469,2025-11-30,490,490,0,0
5628,469,2025-12-31,490,596,109,3
5629,470,2025-01-31,186,184,0,2
5630,470,2025-02-28,184,285,104,3
5631,470,2025-03-31,285,285,0,0
5632,470,2025-04-30,285,284,0,1
5633,470,2025-05-31,284,284,0,0
5634,470,2025-06-30,284,281,0,3
5635,470,2025-07-31,281,281,0,0
5636,470,2025-08-31,281,280,0,1
5637,470,2025-09-30,280,279,0,1
5638,470,2025-10-31,279,279,0,0
5639,470,2025-11-30,279,279,0,0
5640,470,2025-12-31,279,279,0,0
5641,471,2025-01-31,147,146,0,1
5642,471,2025-02-28,146,142,0,4
5643,471,2025-03-31,142,142,0,0
5644,471,2025-04-30,142,140,0,2
5645,471,2025-05-31,140,140,0,0
5646,471,2025-06-30,140,197,57,0
5647,471,2025-07-31,197,310,113,0
5648,471,2025-08-31,310,310,0,0
5649,471,2025-09-30,310,308,0,2
5650,471,2025-10-31,308,308,0,0
5651,471,2025-11-30,308,454,152,6
5652,471,2025-12-31,454,454,0,0
5653,472,2025-01-31,210,209,0,1
5654,472,2025-02-28,209,209,0,0
5655,472,2025-03-31,209,208,0,1
5656,472,2025-04-30,208,248,40,0
5657,472,2025-05-31,248,248,0,0
5658,472,2025-06-30,248,248,0,0
5659,472,2025-07-31,248,248,0,0
5660,472,2025-08-31,248,354,106,0
5661,472,2025-09-30,354,351,0,3
5662,472,2025-10-31,351,351,0,0
5663,472,2025-11-30,351,346,0,5
5664,472,2025-12-31,346,346,0,0
5665,473,2025-01-31,198,198,0,0
5666,473,2025-02-28,198,198,0,0
5667,473,2025-03-31,198,241,46,3
5668,473,2025-04-30,241,241,0,0
5669,473,2025-05-31,241,241,0,0
5670,473,2025-06-30,241,241,0,0
5671,473,2025-07-31,241,240,0,1
5672,473,2025-08-31,240,239,0,1
5673,473,2025-09-30,239,239,0,0
5674,473,2025-10-31,239,239,0,0
5675,473,2025-11-30,239,239,0,0
5676,473,2025-12-31,239,236,0,3
5677,474,2025-01-31,190,190,0,0
5678,474,2025-02-28,190,190,0,0
5679,474,2025-03-31,190,189,0,1
5680,474,2025-04-30,189,306,118,1
5681,474,2025-05-31,306,305,0,1
5682,474,2025-06-30,305,303,0,2
5683,474,2025-07-31,303,302,0,1
5684,474,2025-08-31,302,302,0,0
5685,474,2025-09-30,302,302,0,0
5686,474,2025-10-31,302,302,0,0
5687,474,2025-11-30,302,300,0,2
5688,474,2025-12-31,300,300,0,0
5689,475,2025-01-31,119,118,0,1
5690,475,2025-02-28,118,118,0,0
5691,475,2025-03-31,118,117,0,1
5692,475,2025-04-30,117,117,0,0
5693,475,2025-05-31,117,165,48,0
5694,475,2025-06-30,165,164,0,1
5695,475,2025-07-31,164,164,0,0
5696,475,2025-08-31,164,163,0,1
5697,475,2025-09-30,163,163,0,0
5698,475,2025-10-31,163,162,0,1
5699,475,2025-11-30,162,162,0,0
5700,475,2025-12-31,162,162,0,0
5701,476,2025-01-31,94,92,0,2
5702,476,2025-02-28,92,92,0,0
5703,476,2025-03-31,92,92,0,0
5704,476,2025-04-30,92,226,134,0
5705,476,2025-05-31,226,226,0,0
5706,476,2025-06-30,226,281,55,0
5707,476,2025-07-31,281,281,0,0
5708,476,2025-08-31,281,280,0,1
5709,476,2025-09-30,280,276,0,4
5710,476,2025-10-31,276,275,0,1
5711,476,2025-11-30,275,275,0,0
5712,476,2025-12-31,275,271,0,4
5713,477,2025-01-31,165,319,154,0
5714,477,2025-02-28,319,319,0,0
5715,477,2025-03-31,319,314,0,5
5716,477,2025-04-30,314,314,0,0
5717,477,2025-05-31,314,314,0,0
5718,477,2025-06-30,314,313,0,1
5719,477,2025-07-31,313,311,0,2
5720,477,2025-08-31,311,390,79,0
5721,477,2025-09-30,390,474,85,1
5722,477,2025-10-31,474,474,0,0
5723,477,2025-11-30,474,471,0,3
5724,477,2025-12-31,471,471,0,0
5725,478,2025-01-31,182,180,0,2
5726,478,2025-02-28,180,180,0,0
5727,478,2025-03-31,180,180,0,0
5728,478,2025-04-30,180,179,0,1
5729,478,2025-05-31,179,177,0,2
5730,478,2025-06-30,177,176,0,1
5731,478,2025-07-31,176,176,0,0
5732,478,2025-08-31,176,174,0,2
5733,478,2025-09-30,174,311,137,0
5734,478,2025-10-31,311,311,0,0
5735,478,2025-11-30,311,309,0,2
5736,478,2025-12-31,309,309,0,0
5737,479,2025-01-31,137,137,0,0
5738,479,2025-02-28,137,137,0,0
5739,479,2025-03-31,137,134,0,3
5740,479,2025-04-30,134,134,0,0
5741,479,2025-05-31,134,217,83,0
5742,479,2025-06-30,217,298,86,5
5743,479,2025-07-31,298,296,0,2
5744,479,2025-08-31,296,296,0,0
5745,479,2025-09-30,296,296,0,0
5746,479,2025-10-31,296,294,0,2
5747,479,2025-11-30,294,385,91,0
5748,479,2025-12-31,385,380,0,5
5749,480,2025-01-31,114,226,112,0
5750,480,2025-02-28,226,224,0,2
5751,480,2025-03-31,224,224,0,0
5752,480,2025-04-30,224,224,0,0
5753,480,2025-05-31,224,221,0,3
5754,480,2025-06-30,221,286,65,0
5755,480,2025-07-31,286,284,0,2
5756,480,2025-08-31,284,284,0,0
5757,480,2025-09-30,284,284,0,0
5758,480,2025-10-31,284,282,0,2
5759,480,2025-11-30,282,427,145,0
5760,480,2025-12-31,427,484,57,0
5761,481,2025-01-31,207,207,0,0
5762,481,2025-02-28,207,206,0,1
5763,481,2025-03-31,206,206,0,0
5764,481,2025-04-30,206,206,0,0
5765,481,2025-05-31,206,206,0,0
5766,481,2025-06-30,206,206,0,0
5767,481,2025-07-31,206,206,0,0
5768,481,2025-08-31,206,206,0,0
5769,481,2025-09-30,206,206,0,0
5770,481,2025-10-31,206,206,0,0
5771,481,2025-11-30,206,288,82,0
5772,481,2025-12-31,288,288,0,0
5773,482,2025-01-31,125,125,0,0
5774,482,2025-02-28,125,125,0,0
5775,482,2025-03-31,125,239,116,2
5776,482,2025-04-30,239,238,0,1
5777,482,2025-05-31,238,238,0,0
5778,482,2025-06-30,238,238,0,0
5779,482,2025-07-31,238,238,0,0
5780,482,2025-08-31,238,238,0,0
5781,482,2025-09-30,238,238,0,0
5782,482,2025-10-31,238,238,0,0
5783,482,2025-11-30,238,238,0,0
5784,482,2025-12-31,238,238,0,0
5785,483,2025-01-31,74,74,0,0
5786,483,2025-02-28,74,73,0,1
5787,483,2025-03-31,73,160,87,0
5788,483,2025-04-30,160,160,0,0
5789,483,2025-05-31,160,160,0,0
5790,483,2025-06-30,160,241,81,0
5791,483,2025-07-31,241,241,0,0
5792,483,2025-08-31,241,241,0,0
5793,483,2025-09-30,241,241,0,0
5794,483,2025-10-31,241,239,0,2
5795,483,2025-11-30,239,236,0,3
5796,483,2025-12-31,236,236,0,0
5797,484,2025-01-31,130,129,0,1
5798,484,2025-02-28,129,183,55,1
5799,484,2025-03-31,183,183,0,0
5800,484,2025-04-30,183,183,0,0
5801,484,2025-05-31,183,180,0,3
5802,484,2025-06-30,180,218,40,2
5803,484,2025-07-31,218,339,121,0
5804,484,2025-08-31,339,339,0,0
5805,484,2025-09-30,339,338,0,1
5806,484,2025-10-31,338,338,0,0
5807,484,2025-11-30,338,336,0,2
5808,484,2025-12-31,336,336,0,0
5809,485,2025-01-31,103,102,0,1
5810,485,2025-02-28,102,193,91,0
5811,485,2025-03-31,193,193,0,0
5812,485,2025-04-30,193,193,0,0
5813,485,2025-05-31,193,193,0,0
5814,485,2025-06-30,193,193,0,0
5815,485,2025-07-31,193,193,0,0
5816,485,2025-08-31,193,192,0,1
5817,485,2025-09-30,192,288,96,0
5818,485,2025-10-31,288,437,151,2
5819,485,2025-11-30,437,436,0,1
5820,485,2025-12-31,436,583,147,0
5821,486,2025-01-31,63,63,0,0
5822,486,2025-02-28,63,62,0,1
5823,486,2025-03-31,62,204,144,2
5824,486,2025-04-30,204,204,0,0
5825,486,2025-05-31,204,275,71,0
5826,486,2025-06-30,275,429,154,0
5827,486,2025-07-31,429,429,0,0
5828,486,2025-08-31,429,429,0,0
5829,486,2025-09-30,429,429,0,0
5830,486,2025-10-31,429,577,148,0
5831,486,2025-11-30,577,577,0,0
5832,486,2025-12-31,577,575,0,2
5833,487,2025-01-31,166,166,0,0
5834,487,2025-02-28,166,166,0,0
5835,487,2025-03-31,166,166,0,0
5836,487,2025-04-30,166,166,0,0
5837,487,2025-05-31,166,166,0,0
5838,487,2025-06-30,166,166,0,0
5839,487,2025-07-31,166,315,150,1
5840,487,2025-08-31,315,315,0,0
5841,487,2025-09-30,315,315,0,0
5842,487,2025-10-31,315,380,66,1
5843,487,2025-11-30,380,380,0,0
5844,487,2025-12-31,380,503,123,0
5845,488,2025-01-31,153,153,0,0
5846,488,2025-02-28,153,151,0,2
5847,488,2025-03-31,151,150,0,1
5848,488,2025-04-30,150,150,0,0
5849,488,2025-05-31,150,148,0,2
5850,488,2025-06-30,148,148,0,0
5851,488,2025-07-31,148,230,82,0
5852,488,2025-08-31,230,230,0,0
5853,488,2025-09-30,230,230,0,0
5854,488,2025-10-31,230,230,0,0
5855,488,2025-11-30,230,227,0,3
5856,488,2025-12-31,227,224,0,3
5857,489,2025-01-31,214,207,0,7
5858,489,2025-02-28,207,207,0,0
5859,489,2025-03-31,207,207,0,0
5860,489,2025-04-30,207,207,0,0
5861,489,2025-05-31,207,207,0,0
5862,489,2025-06-30,207,207,0,0
5863,489,2025-07-31,207,207,0,0
5864,489,2025-08-31,207,207,0,0
5865,489,2025-09-30,207,207,0,0
5866,489,2025-10-31,207,207,0,0
5867,489,2025-11-30,207,207,0,0
5868,489,2025-12-31,207,207,0,0
5869,490,2025-01-31,153,223,70,0
5870,490,2025-02-28,223,293,72,2
5871,490,2025-03-31,293,291,0,2
5872,490,2025-04-30,291,376,85,0
5873,490,2025-05-31,376,374,0,2
5874,490,2025-06-30,374,372,0,2
5875,490,2025-07-31,372,372,0,0
5876,490,2025-08-31,372,421,50,1
5877,490,2025-09-30,421,421,0,0
5878,490,2025-10-31,421,486,65,0
5879,490,2025-11-30,486,485,0,1
5880,490,2025-12-31,485,485,0,0
5881,491,2025-01-31,165,165,0,0
5882,491,2025-02-28,165,165,0,0
5883,491,2025-03-31,165,165,0,0
5884,491,2025-04-30,165,165,0,0
5885,491,2025-05-31,165,163,0,2
5886,491,2025-06-30,163,162,0,1
5887,491,2025-07-31,162,160,0,2
5888,491,2025-08-31,160,159,0,1
5889,491,2025-09-30,159,156,0,3
5890,491,2025-10-31,156,155,0,1
5891,491,2025-11-30,155,154,0,1
5892,491,2025-12-31,154,154,0,0
5893,492,2025-01-31,142,142,0,0
5894,492,2025-02-28,142,142,0,0
5895,492,2025-03-31,142,142,0,0
5896,492,2025-04-30,142,142,0,0
5897,492,2025-05-31,142,142,0,0
5898,492,2025-06-30,142,139,0,3
5899,492,2025-07-31,139,138,0,1
5900,492,2025-08-31,138,255,118,1
5901,492,2025-09-30,255,247,0,8
5902,492,2025-10-31,247,245,0,2
5903,492,2025-11-30,245,244,0,1
5904,492,2025-12-31,244,239,0,5
5905,493,2025-01-31,214,258,49,5
5906,493,2025-02-28,258,258,0,0
5907,493,2025-03-31,258,303,47,2
5908,493,2025-04-30,303,303,0,0
5909,493,2025-05-31,303,384,81,0
5910,493,2025-06-30,384,384,0,0
5911,493,2025-07-31,384,384,0,0
5912,493,2025-08-31,384,384,0,0
5913,493,2025-09-30,384,380,0,4
5914,493,2025-10-31,380,379,0,1
5915,493,2025-11-30,379,379,0,0
5916,493,2025-12-31,379,375,0,4
5917,494,2025-01-31,97,97,0,0
5918,494,2025-02-28,97,97,0,0
5919,494,2025-03-31,97,97,0,0
5920,494,2025-04-30,97,96,0,1
5921,494,2025-05-31,96,96,0,0
5922,494,2025-06-30,96,96,0,0
5923,494,2025-07-31,96,93,0,3
5924,494,2025-08-31,93,90,0,3
5925,494,2025-09-30,90,90,0,0
5926,494,2025-10-31,90,87,0,3
5927,494,2025-11-30,87,86,0,1
5928,494,2025-12-31,86,82,0,4
5929,495,2025-01-31,218,218,0,0
5930,495,2025-02-28,218,218,0,0
5931,495,2025-03-31,218,218,0,0
5932,495,2025-04-30,218,218,0,0
5933,495,2025-05-31,218,218,0,0
5934,495,2025-06-30,218,218,0,0
5935,495,2025-07-31,218,218,0,0
5936,495,2025-08-31,218,218,0,0
5937,495,2025-09-30,218,218,0,0
5938,495,2025-10-31,218,283,68,3
5939,495,2025-11-30,283,283,0,0
5940,495,2025-12-31,283,283,0,0
5941,496,2025-01-31,151,147,0,4
5942,496,2025-02-28,147,201,55,1
5943,496,2025-03-31,201,201,0,0
5944,496,2025-04-30,201,199,0,2
5945,496,2025-05-31,199,340,141,0
5946,496,2025-06-30,340,340,0,0
5947,496,2025-07-31,340,338,0,2
5948,496,2025-08-31,338,338,0,0
5949,496,2025-09-30,338,338,0,0
5950,496,2025-10-31,338,338,0,0
5951,496,2025-11-30,338,335,0,3
5952,496,2025-12-31,335,431,104,8
5953,497,2025-01-31,167,165,0,2
5954,497,2025-02-28,165,233,71,3
5955,497,2025-03-31,233,232,0,1
5956,497,2025-04-30,232,232,0,0
5957,497,2025-05-31,232,232,0,0
5958,497,2025-06-30,232,231,0,1
5959,497,2025-07-31,231,378,147,0
5960,497,2025-08-31,378,378,0,0
5961,497,2025-09-30,378,378,0,0
5962,497,2025-10-31,378,377,0,1
5963,497,2025-11-30,377,377,0,0
5964,497,2025-12-31,377,373,0,4
5965,498,2025-01-31,135,135,0,0
5966,498,2025-02-28,135,285,152,2
5967,498,2025-03-31,285,355,71,1
5968,498,2025-04-30,355,353,0,2
5969,498,2025-05-31,353,470,117,0
5970,498,2025-06-30,470,469,0,1
5971,498,2025-07-31,469,467,0,2
5972,498,2025-08-31,467,466,0,1
5973,498,2025-09-30,466,466,0,0
5974,498,2025-10-31,466,464,0,2
5975,498,2025-11-30,464,464,0,0
5976,498,2025-12-31,464,464,0,0
5977,499,2025-01-31,81,79,0,2
5978,499,2025-02-28,79,79,0,0
5979,499,2025-03-31,79,196,119,2
5980,499,2025-04-30,196,196,0,0
5981,499,2025-05-31,196,196,0,0
5982,499,2025-06-30,196,196,0,0
5983,499,2025-07-31,196,196,0,0
5984,499,2025-08-31,196,196,0,0
5985,499,2025-09-30,196,195,0,1
5986,499,2025-10-31,195,195,0,0
5987,499,2025-11-30,195,195,0,0
5988,499,2025-12-31,195,238,45,2
5989,500,2025-01-31,196,196,0,0
5990,500,2025-02-28,196,196,0,0
5991,500,2025-03-31,196,196,0,0
5992,500,2025-04-30,196,195,0,1
5993,500,2025-05-31,195,331,139,3
5994,500,2025-06-30,331,331,0,0
5995,500,2025-07-31,331,331,0,0
5996,500,2025-08-31,331,331,0,0
5997,500,2025-09-30,331,330,0,1
5998,500,2025-10-31,330,330,0,0
5999,500,2025-11-30,330,330,0,0
6000,500,2025-12-31,330,329,0,1
6001,501,2025-01-31,159,159,0,0
6002,501,2025-02-28,159,159,0,0
6003,501,2025-03-31,159,262,103,0
6004,501,2025-04-30,262,262,0,0
6005,501,2025-05-31,262,323,61,0
6006,501,2025-06-30,323,323,0,0
6007,501,2025-07-31,323,451,129,1
6008,501,2025-08-31,451,450,0,1
6009,501,2025-09-30,450,538,88,0
6010,501,2025-10-31,538,537,0,1
6011,501,2025-11-30,537,537,0,0
6012,501,2025-12-31,537,615,81,3
6013,502,2025-01-31,115,168,53,0
6014,502,2025-02-28,168,168,0,0
6015,502,2025-03-31,168,167,0,1
6016,502,2025-04-30,167,167,0,0
6017,502,2025-05-31,167,166,0,1
6018,502,2025-06-30,166,166,0,0
6019,502,2025-07-31,166,287,121,0
6020,502,2025-08-31,287,286,0,1
6021,502,2025-09-30,286,286,0,0
6022,502,2025-10-31,286,285,0,1
6023,502,2025-11-30,285,285,0,0
6024,502,2025-12-31,285,424,139,0
6025,503,2025-01-31,190,190,0,0
6026,503,2025-02-28,190,190,0,0
6027,503,2025-03-31,190,190,0,0
6028,503,2025-04-30,190,190,0,0
6029,503,2025-05-31,190,190,0,0
6030,503,2025-06-30,190,328,141,3
6031,503,2025-07-31,328,328,0,0
6032,503,2025-08-31,328,328,0,0
6033,503,2025-09-30,328,328,0,0
6034,503,2025-10-31,328,327,0,1
6035,503,2025-11-30,327,326,0,1
6036,503,2025-12-31,326,326,0,0
6037,504,2025-01-31,60,60,0,0
6038,504,2025-02-28,60,60,0,0
6039,504,2025-03-31,60,60,0,0
6040,504,2025-04-30,60,60,0,0
6041,504,2025-05-31,60,59,0,1
6042,504,2025-06-30,59,59,0,0
6043,504,2025-07-31,59,59,0,0
6044,504,2025-08-31,59,119,62,2
6045,504,2025-09-30,119,187,68,0
6046,504,2025-10-31,187,186,0,1
6047,504,2025-11-30,186,256,72,2
6048,504,2025-12-31,256,256,0,0
6049,505,2025-01-31,131,131,0,0
6050,505,2025-02-28,131,131,0,0
6051,505,2025-03-31,131,131,0,0
6052,505,2025-04-30,131,131,0,0
6053,505,2025-05-31,131,131,0,0
6054,505,2025-06-30,131,131,0,0
6055,505,2025-07-31,131,131,0,0
6056,505,2025-08-31,131,273,142,0
6057,505,2025-09-30,273,273,0,0
6058,505,2025-10-31,273,273,0,0
6059,505,2025-11-30,273,270,0,3
6060,505,2025-12-31,270,269,0,1
6061,506,2025-01-31,138,138,0,0
6062,506,2025-02-28,138,138,0,0
6063,506,2025-03-31,138,138,0,0
6064,506,2025-04-30,138,138,0,0
6065,506,2025-05-31,138,138,0,0
6066,506,2025-06-30,138,138,0,0
6067,506,2025-07-31,138,138,0,0
6068,506,2025-08-31,138,201,64,1
6069,506,2025-09-30,201,283,84,2
6070,506,2025-10-31,283,431,149,1
6071,506,2025-11-30,431,431,0,0
6072,506,2025-12-31,431,431,0,0
6073,507,2025-01-31,100,221,121,0
6074,507,2025-02-28,221,314,94,1
6075,507,2025-03-31,314,441,127,0
6076,507,2025-04-30,441,441,0,0
6077,507,2025-05-31,441,440,0,1
6078,507,2025-06-30,440,595,155,0
6079,507,2025-07-31,595,594,0,1
6080,507,2025-08-31,594,693,99,0
6081,507,2025-09-30,693,693,0,0
6082,507,2025-10-31,693,692,0,1
6083,507,2025-11-30,692,692,0,0
6084,507,2025-12-31,692,692,0,0
6085,508,2025-01-31,125,122,0,3
6086,508,2025-02-28,122,121,0,1
6087,508,2025-03-31,121,121,0,0
6088,508,2025-04-30,121,121,0,0
6089,508,2025-05-31,121,121,0,0
6090,508,2025-06-30,121,121,0,0
6091,508,2025-07-31,121,121,0,0
6092,508,2025-08-31,121,185,65,1
6093,508,2025-09-30,185,185,0,0
6094,508,2025-10-31,185,185,0,0
6095,508,2025-11-30,185,183,0,2
6096,508,2025-12-31,183,180,0,3
6097,509,2025-01-31,151,151,0,0
6098,509,2025-02-28,151,272,121,0
6099,509,2025-03-31,272,354,84,2
6100,509,2025-04-30,354,354,0,0
6101,509,2025-05-31,354,354,0,0
6102,509,2025-06-30,354,354,0,0
6103,509,2025-07-31,354,354,0,0
6104,509,2025-08-31,354,352,0,2
6105,509,2025-09-30,352,352,0,0
6106,509,2025-10-31,352,400,48,0
6107,509,2025-11-30,400,399,0,1
6108,509,2025-12-31,399,398,0,1
6109,510,2025-01-31,219,219,0,0
6110,510,2025-02-28,219,219,0,0
6111,510,2025-03-31,219,219,0,0
6112,510,2025-04-30,219,219,0,0
6113,510,2025-05-31,219,219,0,0
6114,510,2025-06-30,219,219,0,0
6115,510,2025-07-31,219,219,0,0
6116,510,2025-08-31,219,290,71,0
6117,510,2025-09-30,290,290,0,0
6118,510,2025-10-31,290,290,0,0
6119,510,2025-11-30,290,290,0,0
6120,510,2025-12-31,290,427,139,2
6121,511,2025-01-31,215,215,0,0
6122,511,2025-02-28,215,212,0,3
6123,511,2025-03-31,212,212,0,0
6124,511,2025-04-30,212,210,0,2
6125,511,2025-05-31,210,210,0,0
6126,511,2025-06-30,210,209,0,1
6127,511,2025-07-31,209,209,0,0
6128,511,2025-08-31,209,209,0,0
6129,511,2025-09-30,209,208,0,1
6130,511,2025-10-31,208,322,114,0
6131,511,2025-11-30,322,318,0,4
6132,511,2025-12-31,318,317,0,1
6133,512,2025-01-31,67,67,0,0
6134,512,2025-02-28,67,67,0,0
6135,512,2025-03-31,67,64,0,3
6136,512,2025-04-30,64,64,0,0
6137,512,2025-05-31,64,222,158,0
6138,512,2025-06-30,222,222,0,0
6139,512,2025-07-31,222,220,0,2
6140,512,2025-08-31,220,213,0,7
6141,512,2025-09-30,213,212,0,1
6142,512,2025-10-31,212,210,0,2
6143,512,2025-11-30,210,208,0,2
6144,512,2025-12-31,208,208,0,0
6145,513,2025-01-31,71,71,0,0
6146,513,2025-02-28,71,71,0,0
6147,513,2025-03-31,71,196,125,0
6148,513,2025-04-30,196,196,0,0
6149,513,2025-05-31,196,196,0,0
6150,513,2025-06-30,196,195,0,1
6151,513,2025-07-31,195,195,0,0
6152,513,2025-08-31,195,194,0,1
6153,513,2025-09-30,194,194,0,0
6154,513,2025-10-31,194,318,125,1
6155,513,2025-11-30,318,318,0,0
6156,513,2025-12-31,318,318,0,0
6157,514,2025-01-31,104,104,0,0
6158,514,2025-02-28,104,104,0,0
6159,514,2025-03-31,104,173,72,3
6160,514,2025-04-30,173,173,0,0
6161,514,2025-05-31,173,173,0,0
6162,514,2025-06-30,173,170,0,3
6163,514,2025-07-31,170,169,0,1
6164,514,2025-08-31,169,169,0,0
6165,514,2025-09-30,169,169,0,0
6166,514,2025-10-31,169,169,0,0
6167,514,2025-11-30,169,169,0,0
6168,514,2025-12-31,169,169,0,0
6169,515,2025-01-31,141,137,0,4
6170,515,2025-02-28,137,135,0,2
6171,515,2025-03-31,135,134,0,1
6172,515,2025-04-30,134,134,0,0
6173,515,2025-05-31,134,134,0,0
6174,515,2025-06-30,134,134,0,0
6175,515,2025-07-31,134,128,0,6
6176,515,2025-08-31,128,127,0,1
6177,515,2025-09-30,127,127,0,0
6178,515,2025-10-31,127,127,0,0
6179,515,2025-11-30,127,125,0,2
6180,515,2025-12-31,125,125,0,0
6181,516,2025-01-31,139,139,0,0
6182,516,2025-02-28,139,139,0,0
6183,516,2025-03-31,139,252,113,0
6184,516,2025-04-30,252,252,0,0
6185,516,2025-05-31,252,250,0,2
6186,516,2025-06-30,250,250,0,0
6187,516,2025-07-31,250,250,0,0
6188,516,2025-08-31,250,250,0,0
6189,516,2025-09-30,250,250,0,0
6190,516,2025-10-31,250,250,0,0
6191,516,2025-11-30,250,250,0,0
6192,516,2025-12-31,250,289,44,5
6193,517,2025-01-31,171,170,0,1
6194,517,2025-02-28,170,168,0,2
6195,517,2025-03-31,168,238,70,0
6196,517,2025-04-30,238,234,0,4
6197,517,2025-05-31,234,234,0,0
6198,517,2025-06-30,234,234,0,0
6199,517,2025-07-31,234,234,0,0
6200,517,2025-08-31,234,233,0,1
6201,517,2025-09-30,233,233,0,0
6202,517,2025-10-31,233,233,0,0
6203,517,2025-11-30,233,346,113,0
6204,517,2025-12-31,346,346,0,0
6205,518,2025-01-31,213,212,0,1
6206,518,2025-02-28,212,212,0,0
6207,518,2025-03-31,212,212,0,0
6208,518,2025-04-30,212,211,0,1
6209,518,2025-05-31,211,209,0,2
6210,518,2025-06-30,209,203,0,6
6211,518,2025-07-31,203,200,0,3
6212,518,2025-08-31,200,197,0,3
6213,518,2025-09-30,197,340,143,0
6214,518,2025-10-31,340,339,0,1
6215,518,2025-11-30,339,338,0,1
6216,518,2025-12-31,338,338,0,0
6217,519,2025-01-31,72,166,98,4
6218,519,2025-02-28,166,305,140,1
6219,519,2025-03-31,305,304,0,1
6220,519,2025-04-30,304,304,0,0
6221,519,2025-05-31,304,303,0,1
6222,519,2025-06-30,303,303,0,0
6223,519,2025-07-31,303,303,0,0
6224,519,2025-08-31,303,301,0,2
6225,519,2025-09-30,301,301,0,0
6226,519,2025-10-31,301,301,0,0
6227,519,2025-11-30,301,299,0,2
6228,519,2025-12-31,299,299,0,0
6229,520,2025-01-31,207,259,54,2
6230,520,2025-02-28,259,259,0,0
6231,520,2025-03-31,259,259,0,0
6232,520,2025-04-30,259,256,0,3
6233,520,2025-05-31,256,297,43,2
6234,520,2025-06-30,297,293,0,4
6235,520,2025-07-31,293,293,0,0
6236,520,2025-08-31,293,426,133,0
6237,520,2025-09-30,426,553,127,0
6238,520,2025-10-31,553,553,0,0
6239,520,2025-11-30,553,553,0,0
6240,520,2025-12-31,553,551,0,2
6241,521,2025-01-31,158,158,0,0
6242,521,2025-02-28,158,158,0,0
6243,521,2025-03-31,158,156,0,2
6244,521,2025-04-30,156,155,0,1
6245,521,2025-05-31,155,155,0,0
6246,521,2025-06-30,155,152,0,3
6247,521,2025-07-31,152,152,0,0
6248,521,2025-08-31,152,150,0,2
6249,521,2025-09-30,150,146,0,4
6250,521,2025-10-31,146,146,0,0
6251,521,2025-11-30,146,146,0,0
6252,521,2025-12-31,146,146,0,0
6253,522,2025-01-31,76,76,0,0
6254,522,2025-02-28,76,74,0,2
6255,522,2025-03-31,74,73,0,1
6256,522,2025-04-30,73,73,0,0
6257,522,2025-05-31,73,73,0,0
6258,522,2025-06-30,73,73,0,0
6259,522,2025-07-31,73,217,145,1
6260,522,2025-08-31,217,217,0,0
6261,522,2025-09-30,217,217,0,0
6262,522,2025-10-31,217,328,112,1
6263,522,2025-11-30,328,327,0,1
6264,522,2025-12-31,327,325,0,2
6265,523,2025-01-31,107,107,0,0
6266,523,2025-02-28,107,198,94,3
6267,523,2025-03-31,198,194,0,4
6268,523,2025-04-30,194,194,0,0
6269,523,2025-05-31,194,194,0,0
6270,523,2025-06-30,194,194,0,0
6271,523,2025-07-31,194,263,70,1
6272,523,2025-08-31,263,263,0,0
6273,523,2025-09-30,263,258,0,5
6274,523,2025-10-31,258,258,0,0
6275,523,2025-11-30,258,255,0,3
6276,523,2025-12-31,255,255,0,0
6277,524,2025-01-31,157,157,0,0
6278,524,2025-02-28,157,156,0,1
6279,524,2025-03-31,156,154,0,2
6280,524,2025-04-30,154,151,0,3
6281,524,2025-05-31,151,253,102,0
6282,524,2025-06-30,253,247,0,6
6283,524,2025-07-31,247,247,0,0
6284,524,2025-08-31,247,246,0,1
6285,524,2025-09-30,246,246,0,0
6286,524,2025-10-31,246,246,0,0
6287,524,2025-11-30,246,245,0,1
6288,524,2025-12-31,245,244,0,1
6289,525,2025-01-31,180,226,47,1
6290,525,2025-02-28,226,226,0,0
6291,525,2025-03-31,226,226,0,0
6292,525,2025-04-30,226,225,0,1
6293,525,2025-05-31,225,225,0,0
6294,525,2025-06-30,225,225,0,0
6295,525,2025-07-31,225,309,85,1
6296,525,2025-08-31,309,309,0,0
6297,525,2025-09-30,309,309,0,0
6298,525,2025-10-31,309,307,0,2
6299,525,2025-11-30,307,307,0,0
6300,525,2025-12-31,307,382,76,1
6301,526,2025-01-31,201,201,0,0
6302,526,2025-02-28,201,200,0,1
6303,526,2025-03-31,200,200,0,0
6304,526,2025-04-30,200,244,44,0
6305,526,2025-05-31,244,244,0,0
6306,526,2025-06-30,244,283,41,2
6307,526,2025-07-31,283,280,0,3
6308,526,2025-08-31,280,280,0,0
6309,526,2025-09-30,280,280,0,0
6310,526,2025-10-31,280,280,0,0
6311,526,2025-11-30,280,280,0,0
6312,526,2025-12-31,280,278,0,2
6313,527,2025-01-31,75,178,103,0
6314,527,2025-02-28,178,178,0,0
6315,527,2025-03-31,178,298,121,1
6316,527,2025-04-30,298,298,0,0
6317,527,2025-05-31,298,298,0,0
6318,527,2025-06-30,298,298,0,0
6319,527,2025-07-31,298,298,0,0
6320,527,2025-08-31,298,298,0,0
6321,527,2025-09-30,298,298,0,0
6322,527,2025-10-31,298,298,0,0
6323,527,2025-11-30,298,296,0,2
6324,527,2025-12-31,296,293,0,3
6325,528,2025-01-31,183,183,0,0
6326,528,2025-02-28,183,182,0,1
6327,528,2025-03-31,182,182,0,0
6328,528,2025-04-30,182,290,108,0
6329,528,2025-05-31,290,289,0,1
6330,528,2025-06-30,289,347,58,0
6331,528,2025-07-31,347,444,98,1
6332,528,2025-08-31,444,442,0,2
6333,528,2025-09-30,442,438,0,4
6334,528,2025-10-31,438,438,0,0
6335,528,2025-11-30,438,438,0,0
6336,528,2025-12-31,438,436,0,2
6337,529,2025-01-31,120,210,90,0
6338,529,2025-02-28,210,209,0,1
6339,529,2025-03-31,209,208,0,1
6340,529,2025-04-30,208,208,0,0
6341,529,2025-05-31,208,208,0,0
6342,529,2025-06-30,208,208,0,0
6343,529,2025-07-31,208,208,0,0
6344,529,2025-08-31,208,208,0,0
6345,529,2025-09-30,208,208,0,0
6346,529,2025-10-31,208,208,0,0
6347,529,2025-11-30,208,208,0,0
6348,529,2025-12-31,208,205,0,3
6349,530,2025-01-31,110,110,0,0
6350,530,2025-02-28,110,152,43,1
6351,530,2025-03-31,152,149,0,3
6352,530,2025-04-30,149,149,0,0
6353,530,2025-05-31,149,198,49,0
6354,530,2025-06-30,198,196,0,2
6355,530,2025-07-31,196,194,0,2
6356,530,2025-08-31,194,193,0,1
6357,530,2025-09-30,193,193,0,0
6358,530,2025-10-31,193,193,0,0
6359,530,2025-11-30,193,351,158,0
6360,530,2025-12-31,351,351,0,0
6361,531,2025-01-31,182,182,0,0
6362,531,2025-02-28,182,182,0,0
6363,531,2025-03-31,182,338,156,0
6364,531,2025-04-30,338,338,0,0
6365,531,2025-05-31,338,414,76,0
6366,531,2025-06-30,414,414,0,0
6367,531,2025-07-31,414,543,129,0
6368,531,2025-08-31,543,540,0,3
6369,531,2025-09-30,540,615,75,0
6370,531,2025-10-31,615,614,0,1
6371,531,2025-11-30,614,614,0,0
6372,531,2025-12-31,614,614,0,0
6373,532,2025-01-31,93,93,0,0
6374,532,2025-02-28,93,247,157,3
6375,532,2025-03-31,247,247,0,0
6376,532,2025-04-30,247,246,0,1
6377,532,2025-05-31,246,309,63,0
6378,532,2025-06-30,309,309,0,0
6379,532,2025-07-31,309,309,0,0
6380,532,2025-08-31,309,308,0,1
6381,532,2025-09-30,308,307,0,1
6382,532,2025-10-31,307,305,0,2
6383,532,2025-11-30,305,303,0,2
6384,532,2025-12-31,303,302,0,1
6385,533,2025-01-31,200,199,0,1
6386,533,2025-02-28,199,292,95,2
6387,533,2025-03-31,292,292,0,0
6388,533,2025-04-30,292,292,0,0
6389,533,2025-05-31,292,292,0,0
6390,533,2025-06-30,292,292,0,0
6391,533,2025-07-31,292,292,0,0
6392,533,2025-08-31,292,292,0,0
6393,533,2025-09-30,292,424,136,4
6394,533,2025-10-31,424,424,0,0
6395,533,2025-11-30,424,417,0,7
6396,533,2025-12-31,417,417,0,0
6397,534,2025-01-31,73,72,0,1
6398,534,2025-02-28,72,72,0,0
6399,534,2025-03-31,72,71,0,1
6400,534,2025-04-30,71,70,0,1
6401,534,2025-05-31,70,69,0,1
6402,534,2025-06-30,69,68,0,1
6403,534,2025-07-31,68,67,0,1
6404,534,2025-08-31,67,67,0,0
6405,534,2025-09-30,67,67,0,0
6406,534,2025-10-31,67,66,0,1
6407,534,2025-11-30,66,66,0,0
6408,534,2025-12-31,66,66,0,0
6409,535,2025-01-31,179,178,0,1
6410,535,2025-02-28,178,177,0,1
6411,535,2025-03-31,177,277,103,3
6412,535,2025-04-30,277,277,0,0
6413,535,2025-05-31,277,277,0,0
6414,535,2025-06-30,277,277,0,0
6415,535,2025-07-31,277,277,0,0
6416,535,2025-08-31,277,277,0,0
6417,535,2025-09-30,277,277,0,0
6418,535,2025-10-31,277,387,111,1
6419,535,2025-11-30,387,386,0,1
6420,535,2025-12-31,386,386,0,0
6421,536,2025-01-31,183,183,0,0
6422,536,2025-02-28,183,182,0,1
6423,536,2025-03-31,182,180,0,2
6424,536,2025-04-30,180,180,0,0
6425,536,2025-05-31,180,319,139,0
6426,536,2025-06-30,319,319,0,0
6427,536,2025-07-31,319,319,0,0
6428,536,2025-08-31,319,319,0,0
6429,536,2025-09-30,319,318,0,1
6430,536,2025-10-31,318,418,100,0
6431,536,2025-11-30,418,512,102,8
6432,536,2025-12-31,512,667,155,0
6433,537,2025-01-31,115,185,70,0
6434,537,2025-02-28,185,185,0,0
6435,537,2025-03-31,185,277,92,0
6436,537,2025-04-30,277,277,0,0
6437,537,2025-05-31,277,277,0,0
6438,537,2025-06-30,277,434,157,0
6439,537,2025-07-31,434,559,128,3
6440,537,2025-08-31,559,559,0,0
6441,537,2025-09-30,559,559,0,0
6442,537,2025-10-31,559,556,0,3
6443,537,2025-11-30,556,556,0,0
6444,537,2025-12-31,556,552,0,4
6445,538,2025-01-31,191,191,0,0
6446,538,2025-02-28,191,191,0,0
6447,538,2025-03-31,191,190,0,1
6448,538,2025-04-30,190,190,0,0
6449,538,2025-05-31,190,190,0,0
6450,538,2025-06-30,190,190,0,0
6451,538,2025-07-31,190,190,0,0
6452,538,2025-08-31,190,190,0,0
6453,538,2025-09-30,190,261,71,0
6454,538,2025-10-31,261,261,0,0
6455,538,2025-11-30,261,261,0,0
6456,538,2025-12-31,261,261,0,0
6457,539,2025-01-31,146,146,0,0
6458,539,2025-02-28,146,144,0,2
6459,539,2025-03-31,144,232,90,2
6460,539,2025-04-30,232,232,0,0
6461,539,2025-05-31,232,231,0,1
6462,539,2025-06-30,231,231,0,0
6463,539,2025-07-31,231,231,0,0
6464,539,2025-08-31,231,231,0,0
6465,539,2025-09-30,231,390,159,0
6466,539,2025-10-31,390,468,78,0
6467,539,2025-11-30,468,466,0,2
6468,539,2025-12-31,466,465,0,1
6469,540,2025-01-31,71,67,0,4
6470,540,2025-02-28,67,66,0,1
6471,540,2025-03-31,66,64,0,2
6472,540,2025-04-30,64,63,0,1
6473,540,2025-05-31,63,63,0,0
6474,540,2025-06-30,63,178,115,0
6475,540,2025-07-31,178,178,0,0
6476,540,2025-08-31,178,177,0,1
6477,540,2025-09-30,177,177,0,0
6478,540,2025-10-31,177,177,0,0
6479,540,2025-11-30,177,177,0,0
6480,540,2025-12-31,177,177,0,0
6481,541,2025-01-31,183,183,0,0
6482,541,2025-02-28,183,183,0,0
6483,541,2025-03-31,183,181,0,2
6484,541,2025-04-30,181,181,0,0
6485,541,2025-05-31,181,265,84,0
6486,541,2025-06-30,265,262,0,3
6487,541,2025-07-31,262,259,0,3
6488,541,2025-08-31,259,259,0,0
6489,541,2025-09-30,259,306,47,0
6490,541,2025-10-31,306,414,108,0
6491,541,2025-11-30,414,414,0,0
6492,541,2025-12-31,414,414,0,0
6493,542,2025-01-31,112,112,0,0
6494,542,2025-02-28,112,112,0,0
6495,542,2025-03-31,112,112,0,0
6496,542,2025-04-30,112,222,113,3
6497,542,2025-05-31,222,356,137,3
6498,542,2025-06-30,356,356,0,0
6499,542,2025-07-31,356,504,151,3
6500,542,2025-08-31,504,504,0,0
6501,542,2025-09-30,504,659,155,0
6502,542,2025-10-31,659,704,49,4
6503,542,2025-11-30,704,702,0,2
6504,542,2025-12-31,702,702,0,0
6505,543,2025-01-31,144,247,106,3
6506,543,2025-02-28,247,247,0,0
6507,543,2025-03-31,247,247,0,0
6508,543,2025-04-30,247,247,0,0
6509,543,2025-05-31,247,245,0,2
6510,543,2025-06-30,245,245,0,0
6511,543,2025-07-31,245,245,0,0
6512,543,2025-08-31,245,245,0,0
6513,543,2025-09-30,245,245,0,0
6514,543,2025-10-31,245,245,0,0
6515,543,2025-11-30,245,243,0,2
6516,543,2025-12-31,243,243,0,0
6517,544,2025-01-31,105,101,0,4
6518,544,2025-02-28,101,99,0,2
6519,544,2025-03-31,99,99,0,0
6520,544,2025-04-30,99,96,0,3
6521,544,2025-05-31,96,96,0,0
6522,544,2025-06-30,96,96,0,0
6523,544,2025-07-31,96,145,49,0
6524,544,2025-08-31,145,145,0,0
6525,544,2025-09-30,145,145,0,0
6526,544,2025-10-31,145,144,0,1
6527,544,2025-11-30,144,225,81,0
6528,544,2025-12-31,225,225,0,0
6529,545,2025-01-31,109,109,0,0
6530,545,2025-02-28,109,109,0,0
6531,545,2025-03-31,109,109,0,0
6532,545,2025-04-30,109,108,0,1
6533,545,2025-05-31,108,108,0,0
6534,545,2025-06-30,108,106,0,2
6535,545,2025-07-31,106,106,0,0
6536,545,2025-08-31,106,106,0,0
6537,545,2025-09-30,106,105,0,1
6538,545,2025-10-31,105,231,126,0
6539,545,2025-11-30,231,231,0,0
6540,545,2025-12-31,231,231,0,0
6541,546,2025-01-31,165,165,0,0
6542,546,2025-02-28,165,165,0,0
6543,546,2025-03-31,165,162,0,3
6544,546,2025-04-30,162,162,0,0
6545,546,2025-05-31,162,160,0,2
6546,546,2025-06-30,160,158,0,2
6547,546,2025-07-31,158,203,46,1
6548,546,2025-08-31,203,199,0,4
6549,546,2025-09-30,199,199,0,0
6550,546,2025-10-31,199,199,0,0
6551,546,2025-11-30,199,243,45,1
6552,546,2025-12-31,243,243,0,0
6553,547,2025-01-31,127,127,0,0
6554,547,2025-02-28,127,126,0,1
6555,547,2025-03-31,126,125,0,1
6556,547,2025-04-30,125,125,0,0
6557,547,2025-05-31,125,122,0,3
6558,547,2025-06-30,122,116,0,6
6559,547,2025-07-31,116,116,0,0
6560,547,2025-08-31,116,116,0,0
6561,547,2025-09-30,116,116,0,0
6562,547,2025-10-31,116,115,0,1
6563,547,2025-11-30,115,115,0,0
6564,547,2025-12-31,115,115,0,0
6565,548,2025-01-31,86,86,0,0
6566,548,2025-02-28,86,86,0,0
6567,548,2025-03-31,86,86,0,0
6568,548,2025-04-30,86,86,0,0
6569,548,2025-05-31,86,210,124,0
6570,548,2025-06-30,210,210,0,0
6571,548,2025-07-31,210,332,122,0
6572,548,2025-08-31,332,405,73,0
6573,548,2025-09-30,405,522,117,0
6574,548,2025-10-31,522,522,0,0
6575,548,2025-11-30,522,521,0,1
6576,548,2025-12-31,521,521,0,0
6577,549,2025-01-31,62,62,0,0
6578,549,2025-02-28,62,181,119,0
6579,549,2025-03-31,181,181,0,0
6580,549,2025-04-30,181,181,0,0
6581,549,2025-05-31,181,181,0,0
6582,549,2025-06-30,181,181,0,0
6583,549,2025-07-31,181,181,0,0
6584,549,2025-08-31,181,181,0,0
6585,549,2025-09-30,181,181,0,0
6586,549,2025-10-31,181,175,0,6
6587,549,2025-11-30,175,287,112,0
6588,549,2025-12-31,287,287,0,0
6589,550,2025-01-31,136,136,0,0
6590,550,2025-02-28,136,262,126,0
6591,550,2025-03-31,262,260,0,2
6592,550,2025-04-30,260,260,0,0
6593,550,2025-05-31,260,260,0,0
6594,550,2025-06-30,260,260,0,0
6595,550,2025-07-31,260,259,0,1
6596,550,2025-08-31,259,259,0,0
6597,550,2025-09-30,259,259,0,0
6598,550,2025-10-31,259,315,56,0
6599,550,2025-11-30,315,315,0,0
6600,550,2025-12-31,315,311,0,4
6601,551,2025-01-31,69,69,0,0
6602,551,2025-02-28,69,69,0,0
6603,551,2025-03-31,69,69,0,0
6604,551,2025-04-30,69,68,0,1
6605,551,2025-05-31,68,68,0,0
6606,551,2025-06-30,68,66,0,2
6607,551,2025-07-31,66,178,112,0
6608,551,2025-08-31,178,178,0,0
6609,551,2025-09-30,178,177,0,1
6610,551,2025-10-31,177,177,0,0
6611,551,2025-11-30,177,177,0,0
6612,551,2025-12-31,177,177,0,0
6613,552,2025-01-31,111,216,106,1
6614,552,2025-02-28,216,216,0,0
6615,552,2025-03-31,216,365,149,0
6616,552,2025-04-30,365,365,0,0
6617,552,2025-05-31,365,365,0,0
6618,552,2025-06-30,365,365,0,0
6619,552,2025-07-31,365,365,0,0
6620,552,2025-08-31,365,363,0,2
6621,552,2025-09-30,363,363,0,0
6622,552,2025-10-31,363,363,0,0
6623,552,2025-11-30,363,363,0,0
6624,552,2025-12-31,363,360,0,3
6625,553,2025-01-31,86,86,0,0
6626,553,2025-02-28,86,85,0,1
6627,553,2025-03-31,85,84,0,1
6628,553,2025-04-30,84,80,0,4
6629,553,2025-05-31,80,80,0,0
6630,553,2025-06-30,80,80,0,0
6631,553,2025-07-31,80,153,73,0
6632,553,2025-08-31,153,152,0,1
6633,553,2025-09-30,152,306,155,1
6634,553,2025-10-31,306,363,57,0
6635,553,2025-11-30,363,363,0,0
6636,553,2025-12-31,363,363,0,0
6637,554,2025-01-31,152,152,0,0
6638,554,2025-02-28,152,151,0,1
6639,554,2025-03-31,151,150,0,1
6640,554,2025-04-30,150,264,114,0
6641,554,2025-05-31,264,315,51,0
6642,554,2025-06-30,315,315,0,0
6643,554,2025-07-31,315,315,0,0
6644,554,2025-08-31,315,315,0,0
6645,554,2025-09-30,315,315,0,0
6646,554,2025-10-31,315,315,0,0
6647,554,2025-11-30,315,315,0,0
6648,554,2025-12-31,315,315,0,0
6649,555,2025-01-31,60,60,0,0
6650,555,2025-02-28,60,60,0,0
6651,555,2025-03-31,60,191,131,0
6652,555,2025-04-30,191,186,0,5
6653,555,2025-05-31,186,186,0,0
6654,555,2025-06-30,186,183,0,3
6655,555,2025-07-31,183,183,0,0
6656,555,2025-08-31,183,183,0,0
6657,555,2025-09-30,183,183,0,0
6658,555,2025-10-31,183,182,0,1
6659,555,2025-11-30,182,181,0,1
6660,555,2025-12-31,181,181,0,0
6661,556,2025-01-31,209,209,0,0
6662,556,2025-02-28,209,209,0,0
6663,556,2025-03-31,209,209,0,0
6664,556,2025-04-30,209,302,93,0
6665,556,2025-05-31,302,302,0,0
6666,556,2025-06-30,302,302,0,0
6667,556,2025-07-31,302,302,0,0
6668,556,2025-08-31,302,297,0,5
6669,556,2025-09-30,297,297,0,0
6670,556,2025-10-31,297,297,0,0
6671,556,2025-11-30,297,296,0,1
6672,556,2025-12-31,296,293,0,3
6673,557,2025-01-31,84,84,0,0
6674,557,2025-02-28,84,84,0,0
6675,557,2025-03-31,84,84,0,0
6676,557,2025-04-30,84,84,0,0
6677,557,2025-05-31,84,84,0,0
6678,557,2025-06-30,84,84,0,0
6679,557,2025-07-31,84,84,0,0
6680,557,2025-08-31,84,83,0,1
6681,557,2025-09-30,83,83,0,0
6682,557,2025-10-31,83,82,0,1
6683,557,2025-11-30,82,82,0,0
6684,557,2025-12-31,82,81,0,1
6685,558,2025-01-31,147,147,0,0
6686,558,2025-02-28,147,147,0,0
6687,558,2025-03-31,147,147,0,0
6688,558,2025-04-30,147,147,0,0
6689,558,2025-05-31,147,146,0,1
6690,558,2025-06-30,146,145,0,1
6691,558,2025-07-31,145,145,0,0
6692,558,2025-08-31,145,280,135,0
6693,558,2025-09-30,280,280,0,0
6694,558,2025-10-31,280,279,0,1
6695,558,2025-11-30,279,279,0,0
6696,558,2025-12-31,279,278,0,1
6697,559,2025-01-31,107,107,0,0
6698,559,2025-02-28,107,107,0,0
6699,559,2025-03-31,107,107,0,0
6700,559,2025-04-30,107,105,0,2
6701,559,2025-05-31,105,105,0,0
6702,559,2025-06-30,105,105,0,0
6703,559,2025-07-31,105,105,0,0
6704,559,2025-08-31,105,104,0,1
6705,559,2025-09-30,104,104,0,0
6706,559,2025-10-31,104,224,120,0
6707,559,2025-11-30,224,224,0,0
6708,559,2025-12-31,224,224,0,0
6709,560,2025-01-31,126,126,0,0
6710,560,2025-02-28,126,125,0,1
6711,560,2025-03-31,125,233,109,1
6712,560,2025-04-30,233,233,0,0
6713,560,2025-05-31,233,233,0,0
6714,560,2025-06-30,233,233,0,0
6715,560,2025-07-31,233,233,0,0
6716,560,2025-08-31,233,233,0,0
6717,560,2025-09-30,233,233,0,0
6718,560,2025-10-31,233,231,0,2
6719,560,2025-11-30,231,286,56,1
6720,560,2025-12-31,286,286,0,0
6721,561,2025-01-31,115,115,0,0
6722,561,2025-02-28,115,112,0,3
6723,561,2025-03-31,112,112,0,0
6724,561,2025-04-30,112,111,0,1
6725,561,2025-05-31,111,111,0,0
6726,561,2025-06-30,111,109,0,2
6727,561,2025-07-31,109,263,156,2
6728,561,2025-08-31,263,262,0,1
6729,561,2025-09-30,262,261,0,1
6730,561,2025-10-31,261,258,0,3
6731,561,2025-11-30,258,258,0,0
6732,561,2025-12-31,258,257,0,1
6733,562,2025-01-31,163,161,0,2
6734,562,2025-02-28,161,282,121,0
6735,562,2025-03-31,282,282,0,0
6736,562,2025-04-30,282,281,0,1
6737,562,2025-05-31,281,281,0,0
6738,562,2025-06-30,281,281,0,0
6739,562,2025-07-31,281,351,74,4
6740,562,2025-08-31,351,351,0,0
6741,562,2025-09-30,351,351,0,0
6742,562,2025-10-31,351,351,0,0
6743,562,2025-11-30,351,480,129,0
6744,562,2025-12-31,480,532,52,0
6745,563,2025-01-31,162,162,0,0
6746,563,2025-02-28,162,162,0,0
6747,563,2025-03-31,162,162,0,0
6748,563,2025-04-30,162,161,0,1
6749,563,2025-05-31,161,160,0,1
6750,563,2025-06-30,160,160,0,0
6751,563,2025-07-31,160,318,159,1
6752,563,2025-08-31,318,315,0,3
6753,563,2025-09-30,315,315,0,0
6754,563,2025-10-31,315,315,0,0
6755,563,2025-11-30,315,315,0,0
6756,563,2025-12-31,315,356,43,2
6757,564,2025-01-31,173,173,0,0
6758,564,2025-02-28,173,173,0,0
6759,564,2025-03-31,173,173,0,0
6760,564,2025-04-30,173,234,61,0
6761,564,2025-05-31,234,234,0,0
6762,564,2025-06-30,234,233,0,1
6763,564,2025-07-31,233,233,0,0
6764,564,2025-08-31,233,233,0,0
6765,564,2025-09-30,233,233,0,0
6766,564,2025-10-31,233,233,0,0
6767,564,2025-11-30,233,284,51,0
6768,564,2025-12-31,284,332,48,0
6769,565,2025-01-31,151,151,0,0
6770,565,2025-02-28,151,151,0,0
6771,565,2025-03-31,151,151,0,0
6772,565,2025-04-30,151,309,159,1
6773,565,2025-05-31,309,309,0,0
6774,565,2025-06-30,309,309,0,0
6775,565,2025-07-31,309,308,0,1
6776,565,2025-08-31,308,308,0,0
6777,565,2025-09-30,308,306,0,2
6778,565,2025-10-31,306,306,0,0
6779,565,2025-11-30,306,306,0,0
6780,565,2025-12-31,306,306,0,0
6781,566,2025-01-31,135,134,0,1
6782,566,2025-02-28,134,134,0,0
6783,566,2025-03-31,134,131,0,3
6784,566,2025-04-30,131,131,0,0
6785,566,2025-05-31,131,131,0,0
6786,566,2025-06-30,131,131,0,0
6787,566,2025-07-31,131,129,0,2
6788,566,2025-08-31,129,129,0,0
6789,566,2025-09-30,129,129,0,0
6790,566,2025-10-31,129,129,0,0
6791,566,2025-11-30,129,129,0,0
6792,566,2025-12-31,129,249,120,0
6793,567,2025-01-31,189,189,0,0
6794,567,2025-02-28,189,189,0,0
6795,567,2025-03-31,189,295,110,4
6796,567,2025-04-30,295,295,0,0
6797,567,2025-05-31,295,295,0,0
6798,567,2025-06-30,295,295,0,0
6799,567,2025-07-31,295,295,0,0
6800,567,2025-08-31,295,295,0,0
6801,567,2025-09-30,295,295,0,0
6802,567,2025-10-31,295,294,0,1
6803,567,2025-11-30,294,372,78,0
6804,567,2025-12-31,372,372,0,0
6805,568,2025-01-31,106,104,0,2
6806,568,2025-02-28,104,101,0,3
6807,568,2025-03-31,101,97,0,4
6808,568,2025-04-30,97,97,0,0
6809,568,2025-05-31,97,97,0,0
6810,568,2025-06-30,97,97,0,0
6811,568,2025-07-31,97,97,0,0
6812,568,2025-08-31,97,97,0,0
6813,568,2025-09-30,97,218,121,0
6814,568,2025-10-31,218,218,0,0
6815,568,2025-11-30,218,365,148,1
6816,568,2025-12-31,365,363,0,2
6817,569,2025-01-31,128,128,0,0
6818,569,2025-02-28,128,215,89,2
6819,569,2025-03-31,215,215,0,0
6820,569,2025-04-30,215,271,56,0
6821,569,2025-05-31,271,271,0,0
6822,569,2025-06-30,271,270,0,1
6823,569,2025-07-31,270,269,0,1
6824,569,2025-08-31,269,269,0,0
6825,569,2025-09-30,269,422,154,1
6826,569,2025-10-31,422,518,96,0
6827,569,2025-11-30,518,638,120,0
6828,569,2025-12-31,638,637,0,1
6829,570,2025-01-31,63,171,108,0
6830,570,2025-02-28,171,171,0,0
6831,570,2025-03-31,171,318,148,1
6832,570,2025-04-30,318,318,0,0
6833,570,2025-05-31,318,316,0,2
6834,570,2025-06-30,316,316,0,0
6835,570,2025-07-31,316,314,0,2
6836,570,2025-08-31,314,314,0,0
6837,570,2025-09-30,314,314,0,0
6838,570,2025-10-31,314,311,0,3
6839,570,2025-11-30,311,311,0,0
6840,570,2025-12-31,311,311,0,0
6841,571,2025-01-31,214,280,67,1
6842,571,2025-02-28,280,410,130,0
6843,571,2025-03-31,410,406,0,4
6844,571,2025-04-30,406,404,0,2
6845,571,2025-05-31,404,511,107,0
6846,571,2025-06-30,511,511,0,0
6847,571,2025-07-31,511,511,0,0
6848,571,2025-08-31,511,666,155,0
6849,571,2025-09-30,666,663,0,3
6850,571,2025-10-31,663,660,0,3
6851,571,2025-11-30,660,782,122,0
6852,571,2025-12-31,782,782,0,0
6853,572,2025-01-31,101,101,0,0
6854,572,2025-02-28,101,101,0,0
6855,572,2025-03-31,101,101,0,0
6856,572,2025-04-30,101,100,0,1
6857,572,2025-05-31,100,100,0,0
6858,572,2025-06-30,100,100,0,0
6859,572,2025-07-31,100,210,110,0
6860,572,2025-08-31,210,209,0,1
6861,572,2025-09-30,209,249,40,0
6862,572,2025-10-31,249,321,72,0
6863,572,2025-11-30,321,320,0,1
6864,572,2025-12-31,320,320,0,0
6865,573,2025-01-31,202,334,132,0
6866,573,2025-02-28,334,334,0,0
6867,573,2025-03-31,334,333,0,1
6868,573,2025-04-30,333,448,116,1
6869,573,2025-05-31,448,448,0,0
6870,573,2025-06-30,448,448,0,0
6871,573,2025-07-31,448,447,0,1
6872,573,2025-08-31,447,444,0,3
6873,573,2025-09-30,444,443,0,1
6874,573,2025-10-31,443,443,0,0
6875,573,2025-11-30,443,443,0,0
6876,573,2025-12-31,443,443,0,0
6877,574,2025-01-31,95,218,123,0
6878,574,2025-02-28,218,216,0,2
6879,574,2025-03-31,216,216,0,0
6880,574,2025-04-30,216,304,88,0
6881,574,2025-05-31,304,304,0,0
6882,574,2025-06-30,304,392,92,4
6883,574,2025-07-31,392,392,0,0
6884,574,2025-08-31,392,481,89,0
6885,574,2025-09-30,481,481,0,0
6886,574,2025-10-31,481,481,0,0
6887,574,2025-11-30,481,479,0,2
6888,574,2025-12-31,479,479,0,0
6889,575,2025-01-31,158,154,0,4
6890,575,2025-02-28,154,152,0,2
6891,575,2025-03-31,152,151,0,1
6892,575,2025-04-30,151,151,0,0
6893,575,2025-05-31,151,148,0,3
6894,575,2025-06-30,148,189,42,1
6895,575,2025-07-31,189,189,0,0
6896,575,2025-08-31,189,189,0,0
6897,575,2025-09-30,189,189,0,0
6898,575,2025-10-31,189,185,0,4
6899,575,2025-11-30,185,184,0,1
6900,575,2025-12-31,184,183,0,1
6901,576,2025-01-31,196,194,0,2
6902,576,2025-02-28,194,194,0,0
6903,576,2025-03-31,194,194,0,0
6904,576,2025-04-30,194,194,0,0
6905,576,2025-05-31,194,194,0,0
6906,576,2025-06-30,194,194,0,0
6907,576,2025-07-31,194,194,0,0
6908,576,2025-08-31,194,194,0,0
6909,576,2025-09-30,194,194,0,0
6910,576,2025-10-31,194,194,0,0
6911,576,2025-11-30,194,193,0,1
6912,576,2025-12-31,193,193,0,0
6913,577,2025-01-31,203,286,89,6
6914,577,2025-02-28,286,286,0,0
6915,577,2025-03-31,286,286,0,0
6916,577,2025-04-30,286,285,0,1
6917,577,2025-05-31,285,285,0,0
6918,577,2025-06-30,285,285,0,0
6919,577,2025-07-31,285,424,139,0
6920,577,2025-08-31,424,424,0,0
6921,577,2025-09-30,424,424,0,0
6922,577,2025-10-31,424,423,0,1
6923,577,2025-11-30,423,422,0,1
6924,577,2025-12-31,422,421,0,1
6925,578,2025-01-31,61,61,0,0
6926,578,2025-02-28,61,60,0,1
6927,578,2025-03-31,60,166,107,1
6928,578,2025-04-30,166,292,128,2
6929,578,2025-05-31,292,290,0,2
6930,578,2025-06-30,290,286,0,4
6931,578,2025-07-31,286,286,0,0
6932,578,2025-08-31,286,286,0,0
6933,578,2025-09-30,286,286,0,0
6934,578,2025-10-31,286,286,0,0
6935,578,2025-11-30,286,390,108,4
6936,578,2025-12-31,390,390,0,0
6937,579,2025-01-31,171,171,0,0
6938,579,2025-02-28,171,171,0,0
6939,579,2025-03-31,171,171,0,0
6940,579,2025-04-30,171,170,0,1
6941,579,2025-05-31,170,170,0,0
6942,579,2025-06-30,170,170,0,0
6943,579,2025-07-31,170,170,0,0
6944,579,2025-08-31,170,168,0,2
6945,579,2025-09-30,168,168,0,0
6946,579,2025-10-31,168,268,101,1
6947,579,2025-11-30,268,267,0,1
6948,579,2025-12-31,267,331,64,0
6949,580,2025-01-31,191,191,0,0
6950,580,2025-02-28,191,310,120,1
6951,580,2025-03-31,310,308,0,2
6952,580,2025-04-30,308,308,0,0
6953,580,2025-05-31,308,308,0,0
6954,580,2025-06-30,308,308,0,0
6955,580,2025-07-31,308,306,0,2
6956,580,2025-08-31,306,306,0,0
6957,580,2025-09-30,306,305,0,1
6958,580,2025-10-31,305,305,0,0
6959,580,2025-11-30,305,304,0,1
6960,580,2025-12-31,304,303,0,1
6961,581,2025-01-31,154,153,0,1
6962,581,2025-02-28,153,153,0,0
6963,581,2025-03-31,153,151,0,2
6964,581,2025-04-30,151,216,66,1
6965,581,2025-05-31,216,214,0,2
6966,581,2025-06-30,214,214,0,0
6967,581,2025-07-31,214,212,0,2
6968,581,2025-08-31,212,212,0,0
6969,581,2025-09-30,212,319,107,0
6970,581,2025-10-31,319,366,47,0
6971,581,2025-11-30,366,366,0,0
6972,581,2025-12-31,366,365,0,1
6973,582,2025-01-31,147,147,0,0
6974,582,2025-02-28,147,275,128,0
6975,582,2025-03-31,275,275,0,0
6976,582,2025-04-30,275,275,0,0
6977,582,2025-05-31,275,275,0,0
6978,582,2025-06-30,275,275,0,0
6979,582,2025-07-31,275,275,0,0
6980,582,2025-08-31,275,411,136,0
6981,582,2025-09-30,411,408,0,3
6982,582,2025-10-31,408,404,0,4
6983,582,2025-11-30,404,556,152,0
6984,582,2025-12-31,556,555,0,1
6985,583,2025-01-31,90,89,0,1
6986,583,2025-02-28,89,89,0,0
6987,583,2025-03-31,89,89,0,0
6988,583,2025-04-30,89,86,0,3
6989,583,2025-05-31,86,83,0,3
6990,583,2025-06-30,83,83,0,0
6991,583,2025-07-31,83,83,0,0
6992,583,2025-08-31,83,146,63,0
6993,583,2025-09-30,146,145,0,1
6994,583,2025-10-31,145,145,0,0
6995,583,2025-11-30,145,142,0,3
6996,583,2025-12-31,142,140,0,2
6997,584,2025-01-31,165,165,0,0
6998,584,2025-02-28,165,162,0,3
6999,584,2025-03-31,162,162,0,0
7000,584,2025-04-30,162,162,0,0
7001,584,2025-05-31,162,201,41,2
7002,584,2025-06-30,201,201,0,0
7003,584,2025-07-31,201,199,0,2
7004,584,2025-08-31,199,199,0,0
7005,584,2025-09-30,199,199,0,0
7006,584,2025-10-31,199,199,0,0
7007,584,2025-11-30,199,199,0,0
7008,584,2025-12-31,199,199,0,0
7009,585,2025-01-31,93,140,47,0
7010,585,2025-02-28,140,140,0,0
7011,585,2025-03-31,140,138,0,2
7012,585,2025-04-30,138,138,0,0
7013,585,2025-05-31,138,138,0,0
7014,585,2025-06-30,138,138,0,0
7015,585,2025-07-31,138,135,0,3
7016,585,2025-08-31,135,219,84,0
7017,585,2025-09-30,219,219,0,0
7018,585,2025-10-31,219,217,0,2
7019,585,2025-11-30,217,217,0,0
7020,585,2025-12-31,217,216,0,1
7021,586,2025-01-31,217,217,0,0
7022,586,2025-02-28,217,217,0,0
7023,586,2025-03-31,217,214,0,3
7024,586,2025-04-30,214,213,0,1
7025,586,2025-05-31,213,211,0,2
7026,586,2025-06-30,211,211,0,0
7027,586,2025-07-31,211,210,0,1
7028,586,2025-08-31,210,206,0,4
7029,586,2025-09-30,206,200,0,6
7030,586,2025-10-31,200,200,0,0
7031,586,2025-11-30,200,200,0,0
7032,586,2025-12-31,200,199,0,1
7033,587,2025-01-31,85,84,0,1
7034,587,2025-02-28,84,84,0,0
7035,587,2025-03-31,84,84,0,0
7036,587,2025-04-30,84,84,0,0
7037,587,2025-05-31,84,200,116,0
7038,587,2025-06-30,200,200,0,0
7039,587,2025-07-31,200,196,0,4
7040,587,2025-08-31,196,196,0,0
7041,587,2025-09-30,196,196,0,0
7042,587,2025-10-31,196,195,0,1
7043,587,2025-11-30,195,195,0,0
7044,587,2025-12-31,195,195,0,0
7045,588,2025-01-31,108,176,69,1
7046,588,2025-02-28,176,176,0,0
7047,588,2025-03-31,176,253,79,2
7048,588,2025-04-30,253,253,0,0
7049,588,2025-05-31,253,372,119,0
7050,588,2025-06-30,372,499,127,0
7051,588,2025-07-31,499,498,0,1
7052,588,2025-08-31,498,498,0,0
7053,588,2025-09-30,498,498,0,0
7054,588,2025-10-31,498,495,0,3
7055,588,2025-11-30,495,493,0,2
7056,588,2025-12-31,493,493,0,0
7057,589,2025-01-31,76,76,0,0
7058,589,2025-02-28,76,74,0,2
7059,589,2025-03-31,74,74,0,0
7060,589,2025-04-30,74,74,0,0
7061,589,2025-05-31,74,74,0,0
7062,589,2025-06-30,74,74,0,0
7063,589,2025-07-31,74,74,0,0
7064,589,2025-08-31,74,74,0,0
7065,589,2025-09-30,74,74,0,0
7066,589,2025-10-31,74,122,48,0
7067,589,2025-11-30,122,207,85,0
7068,589,2025-12-31,207,207,0,0
7069,590,2025-01-31,91,90,0,1
7070,590,2025-02-28,90,90,0,0
7071,590,2025-03-31,90,187,97,0
7072,590,2025-04-30,187,187,0,0
7073,590,2025-05-31,187,183,0,4
7074,590,2025-06-30,183,183,0,0
7075,590,2025-07-31,183,180,0,3
7076,590,2025-08-31,180,180,0,0
7077,590,2025-09-30,180,180,0,0
7078,590,2025-10-31,180,176,0,4
7079,590,2025-11-30,176,292,116,0
7080,590,2025-12-31,292,292,0,0
7081,591,2025-01-31,205,203,0,2
7082,591,2025-02-28,203,201,0,2
7083,591,2025-03-31,201,200,0,1
7084,591,2025-04-30,200,200,0,0
7085,591,2025-05-31,200,200,0,0
7086,591,2025-06-30,200,302,103,1
7087,591,2025-07-31,302,302,0,0
7088,591,2025-08-31,302,302,0,0
7089,591,2025-09-30,302,353,51,0
7090,591,2025-10-31,353,489,136,0
7091,591,2025-11-30,489,537,48,0
7092,591,2025-12-31,537,537,0,0
7093,592,2025-01-31,89,88,0,1
7094,592,2025-02-28,88,88,0,0
7095,592,2025-03-31,88,86,0,2
7096,592,2025-04-30,86,86,0,0
7097,592,2025-05-31,86,86,0,0
7098,592,2025-06-30,86,86,0,0
7099,592,2025-07-31,86,86,0,0
7100,592,2025-08-31,86,86,0,0
7101,592,2025-09-30,86,85,0,1
7102,592,2025-10-31,85,85,0,0
7103,592,2025-11-30,85,85,0,0
7104,592,2025-12-31,85,85,0,0
7105,593,2025-01-31,135,134,0,1
7106,593,2025-02-28,134,134,0,0
7107,593,2025-03-31,134,267,133,0
7108,593,2025-04-30,267,267,0,0
7109,593,2025-05-31,267,414,148,1
7110,593,2025-06-30,414,411,0,3
7111,593,2025-07-31,411,411,0,0
7112,593,2025-08-31,411,484,73,0
7113,593,2025-09-30,484,484,0,0
7114,593,2025-10-31,484,484,0,0
7115,593,2025-11-30,484,484,0,0
7116,593,2025-12-31,484,484,0,0
7117,594,2025-01-31,113,113,0,0
7118,594,2025-02-28,113,113,0,0
7119,594,2025-03-31,113,113,0,0
7120,594,2025-04-30,113,113,0,0
7121,594,2025-05-31,113,113,0,0
7122,594,2025-06-30,113,113,0,0
7123,594,2025-07-31,113,222,110,1
7124,594,2025-08-31,222,222,0,0
7125,594,2025-09-30,222,220,0,2
7126,594,2025-10-31,220,220,0,0
7127,594,2025-11-30,220,219,0,1
7128,594,2025-12-31,219,218,0,1
7129,595,2025-01-31,153,153,0,0
7130,595,2025-02-28,153,153,0,0
7131,595,2025-03-31,153,151,0,2
7132,595,2025-04-30,151,149,0,2
7133,595,2025-05-31,149,149,0,0
7134,595,2025-06-30,149,149,0,0
7135,595,2025-07-31,149,149,0,0
7136,595,2025-08-31,149,149,0,0
7137,595,2025-09-30,149,145,0,4
7138,595,2025-10-31,145,267,125,3
7139,595,2025-11-30,267,267,0,0
7140,595,2025-12-31,267,267,0,0
7141,596,2025-01-31,111,198,89,2
7142,596,2025-02-28,198,197,0,1
7143,596,2025-03-31,197,197,0,0
7144,596,2025-04-30,197,197,0,0
7145,596,2025-05-31,197,197,0,0
7146,596,2025-06-30,197,197,0,0
7147,596,2025-07-31,197,197,0,0
7148,596,2025-08-31,197,196,0,1
7149,596,2025-09-30,196,351,155,0
7150,596,2025-10-31,351,351,0,0
7151,596,2025-11-30,351,350,0,1
7152,596,2025-12-31,350,350,0,0
7153,597,2025-01-31,163,163,0,0
7154,597,2025-02-28,163,163,0,0
7155,597,2025-03-31,163,163,0,0
7156,597,2025-04-30,163,163,0,0
7157,597,2025-05-31,163,163,0,0
7158,597,2025-06-30,163,163,0,0
7159,597,2025-07-31,163,163,0,0
7160,597,2025-08-31,163,159,0,4
7161,597,2025-09-30,159,230,71,0
7162,597,2025-10-31,230,229,0,1
7163,597,2025-11-30,229,228,0,1
7164,597,2025-12-31,228,228,0,0
7165,598,2025-01-31,169,169,0,0
7166,598,2025-02-28,169,168,0,1
7167,598,2025-03-31,168,168,0,0
7168,598,2025-04-30,168,168,0,0
7169,598,2025-05-31,168,168,0,0
7170,598,2025-06-30,168,168,0,0
7171,598,2025-07-31,168,168,0,0
7172,598,2025-08-31,168,167,0,1
7173,598,2025-09-30,167,167,0,0
7174,598,2025-10-31,167,167,0,0
7175,598,2025-11-30,167,167,0,0
7176,598,2025-12-31,167,167,0,0
7177,599,2025-01-31,166,166,0,0
7178,599,2025-02-28,166,166,0,0
7179,599,2025-03-31,166,243,77,0
7180,599,2025-04-30,243,243,0,0
7181,599,2025-05-31,243,360,119,2
7182,599,2025-06-30,360,359,0,1
7183,599,2025-07-31,359,359,0,0
7184,599,2025-08-31,359,359,0,0
7185,599,2025-09-30,359,359,0,0
7186,599,2025-10-31,359,359,0,0
7187,599,2025-11-30,359,416,57,0
7188,599,2025-12-31,416,414,0,2
7189,600,2025-01-31,62,62,0,0
7190,600,2025-02-28,62,197,135,0
7191,600,2025-03-31,197,249,53,1
7192,600,2025-04-30,249,246,0,3
7193,600,2025-05-31,246,246,0,0
7194,600,2025-06-30,246,246,0,0
7195,600,2025-07-31,246,243,0,3
7196,600,2025-08-31,243,243,0,0
7197,600,2025-09-30,243,243,0,0
7198,600,2025-10-31,243,243,0,0
7199,600,2025-11-30,243,381,139,1
7200,600,2025-12-31,381,470,92,3
7201,601,2025-01-31,139,139,0,0
7202,601,2025-02-28,139,135,0,4
7203,601,2025-03-31,135,198,63,0
7204,601,2025-04-30,198,198,0,0
7205,601,2025-05-31,198,195,0,3
7206,601,2025-06-30,195,193,0,2
7207,601,2025-07-31,193,255,62,0
7208,601,2025-08-31,255,359,104,0
7209,601,2025-09-30,359,354,0,5
7210,601,2025-10-31,354,351,0,3
7211,601,2025-11-30,351,441,90,0
7212,601,2025-12-31,441,440,0,1
7213,602,2025-01-31,189,189,0,0
7214,602,2025-02-28,189,189,0,0
7215,602,2025-03-31,189,189,0,0
7216,602,2025-04-30,189,189,0,0
7217,602,2025-05-31,189,187,0,2
7218,602,2025-06-30,187,187,0,0
7219,602,2025-07-31,187,187,0,0
7220,602,2025-08-31,187,186,0,1
7221,602,2025-09-30,186,185,0,1
7222,602,2025-10-31,185,185,0,0
7223,602,2025-11-30,185,185,0,0
7224,602,2025-12-31,185,184,0,1
7225,603,2025-01-31,195,194,0,1
7226,603,2025-02-28,194,194,0,0
7227,603,2025-03-31,194,194,0,0
7228,603,2025-04-30,194,194,0,0
7229,603,2025-05-31,194,194,0,0
7230,603,2025-06-30,194,190,0,4
7231,603,2025-07-31,190,190,0,0
7232,603,2025-08-31,190,187,0,3
7233,603,2025-09-30,187,336,152,3
7234,603,2025-10-31,336,335,0,1
7235,603,2025-11-30,335,334,0,1
7236,603,2025-12-31,334,334,0,0
7237,604,2025-01-31,195,195,0,0
7238,604,2025-02-28,195,257,64,2
7239,604,2025-03-31,257,257,0,0
7240,604,2025-04-30,257,257,0,0
7241,604,2025-05-31,257,257,0,0
7242,604,2025-06-30,257,253,0,4
7243,604,2025-07-31,253,253,0,0
7244,604,2025-08-31,253,252,0,1
7245,604,2025-09-30,252,252,0,0
7246,604,2025-10-31,252,252,0,0
7247,604,2025-11-30,252,359,107,0
7248,604,2025-12-31,359,359,0,0
7249,605,2025-01-31,141,141,0,0
7250,605,2025-02-28,141,141,0,0
7251,605,2025-03-31,141,140,0,1
7252,605,2025-04-30,140,140,0,0
7253,605,2025-05-31,140,183,43,0
7254,605,2025-06-30,183,179,0,4
7255,605,2025-07-31,179,177,0,2
7256,605,2025-08-31,177,175,0,2
7257,605,2025-09-30,175,275,101,1
7258,605,2025-10-31,275,275,0,0
7259,605,2025-11-30,275,274,0,1
7260,605,2025-12-31,274,273,0,1
7261,606,2025-01-31,71,71,0,0
7262,606,2025-02-28,71,223,153,1
7263,606,2025-03-31,223,347,124,0
7264,606,2025-04-30,347,411,64,0
7265,606,2025-05-31,411,411,0,0
7266,606,2025-06-30,411,476,66,1
7267,606,2025-07-31,476,476,0,0
7268,606,2025-08-31,476,476,0,0
7269,606,2025-09-30,476,476,0,0
7270,606,2025-10-31,476,475,0,1
7271,606,2025-11-30,475,474,0,1
7272,606,2025-12-31,474,473,0,1
7273,607,2025-01-31,149,147,0,2
7274,607,2025-02-28,147,145,0,2
7275,607,2025-03-31,145,144,0,1
7276,607,2025-04-30,144,144,0,0
7277,607,2025-05-31,144,144,0,0
7278,607,2025-06-30,144,144,0,0
7279,607,2025-07-31,144,141,0,3
7280,607,2025-08-31,141,137,0,4
7281,607,2025-09-30,137,136,0,1
7282,607,2025-10-31,136,136,0,0
7283,607,2025-11-30,136,136,0,0
7284,607,2025-12-31,136,135,0,1
7285,608,2025-01-31,109,220,111,0
7286,608,2025-02-28,220,215,0,5
7287,608,2025-03-31,215,309,94,0
7288,608,2025-04-30,309,308,0,1
7289,608,2025-05-31,308,307,0,1
7290,608,2025-06-30,307,307,0,0
7291,608,2025-07-31,307,307,0,0
7292,608,2025-08-31,307,305,0,2
7293,608,2025-09-30,305,302,0,3
7294,608,2025-10-31,302,302,0,0
7295,608,2025-11-30,302,302,0,0
7296,608,2025-12-31,302,301,0,1
7297,609,2025-01-31,204,203,0,1
7298,609,2025-02-28,203,200,0,3
7299,609,2025-03-31,200,200,0,0
7300,609,2025-04-30,200,198,0,2
7301,609,2025-05-31,198,195,0,3
7302,609,2025-06-30,195,194,0,1
7303,609,2025-07-31,194,190,0,4
7304,609,2025-08-31,190,190,0,0
7305,609,2025-09-30,190,326,138,2
7306,609,2025-10-31,326,325,0,1
7307,609,2025-11-30,325,325,0,0
7308,609,2025-12-31,325,323,0,2
7309,610,2025-01-31,187,185,0,2
7310,610,2025-02-28,185,185,0,0
7311,610,2025-03-31,185,182,0,3
7312,610,2025-04-30,182,180,0,2
7313,610,2025-05-31,180,279,100,1
7314,610,2025-06-30,279,279,0,0
7315,610,2025-07-31,279,279,0,0
7316,610,2025-08-31,279,276,0,3
7317,610,2025-09-30,276,276,0,0
7318,610,2025-10-31,276,274,0,2
7319,610,2025-11-30,274,266,0,8
7320,610,2025-12-31,266,265,0,1
7321,611,2025-01-31,161,161,0,0
7322,611,2025-02-28,161,155,0,6
7323,611,2025-03-31,155,277,123,1
7324,611,2025-04-30,277,276,0,1
7325,611,2025-05-31,276,274,0,2
7326,611,2025-06-30,274,274,0,0
7327,611,2025-07-31,274,274,0,0
7328,611,2025-08-31,274,270,0,4
7329,611,2025-09-30,270,313,43,0
7330,611,2025-10-31,313,310,0,3
7331,611,2025-11-30,310,453,143,0
7332,611,2025-12-31,453,451,0,2
7333,612,2025-01-31,192,274,82,0
7334,612,2025-02-28,274,273,0,1
7335,612,2025-03-31,273,270,0,3
7336,612,2025-04-30,270,269,0,1
7337,612,2025-05-31,269,266,0,3
7338,612,2025-06-30,266,265,0,1
7339,612,2025-07-31,265,264,0,1
7340,612,2025-08-31,264,264,0,0
7341,612,2025-09-30,264,260,0,4
7342,612,2025-10-31,260,260,0,0
7343,612,2025-11-30,260,260,0,0
7344,612,2025-12-31,260,257,0,3
7345,613,2025-01-31,181,180,0,1
7346,613,2025-02-28,180,303,123,0
7347,613,2025-03-31,303,303,0,0
7348,613,2025-04-30,303,303,0,0
7349,613,2025-05-31,303,301,0,2
7350,613,2025-06-30,301,301,0,0
7351,613,2025-07-31,301,301,0,0
7352,613,2025-08-31,301,300,0,1
7353,613,2025-09-30,300,364,64,0
7354,613,2025-10-31,364,364,0,0
7355,613,2025-11-30,364,361,0,3
7356,613,2025-12-31,361,491,131,1
7357,614,2025-01-31,78,76,0,2
7358,614,2025-02-28,76,76,0,0
7359,614,2025-03-31,76,73,0,3
7360,614,2025-04-30,73,73,0,0
7361,614,2025-05-31,73,157,84,0
7362,614,2025-06-30,157,155,0,2
7363,614,2025-07-31,155,155,0,0
7364,614,2025-08-31,155,155,0,0
7365,614,2025-09-30,155,155,0,0
7366,614,2025-10-31,155,155,0,0
7367,614,2025-11-30,155,155,0,0
7368,614,2025-12-31,155,153,0,2
7369,615,2025-01-31,62,61,0,1
7370,615,2025-02-28,61,61,0,0
7371,615,2025-03-31,61,60,0,1
7372,615,2025-04-30,60,60,0,0
7373,615,2025-05-31,60,60,0,0
7374,615,2025-06-30,60,57,0,3
7375,615,2025-07-31,57,179,126,4
7376,615,2025-08-31,179,269,90,0
7377,615,2025-09-30,269,269,0,0
7378,615,2025-10-31,269,267,0,2
7379,615,2025-11-30,267,267,0,0
7380,615,2025-12-31,267,267,0,0
7381,616,2025-01-31,136,198,62,0
7382,616,2025-02-28,198,198,0,0
7383,616,2025-03-31,198,197,0,1
7384,616,2025-04-30,197,333,138,2
7385,616,2025-05-31,333,331,0,2
7386,616,2025-06-30,331,331,0,0
7387,616,2025-07-31,331,331,0,0
7388,616,2025-08-31,331,331,0,0
7389,616,2025-09-30,331,328,0,3
7390,616,2025-10-31,328,326,0,2
7391,616,2025-11-30,326,326,0,0
7392,616,2025-12-31,326,326,0,0
7393,617,2025-01-31,107,102,0,5
7394,617,2025-02-28,102,102,0,0
7395,617,2025-03-31,102,99,0,3
7396,617,2025-04-30,99,167,70,2
7397,617,2025-05-31,167,164,0,3
7398,617,2025-06-30,164,164,0,0
7399,617,2025-07-31,164,164,0,0
7400,617,2025-08-31,164,164,0,0
7401,617,2025-09-30,164,163,0,1
7402,617,2025-10-31,163,163,0,0
7403,617,2025-11-30,163,163,0,0
7404,617,2025-12-31,163,163,0,0
7405,618,2025-01-31,128,126,0,2
7406,618,2025-02-28,126,122,0,4
7407,618,2025-03-31,122,122,0,0
7408,618,2025-04-30,122,178,56,0
7409,618,2025-05-31,178,178,0,0
7410,618,2025-06-30,178,175,0,3
7411,618,2025-07-31,175,175,0,0
7412,618,2025-08-31,175,174,0,1
7413,618,2025-09-30,174,174,0,0
7414,618,2025-10-31,174,174,0,0
7415,618,2025-11-30,174,174,0,0
7416,618,2025-12-31,174,174,0,0
7417,619,2025-01-31,203,200,0,3
7418,619,2025-02-28,200,200,0,0
7419,619,2025-03-31,200,200,0,0
7420,619,2025-04-30,200,199,0,1
7421,619,2025-05-31,199,199,0,0
7422,619,2025-06-30,199,197,0,2
7423,619,2025-07-31,197,195,0,2
7424,619,2025-08-31,195,190,0,5
7425,619,2025-09-30,190,189,0,1
7426,619,2025-10-31,189,274,87,2
7427,619,2025-11-30,274,272,0,2
7428,619,2025-12-31,272,271,0,1
7429,620,2025-01-31,188,188,0,0
7430,620,2025-02-28,188,180,0,8
7431,620,2025-03-31,180,289,109,0
7432,620,2025-04-30,289,289,0,0
7433,620,2025-05-31,289,376,87,0
7434,620,2025-06-30,376,374,0,2
7435,620,2025-07-31,374,373,0,1
7436,620,2025-08-31,373,373,0,0
7437,620,2025-09-30,373,371,0,2
7438,620,2025-10-31,371,440,69,0
7439,620,2025-11-30,440,439,0,1
7440,620,2025-12-31,439,552,114,1
7441,621,2025-01-31,116,186,70,0
7442,621,2025-02-28,186,186,0,0
7443,621,2025-03-31,186,186,0,0
7444,621,2025-04-30,186,186,0,0
7445,621,2025-05-31,186,185,0,1
7446,621,2025-06-30,185,281,96,0
7447,621,2025-07-31,281,279,0,2
7448,621,2025-08-31,279,279,0,0
7449,621,2025-09-30,279,279,0,0
7450,621,2025-10-31,279,275,0,4
7451,621,2025-11-30,275,274,0,1
7452,621,2025-12-31,274,272,0,2
7453,622,2025-01-31,64,61,0,3
7454,622,2025-02-28,61,60,0,1
7455,622,2025-03-31,60,60,0,0
7456,622,2025-04-30,60,60,0,0
7457,622,2025-05-31,60,58,0,2
7458,622,2025-06-30,58,57,0,1
7459,622,2025-07-31,57,57,0,0
7460,622,2025-08-31,57,57,0,0
7461,622,2025-09-30,57,57,0,0
7462,622,2025-10-31,57,53,0,4
7463,622,2025-11-30,53,49,0,4
7464,622,2025-12-31,49,49,0,0
7465,623,2025-01-31,120,120,0,0
7466,623,2025-02-28,120,235,118,3
7467,623,2025-03-31,235,311,78,2
7468,623,2025-04-30,311,309,0,2
7469,623,2025-05-31,309,304,0,5
7470,623,2025-06-30,304,304,0,0
7471,623,2025-07-31,304,304,0,0
7472,623,2025-08-31,304,301,0,3
7473,623,2025-09-30,301,300,0,1
7474,623,2025-10-31,300,440,142,2
7475,623,2025-11-30,440,439,0,1
7476,623,2025-12-31,439,481,44,2
7477,624,2025-01-31,131,264,134,1
7478,624,2025-02-28,264,264,0,0
7479,624,2025-03-31,264,264,0,0
7480,624,2025-04-30,264,263,0,1
7481,624,2025-05-31,263,263,0,0
7482,624,2025-06-30,263,262,0,1
7483,624,2025-07-31,262,379,118,1
7484,624,2025-08-31,379,530,151,0
7485,624,2025-09-30,530,528,0,2
7486,624,2025-10-31,528,619,91,0
7487,624,2025-11-30,619,616,0,3
7488,624,2025-12-31,616,608,0,8
7489,625,2025-01-31,137,135,0,2
7490,625,2025-02-28,135,134,0,1
7491,625,2025-03-31,134,212,78,0
7492,625,2025-04-30,212,212,0,0
7493,625,2025-05-31,212,307,95,0
7494,625,2025-06-30,307,307,0,0
7495,625,2025-07-31,307,399,92,0
7496,625,2025-08-31,399,399,0,0
7497,625,2025-09-30,399,399,0,0
7498,625,2025-10-31,399,397,0,2
7499,625,2025-11-30,397,397,0,0
7500,625,2025-12-31,397,395,0,2
7501,626,2025-01-31,152,243,91,0
7502,626,2025-02-28,243,327,84,0
7503,626,2025-03-31,327,324,0,3
7504,626,2025-04-30,324,371,47,0
7505,626,2025-05-31,371,371,0,0
7506,626,2025-06-30,371,371,0,0
7507,626,2025-07-31,371,430,59,0
7508,626,2025-08-31,430,503,79,6
7509,626,2025-09-30,503,595,92,0
7510,626,2025-10-31,595,662,67,0
7511,626,2025-11-30,662,662,0,0
7512,626,2025-12-31,662,817,155,0
7513,627,2025-01-31,108,108,0,0
7514,627,2025-02-28,108,108,0,0
7515,627,2025-03-31,108,108,0,0
7516,627,2025-04-30,108,108,0,0
7517,627,2025-05-31,108,108,0,0
7518,627,2025-06-30,108,108,0,0
7519,627,2025-07-31,108,108,0,0
7520,627,2025-08-31,108,195,88,1
7521,627,2025-09-30,195,193,0,2
7522,627,2025-10-31,193,193,0,0
7523,627,2025-11-30,193,192,0,1
7524,627,2025-12-31,192,281,89,0
7525,628,2025-01-31,89,88,0,1
7526,628,2025-02-28,88,88,0,0
7527,628,2025-03-31,88,87,0,1
7528,628,2025-04-30,87,84,0,3
7529,628,2025-05-31,84,84,0,0
7530,628,2025-06-30,84,84,0,0
7531,628,2025-07-31,84,240,157,1
7532,628,2025-08-31,240,240,0,0
7533,628,2025-09-30,240,236,0,4
7534,628,2025-10-31,236,236,0,0
7535,628,2025-11-30,236,236,0,0
7536,628,2025-12-31,236,233,0,3
7537,629,2025-01-31,200,199,0,1
7538,629,2025-02-28,199,198,0,1
7539,629,2025-03-31,198,196,0,2
7540,629,2025-04-30,196,196,0,0
7541,629,2025-05-31,196,194,0,2
7542,629,2025-06-30,194,194,0,0
7543,629,2025-07-31,194,194,0,0
7544,629,2025-08-31,194,194,0,0
7545,629,2025-09-30,194,194,0,0
7546,629,2025-10-31,194,189,0,5
7547,629,2025-11-30,189,239,50,0
7548,629,2025-12-31,239,239,0,0
7549,630,2025-01-31,208,299,91,0
7550,630,2025-02-28,299,299,0,0
7551,630,2025-03-31,299,298,0,1
7552,630,2025-04-30,298,443,145,0
7553,630,2025-05-31,443,443,0,0
7554,630,2025-06-30,443,442,0,1
7555,630,2025-07-31,442,557,115,0
7556,630,2025-08-31,557,675,118,0
7557,630,2025-09-30,675,670,0,5
7558,630,2025-10-31,670,670,0,0
7559,630,2025-11-30,670,670,0,0
7560,630,2025-12-31,670,719,50,1
7561,631,2025-01-31,191,191,0,0
7562,631,2025-02-28,191,191,0,0
7563,631,2025-03-31,191,191,0,0
7564,631,2025-04-30,191,188,0,3
7565,631,2025-05-31,188,187,0,1
7566,631,2025-06-30,187,187,0,0
7567,631,2025-07-31,187,184,0,3
7568,631,2025-08-31,184,292,110,2
7569,631,2025-09-30,292,290,0,2
7570,631,2025-10-31,290,290,0,0
7571,631,2025-11-30,290,289,0,1
7572,631,2025-12-31,289,287,0,2
7573,632,2025-01-31,196,299,103,0
7574,632,2025-02-28,299,298,0,1
7575,632,2025-03-31,298,298,0,0
7576,632,2025-04-30,298,378,81,1
7577,632,2025-05-31,378,528,150,0
7578,632,2025-06-30,528,525,0,3
7579,632,2025-07-31,525,525,0,0
7580,632,2025-08-31,525,524,0,1
7581,632,2025-09-30,524,524,0,0
7582,632,2025-10-31,524,523,0,1
7583,632,2025-11-30,523,521,0,2
7584,632,2025-12-31,521,520,0,1
7585,633,2025-01-31,64,171,112,5
7586,633,2025-02-28,171,171,0,0
7587,633,2025-03-31,171,171,0,0
7588,633,2025-04-30,171,171,0,0
7589,633,2025-05-31,171,171,0,0
7590,633,2025-06-30,171,168,0,3
7591,633,2025-07-31,168,228,60,0
7592,633,2025-08-31,228,228,0,0
7593,633,2025-09-30,228,226,0,2
7594,633,2025-10-31,226,225,0,1
7595,633,2025-11-30,225,225,0,0
7596,633,2025-12-31,225,311,86,0
7597,634,2025-01-31,204,203,0,1
7598,634,2025-02-28,203,246,46,3
7599,634,2025-03-31,246,324,80,2
7600,634,2025-04-30,324,324,0,0
7601,634,2025-05-31,324,324,0,0
7602,634,2025-06-30,324,324,0,0
7603,634,2025-07-31,324,395,71,0
7604,634,2025-08-31,395,392,0,3
7605,634,2025-09-30,392,391,0,1
7606,634,2025-10-31,391,390,0,1
7607,634,2025-11-30,390,390,0,0
7608,634,2025-12-31,390,390,0,0
7609,635,2025-01-31,87,87,0,0
7610,635,2025-02-28,87,87,0,0
7611,635,2025-03-31,87,84,0,3
7612,635,2025-04-30,84,83,0,1
7613,635,2025-05-31,83,83,0,0
7614,635,2025-06-30,83,83,0,0
7615,635,2025-07-31,83,83,0,0
7616,635,2025-08-31,83,81,0,2
7617,635,2025-09-30,81,81,0,0
7618,635,2025-10-31,81,80,0,1
7619,635,2025-11-30,80,78,0,2
7620,635,2025-12-31,78,75,0,3
7621,636,2025-01-31,76,74,0,2
7622,636,2025-02-28,74,69,0,5
7623,636,2025-03-31,69,68,0,1
7624,636,2025-04-30,68,65,0,3
7625,636,2025-05-31,65,64,0,1
7626,636,2025-06-30,64,62,0,2
7627,636,2025-07-31,62,60,0,2
7628,636,2025-08-31,60,56,0,4
7629,636,2025-09-30,56,56,0,0
7630,636,2025-10-31,56,56,0,0
7631,636,2025-11-30,56,56,0,0
7632,636,2025-12-31,56,54,0,2
7633,637,2025-01-31,164,162,0,2
7634,637,2025-02-28,162,162,0,0
7635,637,2025-03-31,162,161,0,1
7636,637,2025-04-30,161,160,0,1
7637,637,2025-05-31,160,281,121,0
7638,637,2025-06-30,281,281,0,0
7639,637,2025-07-31,281,281,0,0
7640,637,2025-08-31,281,280,0,1
7641,637,2025-09-30,280,280,0,0
7642,637,2025-10-31,280,397,118,1
7643,637,2025-11-30,397,397,0,0
7644,637,2025-12-31,397,394,0,3
7645,638,2025-01-31,78,78,0,0
7646,638,2025-02-28,78,78,0,0
7647,638,2025-03-31,78,77,0,1
7648,638,2025-04-30,77,168,91,0
7649,638,2025-05-31,168,167,0,1
7650,638,2025-06-30,167,167,0,0
7651,638,2025-07-31,167,164,0,3
7652,638,2025-08-31,164,164,0,0
7653,638,2025-09-30,164,163,0,1
7654,638,2025-10-31,163,163,0,0
7655,638,2025-11-30,163,163,0,0
7656,638,2025-12-31,163,291,128,0
7657,639,2025-01-31,173,172,0,1
7658,639,2025-02-28,172,172,0,0
7659,639,2025-03-31,172,326,154,0
7660,639,2025-04-30,326,319,0,7
7661,639,2025-05-31,319,463,145,1
7662,639,2025-06-30,463,463,0,0
7663,639,2025-07-31,463,463,0,0
7664,639,2025-08-31,463,460,0,3
7665,639,2025-09-30,460,458,0,2
7666,639,2025-10-31,458,575,117,0
7667,639,2025-11-30,575,574,0,1
7668,639,2025-12-31,574,663,89,0
7669,640,2025-01-31,124,124,0,0
7670,640,2025-02-28,124,124,0,0
7671,640,2025-03-31,124,122,0,2
7672,640,2025-04-30,122,122,0,0
7673,640,2025-05-31,122,122,0,0
7674,640,2025-06-30,122,120,0,2
7675,640,2025-07-31,120,120,0,0
7676,640,2025-08-31,120,120,0,0
7677,640,2025-09-30,120,187,69,2
7678,640,2025-10-31,187,183,0,4
7679,640,2025-11-30,183,182,0,1
7680,640,2025-12-31,182,180,0,2
7681,641,2025-01-31,158,156,0,2
7682,641,2025-02-28,156,206,50,0
7683,641,2025-03-31,206,338,133,1
7684,641,2025-04-30,338,337,0,1
7685,641,2025-05-31,337,336,0,1
7686,641,2025-06-30,336,334,0,2
7687,641,2025-07-31,334,334,0,0
7688,641,2025-08-31,334,334,0,0
7689,641,2025-09-30,334,333,0,1
7690,641,2025-10-31,333,446,116,3
7691,641,2025-11-30,446,446,0,0
7692,641,2025-12-31,446,443,0,3
7693,642,2025-01-31,82,81,0,1
7694,642,2025-02-28,81,81,0,0
7695,642,2025-03-31,81,78,0,3
7696,642,2025-04-30,78,77,0,1
7697,642,2025-05-31,77,74,0,3
7698,642,2025-06-30,74,74,0,0
7699,642,2025-07-31,74,71,0,3
7700,642,2025-08-31,71,70,0,1
7701,642,2025-09-30,70,70,0,0
7702,642,2025-10-31,70,153,86,3
7703,642,2025-11-30,153,153,0,0
7704,642,2025-12-31,153,153,0,0
7705,643,2025-01-31,145,201,59,3
7706,643,2025-02-28,201,201,0,0
7707,643,2025-03-31,201,200,0,1
7708,643,2025-04-30,200,200,0,0
7709,643,2025-05-31,200,200,0,0
7710,643,2025-06-30,200,195,0,5
7711,643,2025-07-31,195,195,0,0
7712,643,2025-08-31,195,238,43,0
7713,643,2025-09-30,238,238,0,0
7714,643,2025-10-31,238,315,77,0
7715,643,2025-11-30,315,315,0,0
7716,643,2025-12-31,315,314,0,1
7717,644,2025-01-31,104,101,0,3
7718,644,2025-02-28,101,100,0,1
7719,644,2025-03-31,100,99,0,1
7720,644,2025-04-30,99,99,0,0
7721,644,2025-05-31,99,98,0,1
7722,644,2025-06-30,98,98,0,0
7723,644,2025-07-31,98,97,0,1
7724,644,2025-08-31,97,97,0,0
7725,644,2025-09-30,97,95,0,2
7726,644,2025-10-31,95,92,0,3
7727,644,2025-11-30,92,200,110,2
7728,644,2025-12-31,200,199,0,1
7729,645,2025-01-31,206,202,0,4
7730,645,2025-02-28,202,195,0,7
7731,645,2025-03-31,195,194,0,1
7732,645,2025-04-30,194,268,74,0
7733,645,2025-05-31,268,268,0,0
7734,645,2025-06-30,268,266,0,2
7735,645,2025-07-31,266,266,0,0
7736,645,2025-08-31,266,266,0,0
7737,645,2025-09-30,266,396,130,0
7738,645,2025-10-31,396,392,0,4
7739,645,2025-11-30,392,392,0,0
7740,645,2025-12-31,392,392,0,0
7741,646,2025-01-31,75,75,0,0
7742,646,2025-02-28,75,75,0,0
7743,646,2025-03-31,75,153,79,1
7744,646,2025-04-30,153,147,0,6
7745,646,2025-05-31,147,143,0,4
7746,646,2025-06-30,143,143,0,0
7747,646,2025-07-31,143,142,0,1
7748,646,2025-08-31,142,137,0,5
7749,646,2025-09-30,137,137,0,0
7750,646,2025-10-31,137,189,52,0
7751,646,2025-11-30,189,185,0,4
7752,646,2025-12-31,185,182,0,3
7753,647,2025-01-31,164,319,156,1
7754,647,2025-02-28,319,318,0,1
7755,647,2025-03-31,318,470,156,4
7756,647,2025-04-30,470,470,0,0
7757,647,2025-05-31,470,517,47,0
7758,647,2025-06-30,517,516,0,1
7759,647,2025-07-31,516,620,104,0
7760,647,2025-08-31,620,620,0,0
7761,647,2025-09-30,620,618,0,2
7762,647,2025-10-31,618,616,0,2
7763,647,2025-11-30,616,770,155,1
7764,647,2025-12-31,770,770,0,0
7765,648,2025-01-31,83,83,0,0
7766,648,2025-02-28,83,80,0,3
7767,648,2025-03-31,80,78,0,2
7768,648,2025-04-30,78,78,0,0
7769,648,2025-05-31,78,78,0,0
7770,648,2025-06-30,78,76,0,2
7771,648,2025-07-31,76,137,67,6
7772,648,2025-08-31,137,137,0,0
7773,648,2025-09-30,137,137,0,0
7774,648,2025-10-31,137,182,45,0
7775,648,2025-11-30,182,182,0,0
7776,648,2025-12-31,182,182,0,0
7777,649,2025-01-31,126,126,0,0
7778,649,2025-02-28,126,258,135,3
7779,649,2025-03-31,258,258,0,0
7780,649,2025-04-30,258,312,58,4
7781,649,2025-05-31,312,312,0,0
7782,649,2025-06-30,312,310,0,2
7783,649,2025-07-31,310,385,75,0
7784,649,2025-08-31,385,483,101,3
7785,649,2025-09-30,483,480,0,3
7786,649,2025-10-31,480,480,0,0
7787,649,2025-11-30,480,553,74,1
7788,649,2025-12-31,553,553,0,0
7789,650,2025-01-31,92,91,0,1
7790,650,2025-02-28,91,226,135,0
7791,650,2025-03-31,226,292,66,0
7792,650,2025-04-30,292,292,0,0
7793,650,2025-05-31,292,291,0,1
7794,650,2025-06-30,291,391,104,4
7795,650,2025-07-31,391,390,0,1
7796,650,2025-08-31,390,390,0,0
7797,650,2025-09-30,390,390,0,0
7798,650,2025-10-31,390,388,0,2
7799,650,2025-11-30,388,466,82,4
7800,650,2025-12-31,466,459,0,7
7801,651,2025-01-31,94,94,0,0
7802,651,2025-02-28,94,251,157,0
7803,651,2025-03-31,251,248,0,3
7804,651,2025-04-30,248,247,0,1
7805,651,2025-05-31,247,245,0,2
7806,651,2025-06-30,245,243,0,2
7807,651,2025-07-31,243,243,0,0
7808,651,2025-08-31,243,242,0,1
7809,651,2025-09-30,242,239,0,3
7810,651,2025-10-31,239,237,0,2
7811,651,2025-11-30,237,235,0,2
7812,651,2025-12-31,235,235,0,0
7813,652,2025-01-31,106,106,0,0
7814,652,2025-02-28,106,159,54,1
7815,652,2025-03-31,159,159,0,0
7816,652,2025-04-30,159,158,0,1
7817,652,2025-05-31,158,158,0,0
7818,652,2025-06-30,158,157,0,1
7819,652,2025-07-31,157,216,63,4
7820,652,2025-08-31,216,216,0,0
7821,652,2025-09-30,216,328,115,3
7822,652,2025-10-31,328,384,56,0
7823,652,2025-11-30,384,384,0,0
7824,652,2025-12-31,384,384,0,0
7825,653,2025-01-31,91,154,63,0
7826,653,2025-02-28,154,152,0,2
7827,653,2025-03-31,152,152,0,0
7828,653,2025-04-30,152,152,0,0
7829,653,2025-05-31,152,149,0,3
7830,653,2025-06-30,149,147,0,2
7831,653,2025-07-31,147,250,106,3
7832,653,2025-08-31,250,248,0,2
7833,653,2025-09-30,248,246,0,2
7834,653,2025-10-31,246,246,0,0
7835,653,2025-11-30,246,347,102,1
7836,653,2025-12-31,347,347,0,0
7837,654,2025-01-31,153,152,0,1
7838,654,2025-02-28,152,152,0,0
7839,654,2025-03-31,152,152,0,0
7840,654,2025-04-30,152,152,0,0
7841,654,2025-05-31,152,152,0,0
7842,654,2025-06-30,152,148,0,4
7843,654,2025-07-31,148,146,0,2
7844,654,2025-08-31,146,146,0,0
7845,654,2025-09-30,146,141,0,5
7846,654,2025-10-31,141,267,129,3
7847,654,2025-11-30,267,264,0,3
7848,654,2025-12-31,264,264,0,0
7849,655,2025-01-31,111,110,0,1
7850,655,2025-02-28,110,110,0,0
7851,655,2025-03-31,110,266,158,2
7852,655,2025-04-30,266,266,0,0
7853,655,2025-05-31,266,265,0,1
7854,655,2025-06-30,265,265,0,0
7855,655,2025-07-31,265,265,0,0
7856,655,2025-08-31,265,263,0,2
7857,655,2025-09-30,263,343,80,0
7858,655,2025-10-31,343,343,0,0
7859,655,2025-11-30,343,432,89,0
7860,655,2025-12-31,432,431,0,1
7861,656,2025-01-31,131,131,0,0
7862,656,2025-02-28,131,128,0,3
7863,656,2025-03-31,128,125,0,3
7864,656,2025-04-30,125,122,0,3
7865,656,2025-05-31,122,121,0,1
7866,656,2025-06-30,121,121,0,0
7867,656,2025-07-31,121,121,0,0
7868,656,2025-08-31,121,120,0,1
7869,656,2025-09-30,120,120,0,0
7870,656,2025-10-31,120,222,102,0
7871,656,2025-11-30,222,219,0,3
7872,656,2025-12-31,219,278,59,0
7873,657,2025-01-31,209,206,0,3
7874,657,2025-02-28,206,206,0,0
7875,657,2025-03-31,206,202,0,4
7876,657,2025-04-30,202,200,0,2
7877,657,2025-05-31,200,199,0,1
7878,657,2025-06-30,199,199,0,0
7879,657,2025-07-31,199,196,0,3
7880,657,2025-08-31,196,196,0,0
7881,657,2025-09-30,196,195,0,1
7882,657,2025-10-31,195,195,0,0
7883,657,2025-11-30,195,195,0,0
7884,657,2025-12-31,195,194,0,1
7885,658,2025-01-31,135,135,0,0
7886,658,2025-02-28,135,269,134,0
7887,658,2025-03-31,269,371,102,0
7888,658,2025-04-30,371,528,158,1
7889,658,2025-05-31,528,526,0,2
7890,658,2025-06-30,526,526,0,0
7891,658,2025-07-31,526,525,0,1
7892,658,2025-08-31,525,655,132,2
7893,658,2025-09-30,655,655,0,0
7894,658,2025-10-31,655,655,0,0
7895,658,2025-11-30,655,652,0,3
7896,658,2025-12-31,652,651,0,1
7897,659,2025-01-31,82,82,0,0
7898,659,2025-02-28,82,80,0,2
7899,659,2025-03-31,80,80,0,0
7900,659,2025-04-30,80,208,128,0
7901,659,2025-05-31,208,208,0,0
7902,659,2025-06-30,208,205,0,3
7903,659,2025-07-31,205,202,0,3
7904,659,2025-08-31,202,325,123,0
7905,659,2025-09-30,325,323,0,2
7906,659,2025-10-31,323,322,0,1
7907,659,2025-11-30,322,322,0,0
7908,659,2025-12-31,322,321,0,1
7909,660,2025-01-31,121,241,120,0
7910,660,2025-02-28,241,240,0,1
7911,660,2025-03-31,240,239,0,1
7912,660,2025-04-30,239,236,0,3
7913,660,2025-05-31,236,232,0,4
7914,660,2025-06-30,232,231,0,1
7915,660,2025-07-31,231,230,0,1
7916,660,2025-08-31,230,324,94,0
7917,660,2025-09-30,324,324,0,0
7918,660,2025-10-31,324,324,0,0
7919,660,2025-11-30,324,322,0,2
7920,660,2025-12-31,322,322,0,0
7921,661,2025-01-31,148,146,0,2
7922,661,2025-02-28,146,146,0,0
7923,661,2025-03-31,146,146,0,0
7924,661,2025-04-30,146,146,0,0
7925,661,2025-05-31,146,144,0,2
7926,661,2025-06-30,144,144,0,0
7927,661,2025-07-31,144,141,0,3
7928,661,2025-08-31,141,141,0,0
7929,661,2025-09-30,141,141,0,0
7930,661,2025-10-31,141,250,109,0
7931,661,2025-11-30,250,250,0,0
7932,661,2025-12-31,250,250,0,0
7933,662,2025-01-31,133,128,0,5
7934,662,2025-02-28,128,266,138,0
7935,662,2025-03-31,266,266,0,0
7936,662,2025-04-30,266,343,77,0
7937,662,2025-05-31,343,340,0,3
7938,662,2025-06-30,340,340,0,0
7939,662,2025-07-31,340,337,0,3
7940,662,2025-08-31,337,337,0,0
7941,662,2025-09-30,337,337,0,0
7942,662,2025-10-31,337,336,0,1
7943,662,2025-11-30,336,333,0,3
7944,662,2025-12-31,333,425,92,0
7945,663,2025-01-31,151,150,0,1
7946,663,2025-02-28,150,150,0,0
7947,663,2025-03-31,150,150,0,0
7948,663,2025-04-30,150,150,0,0
7949,663,2025-05-31,150,146,0,4
7950,663,2025-06-30,146,146,0,0
7951,663,2025-07-31,146,226,81,1
7952,663,2025-08-31,226,223,0,3
7953,663,2025-09-30,223,223,0,0
7954,663,2025-10-31,223,221,0,2
7955,663,2025-11-30,221,221,0,0
7956,663,2025-12-31,221,221,0,0
7957,664,2025-01-31,66,66,0,0
7958,664,2025-02-28,66,66,0,0
7959,664,2025-03-31,66,65,0,1
7960,664,2025-04-30,65,61,0,4
7961,664,2025-05-31,61,61,0,0
7962,664,2025-06-30,61,60,0,1
7963,664,2025-07-31,60,60,0,0
7964,664,2025-08-31,60,212,152,0
7965,664,2025-09-30,212,212,0,0
7966,664,2025-10-31,212,362,150,0
7967,664,2025-11-30,362,362,0,0
7968,664,2025-12-31,362,361,0,1
7969,665,2025-01-31,108,107,0,1
7970,665,2025-02-28,107,105,0,2
7971,665,2025-03-31,105,105,0,0
7972,665,2025-04-30,105,105,0,0
7973,665,2025-05-31,105,161,56,0
7974,665,2025-06-30,161,161,0,0
7975,665,2025-07-31,161,161,0,0
7976,665,2025-08-31,161,159,0,2
7977,665,2025-09-30,159,155,0,4
7978,665,2025-10-31,155,195,40,0
7979,665,2025-11-30,195,195,0,0
7980,665,2025-12-31,195,193,0,2
7981,666,2025-01-31,190,190,0,0
7982,666,2025-02-28,190,190,0,0
7983,666,2025-03-31,190,190,0,0
7984,666,2025-04-30,190,190,0,0
7985,666,2025-05-31,190,190,0,0
7986,666,2025-06-30,190,189,0,1
7987,666,2025-07-31,189,189,0,0
7988,666,2025-08-31,189,189,0,0
7989,666,2025-09-30,189,187,0,2
7990,666,2025-10-31,187,185,0,2
7991,666,2025-11-30,185,185,0,0
7992,666,2025-12-31,185,185,0,0
7993,667,2025-01-31,189,189,0,0
7994,667,2025-02-28,189,188,0,1
7995,667,2025-03-31,188,188,0,0
7996,667,2025-04-30,188,186,0,2
7997,667,2025-05-31,186,183,0,3
7998,667,2025-06-30,183,183,0,0
7999,667,2025-07-31,183,183,0,0
8000,667,2025-08-31,183,181,0,2
8001,667,2025-09-30,181,314,134,1
8002,667,2025-10-31,314,314,0,0
8003,667,2025-11-30,314,313,0,1
8004,667,2025-12-31,313,311,0,2
8005,668,2025-01-31,78,76,0,2
8006,668,2025-02-28,76,222,146,0
8007,668,2025-03-31,222,220,0,2
8008,668,2025-04-30,220,220,0,0
8009,668,2025-05-31,220,220,0,0
8010,668,2025-06-30,220,319,99,0
8011,668,2025-07-31,319,319,0,0
8012,668,2025-08-31,319,318,0,1
8013,668,2025-09-30,318,374,57,1
8014,668,2025-10-31,374,373,0,1
8015,668,2025-11-30,373,373,0,0
8016,668,2025-12-31,373,370,0,3
8017,669,2025-01-31,218,276,58,0
8018,669,2025-02-28,276,276,0,0
8019,669,2025-03-31,276,275,0,1
8020,669,2025-04-30,275,354,80,1
8021,669,2025-05-31,354,354,0,0
8022,669,2025-06-30,354,351,0,3
8023,669,2025-07-31,351,351,0,0
8024,669,2025-08-31,351,351,0,0
8025,669,2025-09-30,351,351,0,0
8026,669,2025-10-31,351,351,0,0
8027,669,2025-11-30,351,351,0,0
8028,669,2025-12-31,351,349,0,2
8029,670,2025-01-31,64,64,0,0
8030,670,2025-02-28,64,199,136,1
8031,670,2025-03-31,199,198,0,1
8032,670,2025-04-30,198,198,0,0
8033,670,2025-05-31,198,295,97,0
8034,670,2025-06-30,295,401,106,0
8035,670,2025-07-31,401,401,0,0
8036,670,2025-08-31,401,475,74,0
8037,670,2025-09-30,475,473,0,2
8038,670,2025-10-31,473,614,145,4
8039,670,2025-11-30,614,613,0,1
8040,670,2025-12-31,613,721,111,3
8041,671,2025-01-31,131,127,0,4
8042,671,2025-02-28,127,125,0,2
8043,671,2025-03-31,125,123,0,2
8044,671,2025-04-30,123,123,0,0
8045,671,2025-05-31,123,123,0,0
8046,671,2025-06-30,123,122,0,1
8047,671,2025-07-31,122,118,0,4
8048,671,2025-08-31,118,116,0,2
8049,671,2025-09-30,116,114,0,2
8050,671,2025-10-31,114,114,0,0
8051,671,2025-11-30,114,109,0,5
8052,671,2025-12-31,109,108,0,1
8053,672,2025-01-31,134,132,0,2
8054,672,2025-02-28,132,179,47,0
8055,672,2025-03-31,179,179,0,0
8056,672,2025-04-30,179,179,0,0
8057,672,2025-05-31,179,179,0,0
8058,672,2025-06-30,179,176,0,3
8059,672,2025-07-31,176,176,0,0
8060,672,2025-08-31,176,293,117,0
8061,672,2025-09-30,293,288,0,5
8062,672,2025-10-31,288,288,0,0
8063,672,2025-11-30,288,285,0,3
8064,672,2025-12-31,285,284,0,1
8065,673,2025-01-31,199,327,128,0
8066,673,2025-02-28,327,419,94,2
8067,673,2025-03-31,419,419,0,0
8068,673,2025-04-30,419,418,0,1
8069,673,2025-05-31,418,470,52,0
8070,673,2025-06-30,470,527,57,0
8071,673,2025-07-31,527,527,0,0
8072,673,2025-08-31,527,527,0,0
8073,673,2025-09-30,527,669,142,0
8074,673,2025-10-31,669,667,0,2
8075,673,2025-11-30,667,667,0,0
8076,673,2025-12-31,667,754,87,0
8077,674,2025-01-31,161,158,0,3
8078,674,2025-02-28,158,157,0,1
8079,674,2025-03-31,157,156,0,1
8080,674,2025-04-30,156,156,0,0
8081,674,2025-05-31,156,155,0,1
8082,674,2025-06-30,155,312,158,1
8083,674,2025-07-31,312,442,130,0
8084,674,2025-08-31,442,437,0,5
8085,674,2025-09-30,437,432,0,5
8086,674,2025-10-31,432,432,0,0
8087,674,2025-11-30,432,432,0,0
8088,674,2025-12-31,432,430,0,2
8089,675,2025-01-31,69,69,0,0
8090,675,2025-02-28,69,69,0,0
8091,675,2025-03-31,69,66,0,3
8092,675,2025-04-30,66,66,0,0
8093,675,2025-05-31,66,66,0,0
8094,675,2025-06-30,66,200,134,0
8095,675,2025-07-31,200,196,0,4
8096,675,2025-08-31,196,196,0,0
8097,675,2025-09-30,196,196,0,0
8098,675,2025-10-31,196,296,101,1
8099,675,2025-11-30,296,428,133,1
8100,675,2025-12-31,428,424,0,4
8101,676,2025-01-31,71,189,118,0
8102,676,2025-02-28,189,187,0,2
8103,676,2025-03-31,187,187,0,0
8104,676,2025-04-30,187,186,0,1
8105,676,2025-05-31,186,186,0,0
8106,676,2025-06-30,186,184,0,2
8107,676,2025-07-31,184,184,0,0
8108,676,2025-08-31,184,183,0,1
8109,676,2025-09-30,183,226,45,2
8110,676,2025-10-31,226,226,0,0
8111,676,2025-11-30,226,224,0,2
8112,676,2025-12-31,224,221,0,3
8113,677,2025-01-31,214,214,0,0
8114,677,2025-02-28,214,214,0,0
8115,677,2025-03-31,214,212,0,2
8116,677,2025-04-30,212,212,0,0
8117,677,2025-05-31,212,346,134,0
8118,677,2025-06-30,346,344,0,2
8119,677,2025-07-31,344,344,0,0
8120,677,2025-08-31,344,344,0,0
8121,677,2025-09-30,344,483,139,0
8122,677,2025-10-31,483,482,0,1
8123,677,2025-11-30,482,480,0,2
8124,677,2025-12-31,480,479,0,1
8125,678,2025-01-31,185,308,124,1
8126,678,2025-02-28,308,306,0,2
8127,678,2025-03-31,306,306,0,0
8128,678,2025-04-30,306,357,53,2
8129,678,2025-05-31,357,405,48,0
8130,678,2025-06-30,405,402,0,3
8131,678,2025-07-31,402,402,0,0
8132,678,2025-08-31,402,402,0,0
8133,678,2025-09-30,402,458,56,0
8134,678,2025-10-31,458,457,0,1
8135,678,2025-11-30,457,457,0,0
8136,678,2025-12-31,457,454,0,3
8137,679,2025-01-31,110,237,132,5
8138,679,2025-02-28,237,237,0,0
8139,679,2025-03-31,237,237,0,0
8140,679,2025-04-30,237,237,0,0
8141,679,2025-05-31,237,236,0,1
8142,679,2025-06-30,236,236,0,0
8143,679,2025-07-31,236,235,0,1
8144,679,2025-08-31,235,235,0,0
8145,679,2025-09-30,235,235,0,0
8146,679,2025-10-31,235,235,0,0
8147,679,2025-11-30,235,235,0,0
8148,679,2025-12-31,235,235,0,0
8149,680,2025-01-31,63,62,0,1
8150,680,2025-02-28,62,62,0,0
8151,680,2025-03-31,62,60,0,2
8152,680,2025-04-30,60,60,0,0
8153,680,2025-05-31,60,58,0,2
8154,680,2025-06-30,58,58,0,0
8155,680,2025-07-31,58,57,0,1
8156,680,2025-08-31,57,57,0,0
8157,680,2025-09-30,57,56,0,1
8158,680,2025-10-31,56,56,0,0
8159,680,2025-11-30,56,56,0,0
8160,680,2025-12-31,56,181,125,0
8161,681,2025-01-31,198,198,0,0
8162,681,2025-02-28,198,197,0,1
8163,681,2025-03-31,197,193,0,4
8164,681,2025-04-30,193,286,94,1
8165,681,2025-05-31,286,440,154,0
8166,681,2025-06-30,440,530,90,0
8167,681,2025-07-31,530,528,0,2
8168,681,2025-08-31,528,528,0,0
8169,681,2025-09-30,528,528,0,0
8170,681,2025-10-31,528,643,115,0
8171,681,2025-11-30,643,643,0,0
8172,681,2025-12-31,643,640,0,3
8173,682,2025-01-31,182,321,142,3
8174,682,2025-02-28,321,321,0,0
8175,682,2025-03-31,321,363,42,0
8176,682,2025-04-30,363,363,0,0
8177,682,2025-05-31,363,363,0,0
8178,682,2025-06-30,363,363,0,0
8179,682,2025-07-31,363,363,0,0
8180,682,2025-08-31,363,363,0,0
8181,682,2025-09-30,363,362,0,1
8182,682,2025-10-31,362,492,130,0
8183,682,2025-11-30,492,492,0,0
8184,682,2025-12-31,492,492,0,0
8185,683,2025-01-31,178,178,0,0
8186,683,2025-02-28,178,178,0,0
8187,683,2025-03-31,178,178,0,0
8188,683,2025-04-30,178,287,110,1
8189,683,2025-05-31,287,287,0,0
8190,683,2025-06-30,287,428,141,0
8191,683,2025-07-31,428,428,0,0
8192,683,2025-08-31,428,428,0,0
8193,683,2025-09-30,428,427,0,1
8194,683,2025-10-31,427,425,0,2
8195,683,2025-11-30,425,527,104,2
8196,683,2025-12-31,527,525,0,2
8197,684,2025-01-31,126,126,0,0
8198,684,2025-02-28,126,123,0,3
8199,684,2025-03-31,123,118,0,5
8200,684,2025-04-30,118,118,0,0
8201,684,2025-05-31,118,118,0,0
8202,684,2025-06-30,118,241,123,0
8203,684,2025-07-31,241,241,0,0
8204,684,2025-08-31,241,238,0,3
8205,684,2025-09-30,238,238,0,0
8206,684,2025-10-31,238,238,0,0
8207,684,2025-11-30,238,238,0,0
8208,684,2025-12-31,238,237,0,1
8209,685,2025-01-31,76,75,0,1
8210,685,2025-02-28,75,75,0,0
8211,685,2025-03-31,75,75,0,0
8212,685,2025-04-30,75,75,0,0
8213,685,2025-05-31,75,75,0,0
8214,685,2025-06-30,75,219,146,2
8215,685,2025-07-31,219,217,0,2
8216,685,2025-08-31,217,322,105,0
8217,685,2025-09-30,322,322,0,0
8218,685,2025-10-31,322,436,114,0
8219,685,2025-11-30,436,436,0,0
8220,685,2025-12-31,436,436,0,0
8221,686,2025-01-31,61,60,0,1
8222,686,2025-02-28,60,54,0,6
8223,686,2025-03-31,54,187,135,2
8224,686,2025-04-30,187,181,0,6
8225,686,2025-05-31,181,178,0,3
8226,686,2025-06-30,178,178,0,0
8227,686,2025-07-31,178,176,0,2
8228,686,2025-08-31,176,285,109,0
8229,686,2025-09-30,285,282,0,3
8230,686,2025-10-31,282,282,0,0
8231,686,2025-11-30,282,280,0,2
8232,686,2025-12-31,280,280,0,0
8233,687,2025-01-31,215,344,130,1
8234,687,2025-02-28,344,341,0,3
8235,687,2025-03-31,341,341,0,0
8236,687,2025-04-30,341,496,155,0
8237,687,2025-05-31,496,494,0,2
8238,687,2025-06-30,494,494,0,0
8239,687,2025-07-31,494,557,66,3
8240,687,2025-08-31,557,552,0,5
8241,687,2025-09-30,552,552,0,0
8242,687,2025-10-31,552,552,0,0
8243,687,2025-11-30,552,552,0,0
8244,687,2025-12-31,552,552,0,0
8245,688,2025-01-31,147,146,0,1
8246,688,2025-02-28,146,217,72,1
8247,688,2025-03-31,217,217,0,0
8248,688,2025-04-30,217,273,58,2
8249,688,2025-05-31,273,272,0,1
8250,688,2025-06-30,272,270,0,2
8251,688,2025-07-31,270,269,0,1
8252,688,2025-08-31,269,268,0,1
8253,688,2025-09-30,268,414,147,1
8254,688,2025-10-31,414,411,0,3
8255,688,2025-11-30,411,410,0,1
8256,688,2025-12-31,410,410,0,0
8257,689,2025-01-31,142,142,0,0
8258,689,2025-02-28,142,196,54,0
8259,689,2025-03-31,196,196,0,0
8260,689,2025-04-30,196,192,0,4
8261,689,2025-05-31,192,189,0,3
8262,689,2025-06-30,189,186,0,3
8263,689,2025-07-31,186,186,0,0
8264,689,2025-08-31,186,181,0,5
8265,689,2025-09-30,181,181,0,0
8266,689,2025-10-31,181,180,0,1
8267,689,2025-11-30,180,179,0,1
8268,689,2025-12-31,179,227,48,0
8269,690,2025-01-31,180,179,0,1
8270,690,2025-02-28,179,179,0,0
8271,690,2025-03-31,179,179,0,0
8272,690,2025-04-30,179,177,0,2
8273,690,2025-05-31,177,242,65,0
8274,690,2025-06-30,242,293,51,0
8275,690,2025-07-31,293,344,51,0
8276,690,2025-08-31,344,344,0,0
8277,690,2025-09-30,344,491,147,0
8278,690,2025-10-31,491,491,0,0
8279,690,2025-11-30,491,644,153,0
8280,690,2025-12-31,644,644,0,0
8281,691,2025-01-31,196,190,0,6
8282,691,2025-02-28,190,327,138,1
8283,691,2025-03-31,327,325,0,2
8284,691,2025-04-30,325,325,0,0
8285,691,2025-05-31,325,325,0,0
8286,691,2025-06-30,325,325,0,0
8287,691,2025-07-31,325,323,0,2
8288,691,2025-08-31,323,323,0,0
8289,691,2025-09-30,323,323,0,0
8290,691,2025-10-31,323,435,112,0
8291,691,2025-11-30,435,573,139,1
8292,691,2025-12-31,573,569,0,4
8293,692,2025-01-31,199,196,0,3
8294,692,2025-02-28,196,339,143,0
8295,692,2025-03-31,339,339,0,0
8296,692,2025-04-30,339,335,0,4
8297,692,2025-05-31,335,335,0,0
8298,692,2025-06-30,335,335,0,0
8299,692,2025-07-31,335,424,89,0
8300,692,2025-08-31,424,423,0,1
8301,692,2025-09-30,423,512,90,1
8302,692,2025-10-31,512,667,158,3
8303,692,2025-11-30,667,663,0,4
8304,692,2025-12-31,663,662,0,1
8305,693,2025-01-31,204,203,0,1
8306,693,2025-02-28,203,203,0,0
8307,693,2025-03-31,203,203,0,0
8308,693,2025-04-30,203,202,0,1
8309,693,2025-05-31,202,202,0,0
8310,693,2025-06-30,202,305,103,0
8311,693,2025-07-31,305,301,0,4
8312,693,2025-08-31,301,379,79,1
8313,693,2025-09-30,379,377,0,2
8314,693,2025-10-31,377,497,121,1
8315,693,2025-11-30,497,620,123,0
8316,693,2025-12-31,620,620,0,0
8317,694,2025-01-31,64,60,0,4
8318,694,2025-02-28,60,56,0,4
8319,694,2025-03-31,56,56,0,0
8320,694,2025-04-30,56,54,0,2
8321,694,2025-05-31,54,53,0,1
8322,694,2025-06-30,53,52,0,1
8323,694,2025-07-31,52,50,0,2
8324,694,2025-08-31,50,50,0,0
8325,694,2025-09-30,50,50,0,0
8326,694,2025-10-31,50,50,0,0
8327,694,2025-11-30,50,49,0,1
8328,694,2025-12-31,49,49,0,0
8329,695,2025-01-31,153,152,0,1
8330,695,2025-02-28,152,152,0,0
8331,695,2025-03-31,152,150,0,2
8332,695,2025-04-30,150,150,0,0
8333,695,2025-05-31,150,150,0,0
8334,695,2025-06-30,150,150,0,0
8335,695,2025-07-31,150,144,0,6
8336,695,2025-08-31,144,138,0,6
8337,695,2025-09-30,138,138,0,0
8338,695,2025-10-31,138,138,0,0
8339,695,2025-11-30,138,138,0,0
8340,695,2025-12-31,138,138,0,0
8341,696,2025-01-31,79,79,0,0
8342,696,2025-02-28,79,224,149,4
8343,696,2025-03-31,224,222,0,2
8344,696,2025-04-30,222,222,0,0
8345,696,2025-05-31,222,218,0,4
8346,696,2025-06-30,218,303,85,0
8347,696,2025-07-31,303,301,0,2
8348,696,2025-08-31,301,300,0,1
8349,696,2025-09-30,300,300,0,0
8350,696,2025-10-31,300,299,0,1
8351,696,2025-11-30,299,298,0,1
8352,696,2025-12-31,298,296,0,2
8353,697,2025-01-31,116,112,0,4
8354,697,2025-02-28,112,111,0,1
8355,697,2025-03-31,111,252,141,0
8356,697,2025-04-30,252,249,0,3
8357,697,2025-05-31,249,248,0,1
8358,697,2025-06-30,248,247,0,1
8359,697,2025-07-31,247,295,50,2
8360,697,2025-08-31,295,293,0,2
8361,697,2025-09-30,293,293,0,0
8362,697,2025-10-31,293,291,0,2
8363,697,2025-11-30,291,289,0,2
8364,697,2025-12-31,289,289,0,0
8365,698,2025-01-31,66,66,0,0
8366,698,2025-02-28,66,66,0,0
8367,698,2025-03-31,66,65,0,1
8368,698,2025-04-30,65,65,0,0
8369,698,2025-05-31,65,65,0,0
8370,698,2025-06-30,65,64,0,1
8371,698,2025-07-31,64,62,0,2
8372,698,2025-08-31,62,198,142,6
8373,698,2025-09-30,198,198,0,0
8374,698,2025-10-31,198,196,0,2
8375,698,2025-11-30,196,194,0,2
8376,698,2025-12-31,194,194,0,0
8377,699,2025-01-31,64,131,67,0
8378,699,2025-02-28,131,130,0,1
8379,699,2025-03-31,130,125,0,5
8380,699,2025-04-30,125,125,0,0
8381,699,2025-05-31,125,125,0,0
8382,699,2025-06-30,125,125,0,0
8383,699,2025-07-31,125,234,112,3
8384,699,2025-08-31,234,233,0,1
8385,699,2025-09-30,233,233,0,0
8386,699,2025-10-31,233,232,0,1
8387,699,2025-11-30,232,230,0,2
8388,699,2025-12-31,230,230,0,0
8389,700,2025-01-31,119,115,0,4
8390,700,2025-02-28,115,110,0,5
8391,700,2025-03-31,110,110,0,0
8392,700,2025-04-30,110,110,0,0
8393,700,2025-05-31,110,229,122,3
8394,700,2025-06-30,229,229,0,0
8395,700,2025-07-31,229,227,0,2
8396,700,2025-08-31,227,340,113,0
8397,700,2025-09-30,340,339,0,1
8398,700,2025-10-31,339,337,0,2
8399,700,2025-11-30,337,335,0,2
8400,700,2025-12-31,335,451,116,0
8401,701,2025-01-31,205,205,0,0
8402,701,2025-02-28,205,205,0,0
8403,701,2025-03-31,205,272,67,0
8404,701,2025-04-30,272,272,0,0
8405,701,2025-05-31,272,330,58,0
8406,701,2025-06-30,330,326,0,4
8407,701,2025-07-31,326,326,0,0
8408,701,2025-08-31,326,323,0,3
8409,701,2025-09-30,323,321,0,2
8410,701,2025-10-31,321,321,0,0
8411,701,2025-11-30,321,450,131,2
8412,701,2025-12-31,450,545,99,4
8413,702,2025-01-31,78,78,0,0
8414,702,2025-02-28,78,167,89,0
8415,702,2025-03-31,167,164,0,3
8416,702,2025-04-30,164,164,0,0
8417,702,2025-05-31,164,163,0,1
8418,702,2025-06-30,163,162,0,1
8419,702,2025-07-31,162,162,0,0
8420,702,2025-08-31,162,244,82,0
8421,702,2025-09-30,244,378,134,0
8422,702,2025-10-31,378,372,0,6
8423,702,2025-11-30,372,372,0,0
8424,702,2025-12-31,372,372,0,0
8425,703,2025-01-31,109,266,158,1
8426,703,2025-02-28,266,264,0,2
8427,703,2025-03-31,264,262,0,2
8428,703,2025-04-30,262,315,53,0
8429,703,2025-05-31,315,418,105,2
8430,703,2025-06-30,418,414,0,4
8431,703,2025-07-31,414,413,0,1
8432,703,2025-08-31,413,412,0,1
8433,703,2025-09-30,412,408,0,4
8434,703,2025-10-31,408,406,0,2
8435,703,2025-11-30,406,406,0,0
8436,703,2025-12-31,406,405,0,1
8437,704,2025-01-31,88,88,0,0
8438,704,2025-02-28,88,85,0,3
8439,704,2025-03-31,85,83,0,2
8440,704,2025-04-30,83,78,0,5
8441,704,2025-05-31,78,77,0,1
8442,704,2025-06-30,77,73,0,4
8443,704,2025-07-31,73,73,0,0
8444,704,2025-08-31,73,130,57,0
8445,704,2025-09-30,130,130,0,0
8446,704,2025-10-31,130,130,0,0
8447,704,2025-11-30,130,130,0,0
8448,704,2025-12-31,130,128,0,2
8449,705,2025-01-31,172,171,0,1
8450,705,2025-02-28,171,170,0,1
8451,705,2025-03-31,170,170,0,0
8452,705,2025-04-30,170,170,0,0
8453,705,2025-05-31,170,239,69,0
8454,705,2025-06-30,239,237,0,2
8455,705,2025-07-31,237,237,0,0
8456,705,2025-08-31,237,388,152,1
8457,705,2025-09-30,388,385,0,3
8458,705,2025-10-31,385,384,0,1
8459,705,2025-11-30,384,382,0,2
8460,705,2025-12-31,382,382,0,0
8461,706,2025-01-31,108,244,136,0
8462,706,2025-02-28,244,243,0,1
8463,706,2025-03-31,243,243,0,0
8464,706,2025-04-30,243,243,0,0
8465,706,2025-05-31,243,241,0,2
8466,706,2025-06-30,241,241,0,0
8467,706,2025-07-31,241,241,0,0
8468,706,2025-08-31,241,287,49,3
8469,706,2025-09-30,287,443,156,0
8470,706,2025-10-31,443,442,0,1
8471,706,2025-11-30,442,441,0,1
8472,706,2025-12-31,441,440,0,1
8473,707,2025-01-31,139,138,0,1
8474,707,2025-02-28,138,137,0,1
8475,707,2025-03-31,137,136,0,1
8476,707,2025-04-30,136,136,0,0
8477,707,2025-05-31,136,133,0,3
8478,707,2025-06-30,133,270,137,0
8479,707,2025-07-31,270,268,0,2
8480,707,2025-08-31,268,267,0,1
8481,707,2025-09-30,267,267,0,0
8482,707,2025-10-31,267,344,79,2
8483,707,2025-11-30,344,434,90,0
8484,707,2025-12-31,434,434,0,0
8485,708,2025-01-31,192,189,0,3
8486,708,2025-02-28,189,189,0,0
8487,708,2025-03-31,189,315,128,2
8488,708,2025-04-30,315,383,71,3
8489,708,2025-05-31,383,382,0,1
8490,708,2025-06-30,382,478,96,0
8491,708,2025-07-31,478,478,0,0
8492,708,2025-08-31,478,573,95,0
8493,708,2025-09-30,573,573,0,0
8494,708,2025-10-31,573,658,86,1
8495,708,2025-11-30,658,654,0,4
8496,708,2025-12-31,654,652,0,2
8497,709,2025-01-31,164,323,159,0
8498,709,2025-02-28,323,323,0,0
8499,709,2025-03-31,323,412,90,1
8500,709,2025-04-30,412,412,0,0
8501,709,2025-05-31,412,410,0,2
8502,709,2025-06-30,410,410,0,0
8503,709,2025-07-31,410,469,60,1
8504,709,2025-08-31,469,466,0,3
8505,709,2025-09-30,466,605,139,0
8506,709,2025-10-31,605,604,0,1
8507,709,2025-11-30,604,596,0,8
8508,709,2025-12-31,596,592,0,4
8509,710,2025-01-31,177,311,134,0
8510,710,2025-02-28,311,311,0,0
8511,710,2025-03-31,311,311,0,0
8512,710,2025-04-30,311,309,0,2
8513,710,2025-05-31,309,309,0,0
8514,710,2025-06-30,309,309,0,0
8515,710,2025-07-31,309,309,0,0
8516,710,2025-08-31,309,303,0,6
8517,710,2025-09-30,303,301,0,2
8518,710,2025-10-31,301,300,0,1
8519,710,2025-11-30,300,299,0,1
8520,710,2025-12-31,299,299,0,0
8521,711,2025-01-31,192,191,0,1
8522,711,2025-02-28,191,188,0,3
8523,711,2025-03-31,188,188,0,0
8524,711,2025-04-30,188,188,0,0
8525,711,2025-05-31,188,321,133,0
8526,711,2025-06-30,321,321,0,0
8527,711,2025-07-31,321,320,0,1
8528,711,2025-08-31,320,319,0,1
8529,711,2025-09-30,319,319,0,0
8530,711,2025-10-31,319,319,0,0
8531,711,2025-11-30,319,319,0,0
8532,711,2025-12-31,319,319,0,0
8533,712,2025-01-31,109,108,0,1
8534,712,2025-02-28,108,108,0,0
8535,712,2025-03-31,108,105,0,3
8536,712,2025-04-30,105,105,0,0
8537,712,2025-05-31,105,240,135,0
8538,712,2025-06-30,240,236,0,4
8539,712,2025-07-31,236,234,0,2
8540,712,2025-08-31,234,230,0,4
8541,712,2025-09-30,230,230,0,0
8542,712,2025-10-31,230,230,0,0
8543,712,2025-11-30,230,230,0,0
8544,712,2025-12-31,230,230,0,0
8545,713,2025-01-31,165,163,0,2
8546,713,2025-02-28,163,163,0,0
8547,713,2025-03-31,163,159,0,4
8548,713,2025-04-30,159,159,0,0
8549,713,2025-05-31,159,159,0,0
8550,713,2025-06-30,159,159,0,0
8551,713,2025-07-31,159,156,0,3
8552,713,2025-08-31,156,156,0,0
8553,713,2025-09-30,156,154,0,2
8554,713,2025-10-31,154,154,0,0
8555,713,2025-11-30,154,208,54,0
8556,713,2025-12-31,208,205,0,3
8557,714,2025-01-31,99,99,0,0
8558,714,2025-02-28,99,99,0,0
8559,714,2025-03-31,99,98,0,1
8560,714,2025-04-30,98,97,0,1
8561,714,2025-05-31,97,94,0,3
8562,714,2025-06-30,94,164,71,1
8563,714,2025-07-31,164,164,0,0
8564,714,2025-08-31,164,164,0,0
8565,714,2025-09-30,164,161,0,3
8566,714,2025-10-31,161,160,0,1
8567,714,2025-11-30,160,291,135,4
8568,714,2025-12-31,291,291,0,0
8569,715,2025-01-31,217,216,0,1
8570,715,2025-02-28,216,216,0,0
8571,715,2025-03-31,216,216,0,0
8572,715,2025-04-30,216,216,0,0
8573,715,2025-05-31,216,216,0,0
8574,715,2025-06-30,216,334,118,0
8575,715,2025-07-31,334,334,0,0
8576,715,2025-08-31,334,334,0,0
8577,715,2025-09-30,334,331,0,3
8578,715,2025-10-31,331,331,0,0
8579,715,2025-11-30,331,329,0,2
8580,715,2025-12-31,329,327,0,2
8581,716,2025-01-31,152,148,0,4
8582,716,2025-02-28,148,148,0,0
8583,716,2025-03-31,148,146,0,2
8584,716,2025-04-30,146,146,0,0
8585,716,2025-05-31,146,146,0,0
8586,716,2025-06-30,146,144,0,2
8587,716,2025-07-31,144,144,0,0
8588,716,2025-08-31,144,142,0,2
8589,716,2025-09-30,142,140,0,2
8590,716,2025-10-31,140,138,0,2
8591,716,2025-11-30,138,208,72,2
8592,716,2025-12-31,208,208,0,0
8593,717,2025-01-31,212,211,0,1
8594,717,2025-02-28,211,210,0,1
8595,717,2025-03-31,210,206,0,4
8596,717,2025-04-30,206,206,0,0
8597,717,2025-05-31,206,205,0,1
8598,717,2025-06-30,205,359,155,1
8599,717,2025-07-31,359,357,0,2
8600,717,2025-08-31,357,357,0,0
8601,717,2025-09-30,357,357,0,0
8602,717,2025-10-31,357,357,0,0
8603,717,2025-11-30,357,357,0,0
8604,717,2025-12-31,357,357,0,0
8605,718,2025-01-31,71,160,89,0
8606,718,2025-02-28,160,157,0,3
8607,718,2025-03-31,157,155,0,2
8608,718,2025-04-30,155,302,147,0
8609,718,2025-05-31,302,302,0,0
8610,718,2025-06-30,302,302,0,0
8611,718,2025-07-31,302,299,0,3
8612,718,2025-08-31,299,431,133,1
8613,718,2025-09-30,431,536,105,0
8614,718,2025-10-31,536,536,0,0
8615,718,2025-11-30,536,536,0,0
8616,718,2025-12-31,536,533,0,3
8617,719,2025-01-31,193,192,0,1
8618,719,2025-02-28,192,301,109,0
8619,719,2025-03-31,301,301,0,0
8620,719,2025-04-30,301,301,0,0
8621,719,2025-05-31,301,301,0,0
8622,719,2025-06-30,301,451,150,0
8623,719,2025-07-31,451,450,0,1
8624,719,2025-08-31,450,519,69,0
8625,719,2025-09-30,519,640,121,0
8626,719,2025-10-31,640,640,0,0
8627,719,2025-11-30,640,638,0,2
8628,719,2025-12-31,638,790,152,0
8629,720,2025-01-31,86,86,0,0
8630,720,2025-02-28,86,86,0,0
8631,720,2025-03-31,86,195,110,1
8632,720,2025-04-30,195,191,0,4
8633,720,2025-05-31,191,189,0,2
8634,720,2025-06-30,189,186,0,3
8635,720,2025-07-31,186,186,0,0
8636,720,2025-08-31,186,185,0,1
8637,720,2025-09-30,185,184,0,1
8638,720,2025-10-31,184,234,53,3
8639,720,2025-11-30,234,234,0,0
8640,720,2025-12-31,234,234,0,0
8641,721,2025-01-31,129,129,0,0
8642,721,2025-02-28,129,129,0,0
8643,721,2025-03-31,129,129,0,0
8644,721,2025-04-30,129,129,0,0
8645,721,2025-05-31,129,127,0,2
8646,721,2025-06-30,127,126,0,1
8647,721,2025-07-31,126,122,0,4
8648,721,2025-08-31,122,122,0,0
8649,721,2025-09-30,122,122,0,0
8650,721,2025-10-31,122,280,159,1
8651,721,2025-11-30,280,280,0,0
8652,721,2025-12-31,280,280,0,0
8653,722,2025-01-31,194,193,0,1
8654,722,2025-02-28,193,306,113,0
8655,722,2025-03-31,306,305,0,1
8656,722,2025-04-30,305,302,0,3
8657,722,2025-05-31,302,298,0,4
8658,722,2025-06-30,298,391,93,0
8659,722,2025-07-31,391,391,0,0
8660,722,2025-08-31,391,391,0,0
8661,722,2025-09-30,391,388,0,3
8662,722,2025-10-31,388,388,0,0
8663,722,2025-11-30,388,385,0,3
8664,722,2025-12-31,385,385,0,0
8665,723,2025-01-31,80,80,0,0
8666,723,2025-02-28,80,79,0,1
8667,723,2025-03-31,79,128,52,3
8668,723,2025-04-30,128,128,0,0
8669,723,2025-05-31,128,127,0,1
8670,723,2025-06-30,127,268,143,2
8671,723,2025-07-31,268,268,0,0
8672,723,2025-08-31,268,267,0,1
8673,723,2025-09-30,267,424,158,1
8674,723,2025-10-31,424,424,0,0
8675,723,2025-11-30,424,424,0,0
8676,723,2025-12-31,424,424,0,0
8677,724,2025-01-31,62,60,0,2
8678,724,2025-02-28,60,150,92,2
8679,724,2025-03-31,150,150,0,0
8680,724,2025-04-30,150,148,0,2
8681,724,2025-05-31,148,148,0,0
8682,724,2025-06-30,148,148,0,0
8683,724,2025-07-31,148,146,0,2
8684,724,2025-08-31,146,142,0,4
8685,724,2025-09-30,142,141,0,1
8686,724,2025-10-31,141,140,0,1
8687,724,2025-11-30,140,137,0,3
8688,724,2025-12-31,137,137,0,0
8689,725,2025-01-31,153,152,0,1
8690,725,2025-02-28,152,147,0,5
8691,725,2025-03-31,147,147,0,0
8692,725,2025-04-30,147,242,100,5
8693,725,2025-05-31,242,292,50,0
8694,725,2025-06-30,292,291,0,1
8695,725,2025-07-31,291,397,109,3
8696,725,2025-08-31,397,397,0,0
8697,725,2025-09-30,397,397,0,0
8698,725,2025-10-31,397,397,0,0
8699,725,2025-11-30,397,395,0,2
8700,725,2025-12-31,395,394,0,1
8701,726,2025-01-31,219,217,0,2
8702,726,2025-02-28,217,216,0,1
8703,726,2025-03-31,216,216,0,0
8704,726,2025-04-30,216,213,0,3
8705,726,2025-05-31,213,213,0,0
8706,726,2025-06-30,213,212,0,1
8707,726,2025-07-31,212,212,0,0
8708,726,2025-08-31,212,209,0,3
8709,726,2025-09-30,209,323,114,0
8710,726,2025-10-31,323,319,0,4
8711,726,2025-11-30,319,319,0,0
8712,726,2025-12-31,319,399,81,1
8713,727,2025-01-31,149,149,0,0
8714,727,2025-02-28,149,291,144,2
8715,727,2025-03-31,291,284,0,7
8716,727,2025-04-30,284,284,0,0
8717,727,2025-05-31,284,284,0,0
8718,727,2025-06-30,284,385,101,0
8719,727,2025-07-31,385,382,0,3
8720,727,2025-08-31,382,378,0,4
8721,727,2025-09-30,378,378,0,0
8722,727,2025-10-31,378,376,0,2
8723,727,2025-11-30,376,374,0,2
8724,727,2025-12-31,374,372,0,2
8725,728,2025-01-31,76,76,0,0
8726,728,2025-02-28,76,76,0,0
8727,728,2025-03-31,76,222,147,1
8728,728,2025-04-30,222,221,0,1
8729,728,2025-05-31,221,221,0,0
8730,728,2025-06-30,221,220,0,1
8731,728,2025-07-31,220,220,0,0
8732,728,2025-08-31,220,220,0,0
8733,728,2025-09-30,220,262,44,2
8734,728,2025-10-31,262,262,0,0
8735,728,2025-11-30,262,262,0,0
8736,728,2025-12-31,262,259,0,3
8737,729,2025-01-31,185,184,0,1
8738,729,2025-02-28,184,181,0,3
8739,729,2025-03-31,181,180,0,1
8740,729,2025-04-30,180,288,108,0
8741,729,2025-05-31,288,331,49,6
8742,729,2025-06-30,331,324,0,7
8743,729,2025-07-31,324,468,144,0
8744,729,2025-08-31,468,467,0,1
8745,729,2025-09-30,467,465,0,2
8746,729,2025-10-31,465,462,0,3
8747,729,2025-11-30,462,461,0,1
8748,729,2025-12-31,461,461,0,0
8749,730,2025-01-31,126,126,0,0
8750,730,2025-02-28,126,126,0,0
8751,730,2025-03-31,126,126,0,0
8752,730,2025-04-30,126,274,148,0
8753,730,2025-05-31,274,271,0,3
8754,730,2025-06-30,271,271,0,0
8755,730,2025-07-31,271,271,0,0
8756,730,2025-08-31,271,426,155,0
8757,730,2025-09-30,426,424,0,2
8758,730,2025-10-31,424,424,0,0
8759,730,2025-11-30,424,496,72,0
8760,730,2025-12-31,496,496,0,0
8761,731,2025-01-31,157,155,0,2
8762,731,2025-02-28,155,155,0,0
8763,731,2025-03-31,155,152,0,3
8764,731,2025-04-30,152,196,46,2
8765,731,2025-05-31,196,291,100,5
8766,731,2025-06-30,291,290,0,1
8767,731,2025-07-31,290,287,0,3
8768,731,2025-08-31,287,283,0,4
8769,731,2025-09-30,283,282,0,1
8770,731,2025-10-31,282,278,0,4
8771,731,2025-11-30,278,278,0,0
8772,731,2025-12-31,278,277,0,1
8773,732,2025-01-31,156,156,0,0
8774,732,2025-02-28,156,152,0,4
8775,732,2025-03-31,152,152,0,0
8776,732,2025-04-30,152,145,0,7
8777,732,2025-05-31,145,220,76,1
8778,732,2025-06-30,220,321,101,0
8779,732,2025-07-31,321,367,48,2
8780,732,2025-08-31,367,365,0,2
8781,732,2025-09-30,365,365,0,0
8782,732,2025-10-31,365,365,0,0
8783,732,2025-11-30,365,511,146,0
8784,732,2025-12-31,511,641,132,2
8785,733,2025-01-31,93,90,0,3
8786,733,2025-02-28,90,90,0,0
8787,733,2025-03-31,90,156,66,0
8788,733,2025-04-30,156,219,64,1
8789,733,2025-05-31,219,218,0,1
8790,733,2025-06-30,218,218,0,0
8791,733,2025-07-31,218,218,0,0
8792,733,2025-08-31,218,218,0,0
8793,733,2025-09-30,218,218,0,0
8794,733,2025-10-31,218,218,0,0
8795,733,2025-11-30,218,218,0,0
8796,733,2025-12-31,218,214,0,4
8797,734,2025-01-31,125,193,69,1
8798,734,2025-02-28,193,245,54,2
8799,734,2025-03-31,245,244,0,1
8800,734,2025-04-30,244,332,88,0
8801,734,2025-05-31,332,332,0,0
8802,734,2025-06-30,332,328,0,4
8803,734,2025-07-31,328,328,0,0
8804,734,2025-08-31,328,328,0,0
8805,734,2025-09-30,328,326,0,2
8806,734,2025-10-31,326,325,0,1
8807,734,2025-11-30,325,464,139,0
8808,734,2025-12-31,464,462,0,2
8809,735,2025-01-31,158,156,0,2
8810,735,2025-02-28,156,155,0,1
8811,735,2025-03-31,155,154,0,1
8812,735,2025-04-30,154,154,0,0
8813,735,2025-05-31,154,154,0,0
8814,735,2025-06-30,154,150,0,4
8815,735,2025-07-31,150,146,0,4
8816,735,2025-08-31,146,145,0,1
8817,735,2025-09-30,145,145,0,0
8818,735,2025-10-31,145,145,0,0
8819,735,2025-11-30,145,226,81,0
8820,735,2025-12-31,226,224,0,2
8821,736,2025-01-31,167,164,0,3
8822,736,2025-02-28,164,164,0,0
8823,736,2025-03-31,164,161,0,3
8824,736,2025-04-30,161,161,0,0
8825,736,2025-05-31,161,158,0,3
8826,736,2025-06-30,158,158,0,0
8827,736,2025-07-31,158,157,0,1
8828,736,2025-08-31,157,157,0,0
8829,736,2025-09-30,157,152,0,5
8830,736,2025-10-31,152,150,0,2
8831,736,2025-11-30,150,148,0,2
8832,736,2025-12-31,148,146,0,2
8833,737,2025-01-31,124,163,40,1
8834,737,2025-02-28,163,163,0,0
8835,737,2025-03-31,163,163,0,0
8836,737,2025-04-30,163,160,0,3
8837,737,2025-05-31,160,160,0,0
8838,737,2025-06-30,160,157,0,3
8839,737,2025-07-31,157,156,0,1
8840,737,2025-08-31,156,156,0,0
8841,737,2025-09-30,156,297,142,1
8842,737,2025-10-31,297,297,0,0
8843,737,2025-11-30,297,394,97,0
8844,737,2025-12-31,394,394,0,0
8845,738,2025-01-31,69,68,0,1
8846,738,2025-02-28,68,68,0,0
8847,738,2025-03-31,68,68,0,0
8848,738,2025-04-30,68,67,0,1
8849,738,2025-05-31,67,66,0,1
8850,738,2025-06-30,66,64,0,2
8851,738,2025-07-31,64,60,0,4
8852,738,2025-08-31,60,60,0,0
8853,738,2025-09-30,60,60,0,0
8854,738,2025-10-31,60,59,0,1
8855,738,2025-11-30,59,59,0,0
8856,738,2025-12-31,59,56,0,3
8857,739,2025-01-31,203,203,0,0
8858,739,2025-02-28,203,203,0,0
8859,739,2025-03-31,203,203,0,0
8860,739,2025-04-30,203,203,0,0
8861,739,2025-05-31,203,203,0,0
8862,739,2025-06-30,203,201,0,2
8863,739,2025-07-31,201,198,0,3
8864,739,2025-08-31,198,243,45,0
8865,739,2025-09-30,243,242,0,1
8866,739,2025-10-31,242,242,0,0
8867,739,2025-11-30,242,240,0,2
8868,739,2025-12-31,240,235,0,5
8869,740,2025-01-31,106,106,0,0
8870,740,2025-02-28,106,106,0,0
8871,740,2025-03-31,106,106,0,0
8872,740,2025-04-30,106,106,0,0
8873,740,2025-05-31,106,106,0,0
8874,740,2025-06-30,106,106,0,0
8875,740,2025-07-31,106,106,0,0
8876,740,2025-08-31,106,105,0,1
8877,740,2025-09-30,105,221,116,0
8878,740,2025-10-31,221,221,0,0
8879,740,2025-11-30,221,221,0,0
8880,740,2025-12-31,221,221,0,0
8881,741,2025-01-31,204,204,0,0
8882,741,2025-02-28,204,202,0,2
8883,741,2025-03-31,202,201,0,1
8884,741,2025-04-30,201,241,42,2
8885,741,2025-05-31,241,241,0,0
8886,741,2025-06-30,241,240,0,1
8887,741,2025-07-31,240,240,0,0
8888,741,2025-08-31,240,240,0,0
8889,741,2025-09-30,240,239,0,1
8890,741,2025-10-31,239,239,0,0
8891,741,2025-11-30,239,235,0,4
8892,741,2025-12-31,235,232,0,3
8893,742,2025-01-31,144,144,0,0
8894,742,2025-02-28,144,139,0,5
8895,742,2025-03-31,139,136,0,3
8896,742,2025-04-30,136,134,0,2
8897,742,2025-05-31,134,133,0,1
8898,742,2025-06-30,133,133,0,0
8899,742,2025-07-31,133,130,0,3
8900,742,2025-08-31,130,249,119,0
8901,742,2025-09-30,249,249,0,0
8902,742,2025-10-31,249,247,0,2
8903,742,2025-11-30,247,244,0,3
8904,742,2025-12-31,244,244,0,0
8905,743,2025-01-31,84,84,0,0
8906,743,2025-02-28,84,240,157,1
8907,743,2025-03-31,240,240,0,0
8908,743,2025-04-30,240,238,0,2
8909,743,2025-05-31,238,367,129,0
8910,743,2025-06-30,367,366,0,1
8911,743,2025-07-31,366,366,0,0
8912,743,2025-08-31,366,365,0,1
8913,743,2025-09-30,365,365,0,0
8914,743,2025-10-31,365,365,0,0
8915,743,2025-11-30,365,365,0,0
8916,743,2025-12-31,365,365,0,0
8917,744,2025-01-31,119,119,0,0
8918,744,2025-02-28,119,115,0,4
8919,744,2025-03-31,115,115,0,0
8920,744,2025-04-30,115,110,0,5
8921,744,2025-05-31,110,109,0,1
8922,744,2025-06-30,109,109,0,0
8923,744,2025-07-31,109,163,54,0
8924,744,2025-08-31,163,161,0,2
8925,744,2025-09-30,161,161,0,0
8926,744,2025-10-31,161,161,0,0
8927,744,2025-11-30,161,160,0,1
8928,744,2025-12-31,160,158,0,2
8929,745,2025-01-31,73,73,0,0
8930,745,2025-02-28,73,73,0,0
8931,745,2025-03-31,73,69,0,4
8932,745,2025-04-30,69,68,0,1
8933,745,2025-05-31,68,65,0,3
8934,745,2025-06-30,65,64,0,1
8935,745,2025-07-31,64,64,0,0
8936,745,2025-08-31,64,63,0,1
8937,745,2025-09-30,63,59,0,4
8938,745,2025-10-31,59,59,0,0
8939,745,2025-11-30,59,144,85,0
8940,745,2025-12-31,144,139,0,5
8941,746,2025-01-31,144,291,148,1
8942,746,2025-02-28,291,287,0,4
8943,746,2025-03-31,287,285,0,2
8944,746,2025-04-30,285,285,0,0
8945,746,2025-05-31,285,283,0,2
8946,746,2025-06-30,283,283,0,0
8947,746,2025-07-31,283,282,0,1
8948,746,2025-08-31,282,440,158,0
8949,746,2025-09-30,440,440,0,0
8950,746,2025-10-31,440,439,0,1
8951,746,2025-11-30,439,436,0,3
8952,746,2025-12-31,436,432,0,4
8953,747,2025-01-31,177,177,0,0
8954,747,2025-02-28,177,177,0,0
8955,747,2025-03-31,177,318,141,0
8956,747,2025-04-30,318,386,69,1
8957,747,2025-05-31,386,386,0,0
8958,747,2025-06-30,386,385,0,1
8959,747,2025-07-31,385,381,0,4
8960,747,2025-08-31,381,381,0,0
8961,747,2025-09-30,381,515,135,1
8962,747,2025-10-31,515,515,0,0
8963,747,2025-11-30,515,515,0,0
8964,747,2025-12-31,515,515,0,0
8965,748,2025-01-31,87,87,0,0
8966,748,2025-02-28,87,87,0,0
8967,748,2025-03-31,87,87,0,0
8968,748,2025-04-30,87,85,0,2
8969,748,2025-05-31,85,83,0,2
8970,748,2025-06-30,83,212,129,0
8971,748,2025-07-31,212,268,59,3
8972,748,2025-08-31,268,268,0,0
8973,748,2025-09-30,268,266,0,2
8974,748,2025-10-31,266,266,0,0
8975,748,2025-11-30,266,266,0,0
8976,748,2025-12-31,266,309,49,6
8977,749,2025-01-31,186,185,0,1
8978,749,2025-02-28,185,184,0,1
8979,749,2025-03-31,184,319,135,0
8980,749,2025-04-30,319,319,0,0
8981,749,2025-05-31,319,318,0,1
8982,749,2025-06-30,318,318,0,0
8983,749,2025-07-31,318,418,100,0
8984,749,2025-08-31,418,417,0,1
8985,749,2025-09-30,417,417,0,0
8986,749,2025-10-31,417,417,0,0
8987,749,2025-11-30,417,546,129,0
8988,749,2025-12-31,546,546,0,0
8989,750,2025-01-31,138,138,0,0
8990,750,2025-02-28,138,136,0,2
8991,750,2025-03-31,136,134,0,2
8992,750,2025-04-30,134,132,0,2
8993,750,2025-05-31,132,131,0,1
8994,750,2025-06-30,131,131,0,0
8995,750,2025-07-31,131,131,0,0
8996,750,2025-08-31,131,130,0,1
8997,750,2025-09-30,130,130,0,0
8998,750,2025-10-31,130,128,0,2
8999,750,2025-11-30,128,127,0,1
9000,750,2025-12-31,127,127,0,0
9001,751,2025-01-31,99,174,79,4
9002,751,2025-02-28,174,248,74,0
9003,751,2025-03-31,248,248,0,0
9004,751,2025-04-30,248,247,0,1
9005,751,2025-05-31,247,322,79,4
9006,751,2025-06-30,322,466,144,0
9007,751,2025-07-31,466,466,0,0
9008,751,2025-08-31,466,466,0,0
9009,751,2025-09-30,466,466,0,0
9010,751,2025-10-31,466,465,0,1
9011,751,2025-11-30,465,464,0,1
9012,751,2025-12-31,464,462,0,2
9013,752,2025-01-31,161,161,0,0
9014,752,2025-02-28,161,231,70,0
9015,752,2025-03-31,231,229,0,2
9016,752,2025-04-30,229,229,0,0
9017,752,2025-05-31,229,300,71,0
9018,752,2025-06-30,300,300,0,0
9019,752,2025-07-31,300,298,0,2
9020,752,2025-08-31,298,297,0,1
9021,752,2025-09-30,297,297,0,0
9022,752,2025-10-31,297,297,0,0
9023,752,2025-11-30,297,297,0,0
9024,752,2025-12-31,297,297,0,0
9025,753,2025-01-31,187,187,0,0
9026,753,2025-02-28,187,238,51,0
9027,753,2025-03-31,238,238,0,0
9028,753,2025-04-30,238,236,0,2
9029,753,2025-05-31,236,236,0,0
9030,753,2025-06-30,236,348,113,1
9031,753,2025-07-31,348,346,0,2
9032,753,2025-08-31,346,343,0,3
9033,753,2025-09-30,343,384,41,0
9034,753,2025-10-31,384,483,100,1
9035,753,2025-11-30,483,482,0,1
9036,753,2025-12-31,482,480,0,2
9037,754,2025-01-31,218,218,0,0
9038,754,2025-02-28,218,218,0,0
9039,754,2025-03-31,218,350,133,1
9040,754,2025-04-30,350,433,83,0
9041,754,2025-05-31,433,433,0,0
9042,754,2025-06-30,433,432,0,1
9043,754,2025-07-31,432,432,0,0
9044,754,2025-08-31,432,432,0,0
9045,754,2025-09-30,432,429,0,3
9046,754,2025-10-31,429,429,0,0
9047,754,2025-11-30,429,429,0,0
9048,754,2025-12-31,429,529,103,3
9049,755,2025-01-31,166,166,0,0
9050,755,2025-02-28,166,166,0,0
9051,755,2025-03-31,166,163,0,3
9052,755,2025-04-30,163,303,142,2
9053,755,2025-05-31,303,365,62,0
9054,755,2025-06-30,365,365,0,0
9055,755,2025-07-31,365,365,0,0
9056,755,2025-08-31,365,360,0,5
9057,755,2025-09-30,360,360,0,0
9058,755,2025-10-31,360,360,0,0
9059,755,2025-11-30,360,448,93,5
9060,755,2025-12-31,448,447,0,1
9061,756,2025-01-31,184,181,0,3
9062,756,2025-02-28,181,181,0,0
9063,756,2025-03-31,181,223,43,1
9064,756,2025-04-30,223,222,0,1
9065,756,2025-05-31,222,222,0,0
9066,756,2025-06-30,222,222,0,0
9067,756,2025-07-31,222,222,0,0
9068,756,2025-08-31,222,222,0,0
9069,756,2025-09-30,222,217,0,5
9070,756,2025-10-31,217,304,87,0
9071,756,2025-11-30,304,300,0,4
9072,756,2025-12-31,300,300,0,0
9073,757,2025-01-31,159,159,0,0
9074,757,2025-02-28,159,257,102,4
9075,757,2025-03-31,257,255,0,2
9076,757,2025-04-30,255,255,0,0
9077,757,2025-05-31,255,255,0,0
9078,757,2025-06-30,255,255,0,0
9079,757,2025-07-31,255,251,0,4
9080,757,2025-08-31,251,251,0,0
9081,757,2025-09-30,251,300,49,0
9082,757,2025-10-31,300,298,0,2
9083,757,2025-11-30,298,296,0,2
9084,757,2025-12-31,296,294,0,2
9085,758,2025-01-31,190,187,0,3
9086,758,2025-02-28,187,303,116,0
9087,758,2025-03-31,303,302,0,1
9088,758,2025-04-30,302,385,86,3
9089,758,2025-05-31,385,385,0,0
9090,758,2025-06-30,385,483,98,0
9091,758,2025-07-31,483,482,0,1
9092,758,2025-08-31,482,626,144,0
9093,758,2025-09-30,626,624,0,2
9094,758,2025-10-31,624,777,155,2
9095,758,2025-11-30,777,773,0,4
9096,758,2025-12-31,773,773,0,0
9097,759,2025-01-31,173,172,0,1
9098,759,2025-02-28,172,172,0,0
9099,759,2025-03-31,172,172,0,0
9100,759,2025-04-30,172,172,0,0
9101,759,2025-05-31,172,172,0,0
9102,759,2025-06-30,172,171,0,1
9103,759,2025-07-31,171,171,0,0
9104,759,2025-08-31,171,171,0,0
9105,759,2025-09-30,171,168,0,3
9106,759,2025-10-31,168,166,0,2
9107,759,2025-11-30,166,301,136,1
9108,759,2025-12-31,301,301,0,0
9109,760,2025-01-31,180,251,73,2
9110,760,2025-02-28,251,251,0,0
9111,760,2025-03-31,251,251,0,0
9112,760,2025-04-30,251,251,0,0
9113,760,2025-05-31,251,400,151,2
9114,760,2025-06-30,400,399,0,1
9115,760,2025-07-31,399,499,100,0
9116,760,2025-08-31,499,497,0,2
9117,760,2025-09-30,497,496,0,1
9118,760,2025-10-31,496,496,0,0
9119,760,2025-11-30,496,496,0,0
9120,760,2025-12-31,496,496,0,0
9121,761,2025-01-31,177,176,0,1
9122,761,2025-02-28,176,176,0,0
9123,761,2025-03-31,176,176,0,0
9124,761,2025-04-30,176,175,0,1
9125,761,2025-05-31,175,175,0,0
9126,761,2025-06-30,175,174,0,1
9127,761,2025-07-31,174,174,0,0
9128,761,2025-08-31,174,174,0,0
9129,761,2025-09-30,174,174,0,0
9130,761,2025-10-31,174,174,0,0
9131,761,2025-11-30,174,174,0,0
9132,761,2025-12-31,174,227,54,1
9133,762,2025-01-31,85,83,0,2
9134,762,2025-02-28,83,83,0,0
9135,762,2025-03-31,83,128,46,1
9136,762,2025-04-30,128,273,145,0
9137,762,2025-05-31,273,273,0,0
9138,762,2025-06-30,273,273,0,0
9139,762,2025-07-31,273,271,0,2
9140,762,2025-08-31,271,270,0,1
9141,762,2025-09-30,270,427,157,0
9142,762,2025-10-31,427,427,0,0
9143,762,2025-11-30,427,427,0,0
9144,762,2025-12-31,427,426,0,1
9145,763,2025-01-31,204,201,0,3
9146,763,2025-02-28,201,201,0,0
9147,763,2025-03-31,201,201,0,0
9148,763,2025-04-30,201,200,0,1
9149,763,2025-05-31,200,199,0,1
9150,763,2025-06-30,199,196,0,3
9151,763,2025-07-31,196,195,0,1
9152,763,2025-08-31,195,194,0,1
9153,763,2025-09-30,194,191,0,3
9154,763,2025-10-31,191,191,0,0
9155,763,2025-11-30,191,191,0,0
9156,763,2025-12-31,191,191,0,0
9157,764,2025-01-31,192,192,0,0
9158,764,2025-02-28,192,191,0,1
9159,764,2025-03-31,191,188,0,3
9160,764,2025-04-30,188,188,0,0
9161,764,2025-05-31,188,188,0,0
9162,764,2025-06-30,188,186,0,2
9163,764,2025-07-31,186,185,0,1
9164,764,2025-08-31,185,183,0,2
9165,764,2025-09-30,183,180,0,3
9166,764,2025-10-31,180,180,0,0
9167,764,2025-11-30,180,300,122,2
9168,764,2025-12-31,300,370,70,0
9169,765,2025-01-31,118,118,0,0
9170,765,2025-02-28,118,118,0,0
9171,765,2025-03-31,118,117,0,1
9172,765,2025-04-30,117,115,0,2
9173,765,2025-05-31,115,115,0,0
9174,765,2025-06-30,115,115,0,0
9175,765,2025-07-31,115,115,0,0
9176,765,2025-08-31,115,115,0,0
9177,765,2025-09-30,115,155,40,0
9178,765,2025-10-31,155,153,0,2
9179,765,2025-11-30,153,153,0,0
9180,765,2025-12-31,153,149,0,4
9181,766,2025-01-31,201,201,0,0
9182,766,2025-02-28,201,199,0,2
9183,766,2025-03-31,199,282,88,5
9184,766,2025-04-30,282,279,0,3
9185,766,2025-05-31,279,277,0,2
9186,766,2025-06-30,277,275,0,2
9187,766,2025-07-31,275,275,0,0
9188,766,2025-08-31,275,275,0,0
9189,766,2025-09-30,275,275,0,0
9190,766,2025-10-31,275,273,0,2
9191,766,2025-11-30,273,272,0,1
9192,766,2025-12-31,272,268,0,4
9193,767,2025-01-31,162,161,0,1
9194,767,2025-02-28,161,161,0,0
9195,767,2025-03-31,161,160,0,1
9196,767,2025-04-30,160,160,0,0
9197,767,2025-05-31,160,160,0,0
9198,767,2025-06-30,160,158,0,2
9199,767,2025-07-31,158,158,0,0
9200,767,2025-08-31,158,158,0,0
9201,767,2025-09-30,158,158,0,0
9202,767,2025-10-31,158,157,0,1
9203,767,2025-11-30,157,157,0,0
9204,767,2025-12-31,157,157,0,0
9205,768,2025-01-31,166,166,0,0
9206,768,2025-02-28,166,220,54,0
9207,768,2025-03-31,220,220,0,0
9208,768,2025-04-30,220,353,133,0
9209,768,2025-05-31,353,352,0,1
9210,768,2025-06-30,352,350,0,2
9211,768,2025-07-31,350,349,0,1
9212,768,2025-08-31,349,442,93,0
9213,768,2025-09-30,442,585,145,2
9214,768,2025-10-31,585,585,0,0
9215,768,2025-11-30,585,585,0,0
9216,768,2025-12-31,585,582,0,3
9217,769,2025-01-31,76,74,0,2
9218,769,2025-02-28,74,73,0,1
9219,769,2025-03-31,73,73,0,0
9220,769,2025-04-30,73,70,0,3
9221,769,2025-05-31,70,203,133,0
9222,769,2025-06-30,203,200,0,3
9223,769,2025-07-31,200,197,0,3
9224,769,2025-08-31,197,288,91,0
9225,769,2025-09-30,288,288,0,0
9226,769,2025-10-31,288,376,88,0
9227,769,2025-11-30,376,376,0,0
9228,769,2025-12-31,376,376,0,0
9229,770,2025-01-31,125,122,0,3
9230,770,2025-02-28,122,122,0,0
9231,770,2025-03-31,122,120,0,2
9232,770,2025-04-30,120,118,0,2
9233,770,2025-05-31,118,118,0,0
9234,770,2025-06-30,118,118,0,0
9235,770,2025-07-31,118,116,0,2
9236,770,2025-08-31,116,178,62,0
9237,770,2025-09-30,178,176,0,2
9238,770,2025-10-31,176,172,0,4
9239,770,2025-11-30,172,331,159,0
9240,770,2025-12-31,331,331,0,0
9241,771,2025-01-31,90,90,0,0
9242,771,2025-02-28,90,90,0,0
9243,771,2025-03-31,90,88,0,2
9244,771,2025-04-30,88,209,122,1
9245,771,2025-05-31,209,209,0,0
9246,771,2025-06-30,209,209,0,0
9247,771,2025-07-31,209,209,0,0
9248,771,2025-08-31,209,209,0,0
9249,771,2025-09-30,209,208,0,1
9250,771,2025-10-31,208,208,0,0
9251,771,2025-11-30,208,206,0,2
9252,771,2025-12-31,206,340,134,0
9253,772,2025-01-31,216,211,0,5
9254,772,2025-02-28,211,211,0,0
9255,772,2025-03-31,211,294,83,0
9256,772,2025-04-30,294,292,0,2
9257,772,2025-05-31,292,292,0,0
9258,772,2025-06-30,292,292,0,0
9259,772,2025-07-31,292,291,0,1
9260,772,2025-08-31,291,290,0,1
9261,772,2025-09-30,290,289,0,1
9262,772,2025-10-31,289,285,0,4
9263,772,2025-11-30,285,283,0,2
9264,772,2025-12-31,283,280,0,3
9265,773,2025-01-31,110,107,0,3
9266,773,2025-02-28,107,104,0,3
9267,773,2025-03-31,104,102,0,2
9268,773,2025-04-30,102,248,147,1
9269,773,2025-05-31,248,247,0,1
9270,773,2025-06-30,247,245,0,2
9271,773,2025-07-31,245,242,0,3
9272,773,2025-08-31,242,337,96,1
9273,773,2025-09-30,337,336,0,1
9274,773,2025-10-31,336,335,0,1
9275,773,2025-11-30,335,335,0,0
9276,773,2025-12-31,335,464,129,0
9277,774,2025-01-31,169,169,0,0
9278,774,2025-02-28,169,167,0,2
9279,774,2025-03-31,167,166,0,1
9280,774,2025-04-30,166,166,0,0
9281,774,2025-05-31,166,165,0,1
9282,774,2025-06-30,165,165,0,0
9283,774,2025-07-31,165,164,0,1
9284,774,2025-08-31,164,163,0,1
9285,774,2025-09-30,163,163,0,0
9286,774,2025-10-31,163,163,0,0
9287,774,2025-11-30,163,162,0,1
9288,774,2025-12-31,162,157,0,5
9289,775,2025-01-31,118,117,0,1
9290,775,2025-02-28,117,116,0,1
9291,775,2025-03-31,116,116,0,0
9292,775,2025-04-30,116,115,0,1
9293,775,2025-05-31,115,245,132,2
9294,775,2025-06-30,245,244,0,1
9295,775,2025-07-31,244,243,0,1
9296,775,2025-08-31,243,241,0,2
9297,775,2025-09-30,241,288,47,0
9298,775,2025-10-31,288,287,0,1
9299,775,2025-11-30,287,285,0,2
9300,775,2025-12-31,285,353,71,3
9301,776,2025-01-31,218,217,0,1
9302,776,2025-02-28,217,217,0,0
9303,776,2025-03-31,217,217,0,0
9304,776,2025-04-30,217,217,0,0
9305,776,2025-05-31,217,214,0,3
9306,776,2025-06-30,214,211,0,3
9307,776,2025-07-31,211,210,0,1
9308,776,2025-08-31,210,209,0,1
9309,776,2025-09-30,209,209,0,0
9310,776,2025-10-31,209,208,0,1
9311,776,2025-11-30,208,205,0,3
9312,776,2025-12-31,205,204,0,1
9313,777,2025-01-31,72,70,0,2
9314,777,2025-02-28,70,70,0,0
9315,777,2025-03-31,70,70,0,0
9316,777,2025-04-30,70,70,0,0
9317,777,2025-05-31,70,213,143,0
9318,777,2025-06-30,213,210,0,3
9319,777,2025-07-31,210,347,138,1
9320,777,2025-08-31,347,459,113,1
9321,777,2025-09-30,459,459,0,0
9322,777,2025-10-31,459,458,0,1
9323,777,2025-11-30,458,457,0,1
9324,777,2025-12-31,457,455,0,2
9325,778,2025-01-31,121,121,0,0
9326,778,2025-02-28,121,121,0,0
9327,778,2025-03-31,121,121,0,0
9328,778,2025-04-30,121,121,0,0
9329,778,2025-05-31,121,120,0,1
9330,778,2025-06-30,120,120,0,0
9331,778,2025-07-31,120,118,0,2
9332,778,2025-08-31,118,118,0,0
9333,778,2025-09-30,118,118,0,0
9334,778,2025-10-31,118,118,0,0
9335,778,2025-11-30,118,117,0,1
9336,778,2025-12-31,117,114,0,3
9337,779,2025-01-31,98,98,0,0
9338,779,2025-02-28,98,98,0,0
9339,779,2025-03-31,98,98,0,0
9340,779,2025-04-30,98,95,0,3
9341,779,2025-05-31,95,92,0,3
9342,779,2025-06-30,92,87,0,5
9343,779,2025-07-31,87,85,0,2
9344,779,2025-08-31,85,206,124,3
9345,779,2025-09-30,206,206,0,0
9346,779,2025-10-31,206,363,157,0
9347,779,2025-11-30,363,361,0,2
9348,779,2025-12-31,361,360,0,1
9349,780,2025-01-31,112,112,0,0
9350,780,2025-02-28,112,112,0,0
9351,780,2025-03-31,112,112,0,0
9352,780,2025-04-30,112,112,0,0
9353,780,2025-05-31,112,111,0,1
9354,780,2025-06-30,111,110,0,1
9355,780,2025-07-31,110,110,0,0
9356,780,2025-08-31,110,109,0,1
9357,780,2025-09-30,109,266,158,1
9358,780,2025-10-31,266,266,0,0
9359,780,2025-11-30,266,266,0,0
9360,780,2025-12-31,266,265,0,1
9361,781,2025-01-31,62,59,0,3
9362,781,2025-02-28,59,59,0,0
9363,781,2025-03-31,59,58,0,1
9364,781,2025-04-30,58,57,0,1
9365,781,2025-05-31,57,57,0,0
9366,781,2025-06-30,57,57,0,0
9367,781,2025-07-31,57,57,0,0
9368,781,2025-08-31,57,178,121,0
9369,781,2025-09-30,178,176,0,2
9370,781,2025-10-31,176,176,0,0
9371,781,2025-11-30,176,175,0,1
9372,781,2025-12-31,175,173,0,2
9373,782,2025-01-31,199,199,0,0
9374,782,2025-02-28,199,199,0,0
9375,782,2025-03-31,199,197,0,2
9376,782,2025-04-30,197,197,0,0
9377,782,2025-05-31,197,197,0,0
9378,782,2025-06-30,197,195,0,2
9379,782,2025-07-31,195,194,0,1
9380,782,2025-08-31,194,192,0,2
9381,782,2025-09-30,192,191,0,1
9382,782,2025-10-31,191,309,120,2
9383,782,2025-11-30,309,308,0,1
9384,782,2025-12-31,308,308,0,0
9385,783,2025-01-31,141,141,0,0
9386,783,2025-02-28,141,138,0,3
9387,783,2025-03-31,138,138,0,0
9388,783,2025-04-30,138,134,0,4
9389,783,2025-05-31,134,134,0,0
9390,783,2025-06-30,134,134,0,0
9391,783,2025-07-31,134,221,87,0
9392,783,2025-08-31,221,328,108,1
9393,783,2025-09-30,328,323,0,5
9394,783,2025-10-31,323,322,0,1
9395,783,2025-11-30,322,322,0,0
9396,783,2025-12-31,322,322,0,0
9397,784,2025-01-31,179,228,49,0
9398,784,2025-02-28,228,315,87,0
9399,784,2025-03-31,315,315,0,0
9400,784,2025-04-30,315,315,0,0
9401,784,2025-05-31,315,469,154,0
9402,784,2025-06-30,469,469,0,0
9403,784,2025-07-31,469,570,103,2
9404,784,2025-08-31,570,570,0,0
9405,784,2025-09-30,570,570,0,0
9406,784,2025-10-31,570,569,0,1
9407,784,2025-11-30,569,569,0,0
9408,784,2025-12-31,569,567,0,2
9409,785,2025-01-31,134,131,0,3
9410,785,2025-02-28,131,128,0,3
9411,785,2025-03-31,128,126,0,2
9412,785,2025-04-30,126,126,0,0
9413,785,2025-05-31,126,123,0,3
9414,785,2025-06-30,123,209,86,0
9415,785,2025-07-31,209,208,0,1
9416,785,2025-08-31,208,207,0,1
9417,785,2025-09-30,207,204,0,3
9418,785,2025-10-31,204,313,109,0
9419,785,2025-11-30,313,310,0,3
9420,785,2025-12-31,310,455,145,0
9421,786,2025-01-31,218,218,0,0
9422,786,2025-02-28,218,218,0,0
9423,786,2025-03-31,218,216,0,2
9424,786,2025-04-30,216,331,115,0
9425,786,2025-05-31,331,328,0,3
9426,786,2025-06-30,328,328,0,0
9427,786,2025-07-31,328,328,0,0
9428,786,2025-08-31,328,324,0,4
9429,786,2025-09-30,324,324,0,0
9430,786,2025-10-31,324,322,0,2
9431,786,2025-11-30,322,438,116,0
9432,786,2025-12-31,438,436,0,2
9433,787,2025-01-31,195,195,0,0
9434,787,2025-02-28,195,195,0,0
9435,787,2025-03-31,195,193,0,2
9436,787,2025-04-30,193,193,0,0
9437,787,2025-05-31,193,344,151,0
9438,787,2025-06-30,344,344,0,0
9439,787,2025-07-31,344,344,0,0
9440,787,2025-08-31,344,344,0,0
9441,787,2025-09-30,344,492,148,0
9442,787,2025-10-31,492,613,122,1
9443,787,2025-11-30,613,610,0,3
9444,787,2025-12-31,610,607,0,3
9445,788,2025-01-31,152,151,0,1
9446,788,2025-02-28,151,151,0,0
9447,788,2025-03-31,151,151,0,0
9448,788,2025-04-30,151,201,51,1
9449,788,2025-05-31,201,199,0,2
9450,788,2025-06-30,199,199,0,0
9451,788,2025-07-31,199,197,0,2
9452,788,2025-08-31,197,318,121,0
9453,788,2025-09-30,318,470,154,2
9454,788,2025-10-31,470,465,0,5
9455,788,2025-11-30,465,465,0,0
9456,788,2025-12-31,465,518,55,2
9457,789,2025-01-31,62,172,111,1
9458,789,2025-02-28,172,170,0,2
9459,789,2025-03-31,170,170,0,0
9460,789,2025-04-30,170,169,0,1
9461,789,2025-05-31,169,169,0,0
9462,789,2025-06-30,169,166,0,3
9463,789,2025-07-31,166,220,55,1
9464,789,2025-08-31,220,365,146,1
9465,789,2025-09-30,365,364,0,1
9466,789,2025-10-31,364,364,0,0
9467,789,2025-11-30,364,364,0,0
9468,789,2025-12-31,364,364,0,0
9469,790,2025-01-31,105,263,158,0
9470,790,2025-02-28,263,263,0,0
9471,790,2025-03-31,263,260,0,3
9472,790,2025-04-30,260,359,101,2
9473,790,2025-05-31,359,359,0,0
9474,790,2025-06-30,359,359,0,0
9475,790,2025-07-31,359,359,0,0
9476,790,2025-08-31,359,357,0,2
9477,790,2025-09-30,357,458,105,4
9478,790,2025-10-31,458,458,0,0
9479,790,2025-11-30,458,514,56,0
9480,790,2025-12-31,514,514,0,0
9481,791,2025-01-31,87,86,0,1
9482,791,2025-02-28,86,194,108,0
9483,791,2025-03-31,194,269,78,3
9484,791,2025-04-30,269,269,0,0
9485,791,2025-05-31,269,269,0,0
9486,791,2025-06-30,269,265,0,4
9487,791,2025-07-31,265,265,0,0
9488,791,2025-08-31,265,263,0,2
9489,791,2025-09-30,263,261,0,2
9490,791,2025-10-31,261,258,0,3
9491,791,2025-11-30,258,337,81,2
9492,791,2025-12-31,337,445,109,1
9493,792,2025-01-31,192,192,0,0
9494,792,2025-02-28,192,192,0,0
9495,792,2025-03-31,192,192,0,0
9496,792,2025-04-30,192,192,0,0
9497,792,2025-05-31,192,191,0,1
9498,792,2025-06-30,191,264,73,0
9499,792,2025-07-31,264,264,0,0
9500,792,2025-08-31,264,264,0,0
9501,792,2025-09-30,264,264,0,0
9502,792,2025-10-31,264,263,0,1
9503,792,2025-11-30,263,262,0,1
9504,792,2025-12-31,262,260,0,2
9505,793,2025-01-31,188,188,0,0
9506,793,2025-02-28,188,187,0,1
9507,793,2025-03-31,187,187,0,0
9508,793,2025-04-30,187,187,0,0
9509,793,2025-05-31,187,187,0,0
9510,793,2025-06-30,187,187,0,0
9511,793,2025-07-31,187,185,0,2
9512,793,2025-08-31,185,185,0,0
9513,793,2025-09-30,185,263,79,1
9514,793,2025-10-31,263,263,0,0
9515,793,2025-11-30,263,263,0,0
9516,793,2025-12-31,263,303,40,0
9517,794,2025-01-31,154,154,0,0
9518,794,2025-02-28,154,197,46,3
9519,794,2025-03-31,197,196,0,1
9520,794,2025-04-30,196,195,0,1
9521,794,2025-05-31,195,192,0,3
9522,794,2025-06-30,192,192,0,0
9523,794,2025-07-31,192,348,156,0
9524,794,2025-08-31,348,344,0,4
9525,794,2025-09-30,344,344,0,0
9526,794,2025-10-31,344,342,0,2
9527,794,2025-11-30,342,342,0,0
9528,794,2025-12-31,342,338,0,4
9529,795,2025-01-31,83,83,0,0
9530,795,2025-02-28,83,83,0,0
9531,795,2025-03-31,83,82,0,1
9532,795,2025-04-30,82,82,0,0
9533,795,2025-05-31,82,79,0,3
9534,795,2025-06-30,79,139,60,0
9535,795,2025-07-31,139,139,0,0
9536,795,2025-08-31,139,139,0,0
9537,795,2025-09-30,139,139,0,0
9538,795,2025-10-31,139,287,149,1
9539,795,2025-11-30,287,287,0,0
9540,795,2025-12-31,287,287,0,0
9541,796,2025-01-31,119,119,0,0
9542,796,2025-02-28,119,119,0,0
9543,796,2025-03-31,119,119,0,0
9544,796,2025-04-30,119,118,0,1
9545,796,2025-05-31,118,117,0,1
9546,796,2025-06-30,117,117,0,0
9547,796,2025-07-31,117,117,0,0
9548,796,2025-08-31,117,116,0,1
9549,796,2025-09-30,116,116,0,0
9550,796,2025-10-31,116,114,0,2
9551,796,2025-11-30,114,270,156,0
9552,796,2025-12-31,270,270,0,0
9553,797,2025-01-31,181,181,0,0
9554,797,2025-02-28,181,222,42,1
9555,797,2025-03-31,222,222,0,0
9556,797,2025-04-30,222,222,0,0
9557,797,2025-05-31,222,222,0,0
9558,797,2025-06-30,222,222,0,0
9559,797,2025-07-31,222,289,68,1
9560,797,2025-08-31,289,414,125,0
9561,797,2025-09-30,414,414,0,0
9562,797,2025-10-31,414,414,0,0
9563,797,2025-11-30,414,414,0,0
9564,797,2025-12-31,414,483,69,0
9565,798,2025-01-31,194,194,0,0
9566,798,2025-02-28,194,194,0,0
9567,798,2025-03-31,194,193,0,1
9568,798,2025-04-30,193,193,0,0
9569,798,2025-05-31,193,190,0,3
9570,798,2025-06-30,190,190,0,0
9571,798,2025-07-31,190,190,0,0
9572,798,2025-08-31,190,190,0,0
9573,798,2025-09-30,190,190,0,0
9574,798,2025-10-31,190,190,0,0
9575,798,2025-11-30,190,247,57,0
9576,798,2025-12-31,247,246,0,1
9577,799,2025-01-31,154,149,0,5
9578,799,2025-02-28,149,148,0,1
9579,799,2025-03-31,148,148,0,0
9580,799,2025-04-30,148,147,0,1
9581,799,2025-05-31,147,147,0,0
9582,799,2025-06-30,147,145,0,2
9583,799,2025-07-31,145,199,54,0
9584,799,2025-08-31,199,198,0,1
9585,799,2025-09-30,198,317,120,1
9586,799,2025-10-31,317,317,0,0
9587,799,2025-11-30,317,314,0,3
9588,799,2025-12-31,314,314,0,0
9589,800,2025-01-31,216,214,0,2
9590,800,2025-02-28,214,214,0,0
9591,800,2025-03-31,214,210,0,4
9592,800,2025-04-30,210,303,93,0
9593,800,2025-05-31,303,298,0,5
9594,800,2025-06-30,298,296,0,2
9595,800,2025-07-31,296,296,0,0
9596,800,2025-08-31,296,294,0,2
9597,800,2025-09-30,294,294,0,0
9598,800,2025-10-31,294,294,0,0
9599,800,2025-11-30,294,293,0,1
9600,800,2025-12-31,293,292,0,1
9601,801,2025-01-31,137,137,0,0
9602,801,2025-02-28,137,137,0,0
9603,801,2025-03-31,137,134,0,3
9604,801,2025-04-30,134,133,0,1
9605,801,2025-05-31,133,133,0,0
9606,801,2025-06-30,133,133,0,0
9607,801,2025-07-31,133,133,0,0
9608,801,2025-08-31,133,133,0,0
9609,801,2025-09-30,133,133,0,0
9610,801,2025-10-31,133,261,128,0
9611,801,2025-11-30,261,257,0,4
9612,801,2025-12-31,257,253,0,4
9613,802,2025-01-31,200,200,0,0
9614,802,2025-02-28,200,197,0,3
9615,802,2025-03-31,197,197,0,0
9616,802,2025-04-30,197,258,62,1
9617,802,2025-05-31,258,307,52,3
9618,802,2025-06-30,307,307,0,0
9619,802,2025-07-31,307,307,0,0
9620,802,2025-08-31,307,307,0,0
9621,802,2025-09-30,307,307,0,0
9622,802,2025-10-31,307,306,0,1
9623,802,2025-11-30,306,306,0,0
9624,802,2025-12-31,306,303,0,3
9625,803,2025-01-31,69,69,0,0
9626,803,2025-02-28,69,173,105,1
9627,803,2025-03-31,173,173,0,0
9628,803,2025-04-30,173,173,0,0
9629,803,2025-05-31,173,173,0,0
9630,803,2025-06-30,173,295,122,0
9631,803,2025-07-31,295,293,0,2
9632,803,2025-08-31,293,293,0,0
9633,803,2025-09-30,293,290,0,3
9634,803,2025-10-31,290,286,0,4
9635,803,2025-11-30,286,391,105,0
9636,803,2025-12-31,391,391,0,0
9637,804,2025-01-31,104,104,0,0
9638,804,2025-02-28,104,102,0,2
9639,804,2025-03-31,102,100,0,2
9640,804,2025-04-30,100,100,0,0
9641,804,2025-05-31,100,161,61,0
9642,804,2025-06-30,161,158,0,3
9643,804,2025-07-31,158,158,0,0
9644,804,2025-08-31,158,157,0,1
9645,804,2025-09-30,157,157,0,0
9646,804,2025-10-31,157,283,126,0
9647,804,2025-11-30,283,283,0,0
9648,804,2025-12-31,283,281,0,2
9649,805,2025-01-31,111,111,0,0
9650,805,2025-02-28,111,210,99,0
9651,805,2025-03-31,210,210,0,0
9652,805,2025-04-30,210,286,76,0
9653,805,2025-05-31,286,286,0,0
9654,805,2025-06-30,286,361,76,1
9655,805,2025-07-31,361,361,0,0
9656,805,2025-08-31,361,360,0,1
9657,805,2025-09-30,360,358,0,2
9658,805,2025-10-31,358,358,0,0
9659,805,2025-11-30,358,358,0,0
9660,805,2025-12-31,358,355,0,3
9661,806,2025-01-31,194,194,0,0
9662,806,2025-02-28,194,194,0,0
9663,806,2025-03-31,194,194,0,0
9664,806,2025-04-30,194,194,0,0
9665,806,2025-05-31,194,192,0,2
9666,806,2025-06-30,192,189,0,3
9667,806,2025-07-31,189,233,46,2
9668,806,2025-08-31,233,230,0,3
9669,806,2025-09-30,230,230,0,0
9670,806,2025-10-31,230,230,0,0
9671,806,2025-11-30,230,230,0,0
9672,806,2025-12-31,230,230,0,0
9673,807,2025-01-31,137,137,0,0
9674,807,2025-02-28,137,136,0,1
9675,807,2025-03-31,136,249,114,1
9676,807,2025-04-30,249,248,0,1
9677,807,2025-05-31,248,248,0,0
9678,807,2025-06-30,248,248,0,0
9679,807,2025-07-31,248,291,43,0
9680,807,2025-08-31,291,291,0,0
9681,807,2025-09-30,291,291,0,0
9682,807,2025-10-31,291,377,86,0
9683,807,2025-11-30,377,474,100,3
9684,807,2025-12-31,474,548,75,1
9685,808,2025-01-31,141,141,0,0
9686,808,2025-02-28,141,141,0,0
9687,808,2025-03-31,141,141,0,0
9688,808,2025-04-30,141,141,0,0
9689,808,2025-05-31,141,199,58,0
9690,808,2025-06-30,199,199,0,0
9691,808,2025-07-31,199,352,155,2
9692,808,2025-08-31,352,352,0,0
9693,808,2025-09-30,352,422,71,1
9694,808,2025-10-31,422,421,0,1
9695,808,2025-11-30,421,487,68,2
9696,808,2025-12-31,487,484,0,3
9697,809,2025-01-31,110,110,0,0
9698,809,2025-02-28,110,110,0,0
9699,809,2025-03-31,110,110,0,0
9700,809,2025-04-30,110,110,0,0
9701,809,2025-05-31,110,109,0,1
9702,809,2025-06-30,109,107,0,2
9703,809,2025-07-31,107,246,141,2
9704,809,2025-08-31,246,246,0,0
9705,809,2025-09-30,246,377,134,3
9706,809,2025-10-31,377,377,0,0
9707,809,2025-11-30,377,376,0,1
9708,809,2025-12-31,376,374,0,2
9709,810,2025-01-31,88,85,0,3
9710,810,2025-02-28,85,83,0,2
9711,810,2025-03-31,83,83,0,0
9712,810,2025-04-30,83,83,0,0
9713,810,2025-05-31,83,83,0,0
9714,810,2025-06-30,83,83,0,0
9715,810,2025-07-31,83,83,0,0
9716,810,2025-08-31,83,143,60,0
9717,810,2025-09-30,143,143,0,0
9718,810,2025-10-31,143,140,0,3
9719,810,2025-11-30,140,139,0,1
9720,810,2025-12-31,139,255,116,0
9721,811,2025-01-31,120,119,0,1
9722,811,2025-02-28,119,118,0,1
9723,811,2025-03-31,118,118,0,0
9724,811,2025-04-30,118,118,0,0
9725,811,2025-05-31,118,118,0,0
9726,811,2025-06-30,118,248,130,0
9727,811,2025-07-31,248,246,0,2
9728,811,2025-08-31,246,246,0,0
9729,811,2025-09-30,246,245,0,1
9730,811,2025-10-31,245,245,0,0
9731,811,2025-11-30,245,240,0,5
9732,811,2025-12-31,240,238,0,2
9733,812,2025-01-31,174,174,0,0
9734,812,2025-02-28,174,171,0,3
9735,812,2025-03-31,171,237,66,0
9736,812,2025-04-30,237,237,0,0
9737,812,2025-05-31,237,237,0,0
9738,812,2025-06-30,237,237,0,0
9739,812,2025-07-31,237,237,0,0
9740,812,2025-08-31,237,237,0,0
9741,812,2025-09-30,237,384,147,0
9742,812,2025-10-31,384,384,0,0
9743,812,2025-11-30,384,384,0,0
9744,812,2025-12-31,384,384,0,0
9745,813,2025-01-31,105,103,0,2
9746,813,2025-02-28,103,220,117,0
9747,813,2025-03-31,220,217,0,3
9748,813,2025-04-30,217,217,0,0
9749,813,2025-05-31,217,217,0,0
9750,813,2025-06-30,217,217,0,0
9751,813,2025-07-31,217,217,0,0
9752,813,2025-08-31,217,340,125,2
9753,813,2025-09-30,340,340,0,0
9754,813,2025-10-31,340,340,0,0
9755,813,2025-11-30,340,340,0,0
9756,813,2025-12-31,340,340,0,0
9757,814,2025-01-31,64,63,0,1
9758,814,2025-02-28,63,58,0,5
9759,814,2025-03-31,58,58,0,0
9760,814,2025-04-30,58,151,94,1
9761,814,2025-05-31,151,151,0,0
9762,814,2025-06-30,151,151,0,0
9763,814,2025-07-31,151,264,113,0
9764,814,2025-08-31,264,340,77,1
9765,814,2025-09-30,340,340,0,0
9766,814,2025-10-31,340,339,0,1
9767,814,2025-11-30,339,338,0,1
9768,814,2025-12-31,338,337,0,1
9769,815,2025-01-31,65,65,0,0
9770,815,2025-02-28,65,65,0,0
9771,815,2025-03-31,65,65,0,0
9772,815,2025-04-30,65,65,0,0
9773,815,2025-05-31,65,65,0,0
9774,815,2025-06-30,65,65,0,0
9775,815,2025-07-31,65,63,0,2
9776,815,2025-08-31,63,199,136,0
9777,815,2025-09-30,199,318,121,2
9778,815,2025-10-31,318,464,146,0
9779,815,2025-11-30,464,464,0,0
9780,815,2025-12-31,464,463,0,1
9781,816,2025-01-31,218,218,0,0
9782,816,2025-02-28,218,218,0,0
9783,816,2025-03-31,218,218,0,0
9784,816,2025-04-30,218,325,108,1
9785,816,2025-05-31,325,324,0,1
9786,816,2025-06-30,324,409,85,0
9787,816,2025-07-31,409,503,94,0
9788,816,2025-08-31,503,503,0,0
9789,816,2025-09-30,503,503,0,0
9790,816,2025-10-31,503,503,0,0
9791,816,2025-11-30,503,588,85,0
9792,816,2025-12-31,588,588,0,0
9793,817,2025-01-31,130,129,0,1
9794,817,2025-02-28,129,128,0,1
9795,817,2025-03-31,128,128,0,0
9796,817,2025-04-30,128,128,0,0
9797,817,2025-05-31,128,128,0,0
9798,817,2025-06-30,128,126,0,2
9799,817,2025-07-31,126,126,0,0
9800,817,2025-08-31,126,126,0,0
9801,817,2025-09-30,126,125,0,1
9802,817,2025-10-31,125,123,0,2
9803,817,2025-11-30,123,123,0,0
9804,817,2025-12-31,123,121,0,2
9805,818,2025-01-31,150,150,0,0
9806,818,2025-02-28,150,150,0,0
9807,818,2025-03-31,150,149,0,1
9808,818,2025-04-30,149,214,65,0
9809,818,2025-05-31,214,214,0,0
9810,818,2025-06-30,214,211,0,3
9811,818,2025-07-31,211,211,0,0
9812,818,2025-08-31,211,211,0,0
9813,818,2025-09-30,211,270,59,0
9814,818,2025-10-31,270,267,0,3
9815,818,2025-11-30,267,267,0,0
9816,818,2025-12-31,267,267,0,0
9817,819,2025-01-31,214,213,0,1
9818,819,2025-02-28,213,211,0,2
9819,819,2025-03-31,211,207,0,4
9820,819,2025-04-30,207,206,0,1
9821,819,2025-05-31,206,205,0,1
9822,819,2025-06-30,205,204,0,1
9823,819,2025-07-31,204,204,0,0
9824,819,2025-08-31,204,204,0,0
9825,819,2025-09-30,204,204,0,0
9826,819,2025-10-31,204,204,0,0
9827,819,2025-11-30,204,202,0,2
9828,819,2025-12-31,202,298,96,0
9829,820,2025-01-31,87,87,0,0
9830,820,2025-02-28,87,87,0,0
9831,820,2025-03-31,87,87,0,0
9832,820,2025-04-30,87,85,0,2
9833,820,2025-05-31,85,138,53,0
9834,820,2025-06-30,138,134,0,4
9835,820,2025-07-31,134,133,0,1
9836,820,2025-08-31,133,133,0,0
9837,820,2025-09-30,133,132,0,1
9838,820,2025-10-31,132,132,0,0
9839,820,2025-11-30,132,132,0,0
9840,820,2025-12-31,132,132,0,0
9841,821,2025-01-31,71,69,0,2
9842,821,2025-02-28,69,69,0,0
9843,821,2025-03-31,69,69,0,0
9844,821,2025-04-30,69,69,0,0
9845,821,2025-05-31,69,68,0,1
9846,821,2025-06-30,68,65,0,3
9847,821,2025-07-31,65,64,0,1
9848,821,2025-08-31,64,62,0,2
9849,821,2025-09-30,62,59,0,3
9850,821,2025-10-31,59,59,0,0
9851,821,2025-11-30,59,216,157,0
9852,821,2025-12-31,216,215,0,1
9853,822,2025-01-31,183,230,48,1
9854,822,2025-02-28,230,230,0,0
9855,822,2025-03-31,230,229,0,1
9856,822,2025-04-30,229,344,115,0
9857,822,2025-05-31,344,340,0,4
9858,822,2025-06-30,340,340,0,0
9859,822,2025-07-31,340,339,0,1
9860,822,2025-08-31,339,339,0,0
9861,822,2025-09-30,339,337,0,2
9862,822,2025-10-31,337,459,123,1
9863,822,2025-11-30,459,588,130,1
9864,822,2025-12-31,588,585,0,3
9865,823,2025-01-31,186,183,0,3
9866,823,2025-02-28,183,181,0,2
9867,823,2025-03-31,181,178,0,3
9868,823,2025-04-30,178,234,56,0
9869,823,2025-05-31,234,229,0,5
9870,823,2025-06-30,229,229,0,0
9871,823,2025-07-31,229,229,0,0
9872,823,2025-08-31,229,348,119,0
9873,823,2025-09-30,348,347,0,1
9874,823,2025-10-31,347,343,0,4
9875,823,2025-11-30,343,343,0,0
9876,823,2025-12-31,343,457,117,3
9877,824,2025-01-31,107,107,0,0
9878,824,2025-02-28,107,106,0,1
9879,824,2025-03-31,106,103,0,3
9880,824,2025-04-30,103,102,0,1
9881,824,2025-05-31,102,154,52,0
9882,824,2025-06-30,154,154,0,0
9883,824,2025-07-31,154,270,117,1
9884,824,2025-08-31,270,400,134,4
9885,824,2025-09-30,400,399,0,1
9886,824,2025-10-31,399,399,0,0
9887,824,2025-11-30,399,396,0,3
9888,824,2025-12-31,396,458,62,0
9889,825,2025-01-31,185,185,0,0
9890,825,2025-02-28,185,185,0,0
9891,825,2025-03-31,185,184,0,1
9892,825,2025-04-30,184,339,155,0
9893,825,2025-05-31,339,338,0,1
9894,825,2025-06-30,338,454,116,0
9895,825,2025-07-31,454,565,111,0
9896,825,2025-08-31,565,565,0,0
9897,825,2025-09-30,565,563,0,2
9898,825,2025-10-31,563,562,0,1
9899,825,2025-11-30,562,683,121,0
9900,825,2025-12-31,683,683,0,0
9901,826,2025-01-31,200,200,0,0
9902,826,2025-02-28,200,199,0,1
9903,826,2025-03-31,199,199,0,0
9904,826,2025-04-30,199,199,0,0
9905,826,2025-05-31,199,199,0,0
9906,826,2025-06-30,199,199,0,0
9907,826,2025-07-31,199,196,0,3
9908,826,2025-08-31,196,196,0,0
9909,826,2025-09-30,196,196,0,0
9910,826,2025-10-31,196,196,0,0
9911,826,2025-11-30,196,193,0,3
9912,826,2025-12-31,193,322,129,0
9913,827,2025-01-31,196,196,0,0
9914,827,2025-02-28,196,334,138,0
9915,827,2025-03-31,334,330,0,4
9916,827,2025-04-30,330,329,0,1
9917,827,2025-05-31,329,373,47,3
9918,827,2025-06-30,373,485,113,1
9919,827,2025-07-31,485,485,0,0
9920,827,2025-08-31,485,481,0,4
9921,827,2025-09-30,481,481,0,0
9922,827,2025-10-31,481,480,0,1
9923,827,2025-11-30,480,479,0,1
9924,827,2025-12-31,479,621,142,0
9925,828,2025-01-31,159,156,0,3
9926,828,2025-02-28,156,156,0,0
9927,828,2025-03-31,156,255,99,0
9928,828,2025-04-30,255,255,0,0
9929,828,2025-05-31,255,255,0,0
9930,828,2025-06-30,255,255,0,0
9931,828,2025-07-31,255,255,0,0
9932,828,2025-08-31,255,255,0,0
9933,828,2025-09-30,255,413,158,0
9934,828,2025-10-31,413,513,100,0
9935,828,2025-11-30,513,513,0,0
9936,828,2025-12-31,513,513,0,0
9937,829,2025-01-31,71,67,0,4
9938,829,2025-02-28,67,67,0,0
9939,829,2025-03-31,67,196,132,3
9940,829,2025-04-30,196,196,0,0
9941,829,2025-05-31,196,196,0,0
9942,829,2025-06-30,196,195,0,1
9943,829,2025-07-31,195,195,0,0
9944,829,2025-08-31,195,195,0,0
9945,829,2025-09-30,195,190,0,5
9946,829,2025-10-31,190,338,149,1
9947,829,2025-11-30,338,338,0,0
9948,829,2025-12-31,338,338,0,0
9949,830,2025-01-31,136,136,0,0
9950,830,2025-02-28,136,194,58,0
9951,830,2025-03-31,194,194,0,0
9952,830,2025-04-30,194,194,0,0
9953,830,2025-05-31,194,194,0,0
9954,830,2025-06-30,194,277,86,3
9955,830,2025-07-31,277,277,0,0
9956,830,2025-08-31,277,275,0,2
9957,830,2025-09-30,275,397,124,2
9958,830,2025-10-31,397,394,0,3
9959,830,2025-11-30,394,392,0,2
9960,830,2025-12-31,392,540,148,0
9961,831,2025-01-31,137,133,0,4
9962,831,2025-02-28,133,133,0,0
9963,831,2025-03-31,133,133,0,0
9964,831,2025-04-30,133,239,106,0
9965,831,2025-05-31,239,336,97,0
9966,831,2025-06-30,336,335,0,1
9967,831,2025-07-31,335,334,0,1
9968,831,2025-08-31,334,331,0,3
9969,831,2025-09-30,331,331,0,0
9970,831,2025-10-31,331,331,0,0
9971,831,2025-11-30,331,331,0,0
9972,831,2025-12-31,331,326,0,5
9973,832,2025-01-31,215,215,0,0
9974,832,2025-02-28,215,215,0,0
9975,832,2025-03-31,215,215,0,0
9976,832,2025-04-30,215,215,0,0
9977,832,2025-05-31,215,215,0,0
9978,832,2025-06-30,215,212,0,3
9979,832,2025-07-31,212,212,0,0
9980,832,2025-08-31,212,212,0,0
9981,832,2025-09-30,212,278,67,1
9982,832,2025-10-31,278,278,0,0
9983,832,2025-11-30,278,278,0,0
9984,832,2025-12-31,278,276,0,2
9985,833,2025-01-31,131,131,0,0
9986,833,2025-02-28,131,130,0,1
9987,833,2025-03-31,130,130,0,0
9988,833,2025-04-30,130,130,0,0
9989,833,2025-05-31,130,130,0,0
9990,833,2025-06-30,130,130,0,0
9991,833,2025-07-31,130,130,0,0
9992,833,2025-08-31,130,128,0,2
9993,833,2025-09-30,128,177,49,0
9994,833,2025-10-31,177,177,0,0
9995,833,2025-11-30,177,177,0,0
9996,833,2025-12-31,177,177,0,0
9997,834,2025-01-31,108,108,0,0
9998,834,2025-02-28,108,107,0,1
9999,834,2025-03-31,107,219,113,1
10000,834,2025-04-30,219,219,0,0
10001,834,2025-05-31,219,219,0,0
10002,834,2025-06-30,219,218,0,1
10003,834,2025-07-31,218,273,55,0
10004,834,2025-08-31,273,416,143,0
10005,834,2025-09-30,416,416,0,0
10006,834,2025-10-31,416,489,73,0
10007,834,2025-11-30,489,489,0,0
10008,834,2025-12-31,489,488,0,1
10009,835,2025-01-31,89,87,0,2
10010,835,2025-02-28,87,87,0,0
10011,835,2025-03-31,87,87,0,0
10012,835,2025-04-30,87,80,0,7
10013,835,2025-05-31,80,147,67,0
10014,835,2025-06-30,147,251,104,0
10015,835,2025-07-31,251,251,0,0
10016,835,2025-08-31,251,251,0,0
10017,835,2025-09-30,251,250,0,1
10018,835,2025-10-31,250,250,0,0
10019,835,2025-11-30,250,250,0,0
10020,835,2025-12-31,250,247,0,3
10021,836,2025-01-31,92,92,0,0
10022,836,2025-02-28,92,182,90,0
10023,836,2025-03-31,182,182,0,0
10024,836,2025-04-30,182,256,74,0
10025,836,2025-05-31,256,253,0,3
10026,836,2025-06-30,253,253,0,0
10027,836,2025-07-31,253,252,0,1
10028,836,2025-08-31,252,403,152,1
10029,836,2025-09-30,403,479,76,0
10030,836,2025-10-31,479,479,0,0
10031,836,2025-11-30,479,477,0,2
10032,836,2025-12-31,477,477,0,0
10033,837,2025-01-31,102,102,0,0
10034,837,2025-02-28,102,100,0,2
10035,837,2025-03-31,100,100,0,0
10036,837,2025-04-30,100,100,0,0
10037,837,2025-05-31,100,100,0,0
10038,837,2025-06-30,100,100,0,0
10039,837,2025-07-31,100,98,0,2
10040,837,2025-08-31,98,98,0,0
10041,837,2025-09-30,98,97,0,1
10042,837,2025-10-31,97,95,0,2
10043,837,2025-11-30,95,198,104,1
10044,837,2025-12-31,198,196,0,2
10045,838,2025-01-31,73,73,0,0
10046,838,2025-02-28,73,70,0,3
10047,838,2025-03-31,70,65,0,5
10048,838,2025-04-30,65,121,56,0
10049,838,2025-05-31,121,121,0,0
10050,838,2025-06-30,121,121,0,0
10051,838,2025-07-31,121,121,0,0
10052,838,2025-08-31,121,121,0,0
10053,838,2025-09-30,121,119,0,2
10054,838,2025-10-31,119,117,0,2
10055,838,2025-11-30,117,116,0,1
10056,838,2025-12-31,116,114,0,2
10057,839,2025-01-31,162,162,0,0
10058,839,2025-02-28,162,162,0,0
10059,839,2025-03-31,162,162,0,0
10060,839,2025-04-30,162,162,0,0
10061,839,2025-05-31,162,162,0,0
10062,839,2025-06-30,162,161,0,1
10063,839,2025-07-31,161,156,0,5
10064,839,2025-08-31,156,197,42,1
10065,839,2025-09-30,197,197,0,0
10066,839,2025-10-31,197,195,0,2
10067,839,2025-11-30,195,194,0,1
10068,839,2025-12-31,194,191,0,3
10069,840,2025-01-31,64,63,0,1
10070,840,2025-02-28,63,63,0,0
10071,840,2025-03-31,63,63,0,0
10072,840,2025-04-30,63,63,0,0
10073,840,2025-05-31,63,62,0,1
10074,840,2025-06-30,62,62,0,0
10075,840,2025-07-31,62,58,0,4
10076,840,2025-08-31,58,58,0,0
10077,840,2025-09-30,58,57,0,1
10078,840,2025-10-31,57,57,0,0
10079,840,2025-11-30,57,57,0,0
10080,840,2025-12-31,57,104,51,4
10081,841,2025-01-31,155,154,0,1
10082,841,2025-02-28,154,151,0,3
10083,841,2025-03-31,151,151,0,0
10084,841,2025-04-30,151,149,0,2
10085,841,2025-05-31,149,146,0,3
10086,841,2025-06-30,146,140,0,6
10087,841,2025-07-31,140,140,0,0
10088,841,2025-08-31,140,140,0,0
10089,841,2025-09-30,140,140,0,0
10090,841,2025-10-31,140,134,0,6
10091,841,2025-11-30,134,132,0,2
10092,841,2025-12-31,132,132,0,0
10093,842,2025-01-31,78,78,0,0
10094,842,2025-02-28,78,74,0,4
10095,842,2025-03-31,74,74,0,0
10096,842,2025-04-30,74,116,42,0
10097,842,2025-05-31,116,115,0,1
10098,842,2025-06-30,115,115,0,0
10099,842,2025-07-31,115,115,0,0
10100,842,2025-08-31,115,115,0,0
10101,842,2025-09-30,115,115,0,0
10102,842,2025-10-31,115,115,0,0
10103,842,2025-11-30,115,114,0,1
10104,842,2025-12-31,114,219,106,1
10105,843,2025-01-31,126,126,0,0
10106,843,2025-02-28,126,125,0,1
10107,843,2025-03-31,125,124,0,1
10108,843,2025-04-30,124,123,0,1
10109,843,2025-05-31,123,123,0,0
10110,843,2025-06-30,123,182,63,4
10111,843,2025-07-31,182,181,0,1
10112,843,2025-08-31,181,271,91,1
10113,843,2025-09-30,271,271,0,0
10114,843,2025-10-31,271,271,0,0
10115,843,2025-11-30,271,394,128,5
10116,843,2025-12-31,394,388,0,6
10117,844,2025-01-31,96,95,0,1
10118,844,2025-02-28,95,95,0,0
10119,844,2025-03-31,95,94,0,1
10120,844,2025-04-30,94,94,0,0
10121,844,2025-05-31,94,94,0,0
10122,844,2025-06-30,94,93,0,1
10123,844,2025-07-31,93,144,53,2
10124,844,2025-08-31,144,143,0,1
10125,844,2025-09-30,143,142,0,1
10126,844,2025-10-31,142,142,0,0
10127,844,2025-11-30,142,138,0,4
10128,844,2025-12-31,138,135,0,3
10129,845,2025-01-31,172,172,0,0
10130,845,2025-02-28,172,172,0,0
10131,845,2025-03-31,172,171,0,1
10132,845,2025-04-30,171,230,63,4
10133,845,2025-05-31,230,230,0,0
10134,845,2025-06-30,230,230,0,0
10135,845,2025-07-31,230,228,0,2
10136,845,2025-08-31,228,228,0,0
10137,845,2025-09-30,228,227,0,1
10138,845,2025-10-31,227,226,0,1
10139,845,2025-11-30,226,222,0,4
10140,845,2025-12-31,222,222,0,0
10141,846,2025-01-31,120,120,0,0
10142,846,2025-02-28,120,194,74,0
10143,846,2025-03-31,194,192,0,2
10144,846,2025-04-30,192,347,156,1
10145,846,2025-05-31,347,347,0,0
10146,846,2025-06-30,347,497,150,0
10147,846,2025-07-31,497,497,0,0
10148,846,2025-08-31,497,497,0,0
10149,846,2025-09-30,497,495,0,2
10150,846,2025-10-31,495,495,0,0
10151,846,2025-11-30,495,495,0,0
10152,846,2025-12-31,495,493,0,2
10153,847,2025-01-31,156,156,0,0
10154,847,2025-02-28,156,155,0,1
10155,847,2025-03-31,155,155,0,0
10156,847,2025-04-30,155,155,0,0
10157,847,2025-05-31,155,155,0,0
10158,847,2025-06-30,155,155,0,0
10159,847,2025-07-31,155,208,53,0
10160,847,2025-08-31,208,208,0,0
10161,847,2025-09-30,208,206,0,2
10162,847,2025-10-31,206,206,0,0
10163,847,2025-11-30,206,204,0,2
10164,847,2025-12-31,204,203,0,1
10165,848,2025-01-31,192,189,0,3
10166,848,2025-02-28,189,189,0,0
10167,848,2025-03-31,189,189,0,0
10168,848,2025-04-30,189,288,99,0
10169,848,2025-05-31,288,287,0,1
10170,848,2025-06-30,287,286,0,1
10171,848,2025-07-31,286,286,0,0
10172,848,2025-08-31,286,286,0,0
10173,848,2025-09-30,286,286,0,0
10174,848,2025-10-31,286,286,0,0
10175,848,2025-11-30,286,286,0,0
10176,848,2025-12-31,286,286,0,0
10177,849,2025-01-31,125,125,0,0
10178,849,2025-02-28,125,125,0,0
10179,849,2025-03-31,125,125,0,0
10180,849,2025-04-30,125,125,0,0
10181,849,2025-05-31,125,186,64,3
10182,849,2025-06-30,186,186,0,0
10183,849,2025-07-31,186,186,0,0
10184,849,2025-08-31,186,186,0,0
10185,849,2025-09-30,186,257,72,1
10186,849,2025-10-31,257,253,0,4
10187,849,2025-11-30,253,253,0,0
10188,849,2025-12-31,253,253,0,0
10189,850,2025-01-31,107,107,0,0
10190,850,2025-02-28,107,106,0,1
10191,850,2025-03-31,106,174,70,2
10192,850,2025-04-30,174,172,0,2
10193,850,2025-05-31,172,219,50,3
10194,850,2025-06-30,219,218,0,1
10195,850,2025-07-31,218,218,0,0
10196,850,2025-08-31,218,307,89,0
10197,850,2025-09-30,307,306,0,1
10198,850,2025-10-31,306,305,0,1
10199,850,2025-11-30,305,305,0,0
10200,850,2025-12-31,305,304,0,1
10201,851,2025-01-31,217,369,152,0
10202,851,2025-02-28,369,368,0,1
10203,851,2025-03-31,368,365,0,3
10204,851,2025-04-30,365,365,0,0
10205,851,2025-05-31,365,365,0,0
10206,851,2025-06-30,365,365,0,0
10207,851,2025-07-31,365,364,0,1
10208,851,2025-08-31,364,362,0,2
10209,851,2025-09-30,362,360,0,2
10210,851,2025-10-31,360,420,62,2
10211,851,2025-11-30,420,418,0,2
10212,851,2025-12-31,418,417,0,1
10213,852,2025-01-31,198,193,0,5
10214,852,2025-02-28,193,191,0,2
10215,852,2025-03-31,191,191,0,0
10216,852,2025-04-30,191,188,0,3
10217,852,2025-05-31,188,185,0,3
10218,852,2025-06-30,185,183,0,2
10219,852,2025-07-31,183,181,0,2
10220,852,2025-08-31,181,177,0,4
10221,852,2025-09-30,177,237,62,2
10222,852,2025-10-31,237,237,0,0
10223,852,2025-11-30,237,236,0,1
10224,852,2025-12-31,236,236,0,0
10225,853,2025-01-31,106,101,0,5
10226,853,2025-02-28,101,101,0,0
10227,853,2025-03-31,101,101,0,0
10228,853,2025-04-30,101,209,108,0
10229,853,2025-05-31,209,209,0,0
10230,853,2025-06-30,209,209,0,0
10231,853,2025-07-31,209,209,0,0
10232,853,2025-08-31,209,207,0,2
10233,853,2025-09-30,207,207,0,0
10234,853,2025-10-31,207,207,0,0
10235,853,2025-11-30,207,207,0,0
10236,853,2025-12-31,207,330,123,0
10237,854,2025-01-31,87,86,0,1
10238,854,2025-02-28,86,205,119,0
10239,854,2025-03-31,205,205,0,0
10240,854,2025-04-30,205,205,0,0
10241,854,2025-05-31,205,203,0,2
10242,854,2025-06-30,203,199,0,4
10243,854,2025-07-31,199,197,0,2
10244,854,2025-08-31,197,196,0,1
10245,854,2025-09-30,196,191,0,5
10246,854,2025-10-31,191,190,0,1
10247,854,2025-11-30,190,188,0,2
10248,854,2025-12-31,188,187,0,1
10249,855,2025-01-31,76,74,0,2
10250,855,2025-02-28,74,74,0,0
10251,855,2025-03-31,74,72,0,2
10252,855,2025-04-30,72,72,0,0
10253,855,2025-05-31,72,70,0,2
10254,855,2025-06-30,70,67,0,3
10255,855,2025-07-31,67,66,0,1
10256,855,2025-08-31,66,66,0,0
10257,855,2025-09-30,66,66,0,0
10258,855,2025-10-31,66,66,0,0
10259,855,2025-11-30,66,65,0,1
10260,855,2025-12-31,65,65,0,0
10261,856,2025-01-31,155,153,0,2
10262,856,2025-02-28,153,151,0,2
10263,856,2025-03-31,151,300,149,0
10264,856,2025-04-30,300,299,0,1
10265,856,2025-05-31,299,297,0,2
10266,856,2025-06-30,297,295,0,2
10267,856,2025-07-31,295,292,0,3
10268,856,2025-08-31,292,290,0,2
10269,856,2025-09-30,290,290,0,0
10270,856,2025-10-31,290,429,139,0
10271,856,2025-11-30,429,426,0,3
10272,856,2025-12-31,426,424,0,2
10273,857,2025-01-31,164,228,69,5
10274,857,2025-02-28,228,226,0,2
10275,857,2025-03-31,226,306,81,1
10276,857,2025-04-30,306,302,0,4
10277,857,2025-05-31,302,302,0,0
10278,857,2025-06-30,302,301,0,1
10279,857,2025-07-31,301,301,0,0
10280,857,2025-08-31,301,301,0,0
10281,857,2025-09-30,301,301,0,0
10282,857,2025-10-31,301,301,0,0
10283,857,2025-11-30,301,301,0,0
10284,857,2025-12-31,301,413,112,0
10285,858,2025-01-31,114,114,0,0
10286,858,2025-02-28,114,112,0,2
10287,858,2025-03-31,112,112,0,0
10288,858,2025-04-30,112,111,0,1
10289,858,2025-05-31,111,109,0,2
10290,858,2025-06-30,109,109,0,0
10291,858,2025-07-31,109,109,0,0
10292,858,2025-08-31,109,109,0,0
10293,858,2025-09-30,109,109,0,0
10294,858,2025-10-31,109,107,0,2
10295,858,2025-11-30,107,107,0,0
10296,858,2025-12-31,107,225,118,0
10297,859,2025-01-31,65,137,73,1
10298,859,2025-02-28,137,136,0,1
10299,859,2025-03-31,136,136,0,0
10300,859,2025-04-30,136,136,0,0
10301,859,2025-05-31,136,190,55,1
10302,859,2025-06-30,190,185,0,5
10303,859,2025-07-31,185,185,0,0
10304,859,2025-08-31,185,185,0,0
10305,859,2025-09-30,185,185,0,0
10306,859,2025-10-31,185,184,0,1
10307,859,2025-11-30,184,224,41,1
10308,859,2025-12-31,224,217,0,7
10309,860,2025-01-31,140,140,0,0
10310,860,2025-02-28,140,138,0,2
10311,860,2025-03-31,138,134,0,4
10312,860,2025-04-30,134,134,0,0
10313,860,2025-05-31,134,132,0,2
10314,860,2025-06-30,132,132,0,0
10315,860,2025-07-31,132,129,0,3
10316,860,2025-08-31,129,129,0,0
10317,860,2025-09-30,129,129,0,0
10318,860,2025-10-31,129,129,0,0
10319,860,2025-11-30,129,129,0,0
10320,860,2025-12-31,129,129,0,0
10321,861,2025-01-31,128,125,0,3
10322,861,2025-02-28,125,123,0,2
10323,861,2025-03-31,123,222,99,0
10324,861,2025-04-30,222,222,0,0
10325,861,2025-05-31,222,222,0,0
10326,861,2025-06-30,222,220,0,2
10327,861,2025-07-31,220,218,0,2
10328,861,2025-08-31,218,218,0,0
10329,861,2025-09-30,218,218,0,0
10330,861,2025-10-31,218,215,0,3
10331,861,2025-11-30,215,215,0,0
10332,861,2025-12-31,215,211,0,4
10333,862,2025-01-31,148,233,86,1
10334,862,2025-02-28,233,230,0,3
10335,862,2025-03-31,230,230,0,0
10336,862,2025-04-30,230,230,0,0
10337,862,2025-05-31,230,321,94,3
10338,862,2025-06-30,321,320,0,1
10339,862,2025-07-31,320,317,0,3
10340,862,2025-08-31,317,317,0,0
10341,862,2025-09-30,317,463,146,0
10342,862,2025-10-31,463,463,0,0
10343,862,2025-11-30,463,573,111,1
10344,862,2025-12-31,573,716,143,0
10345,863,2025-01-31,113,113,0,0
10346,863,2025-02-28,113,209,96,0
10347,863,2025-03-31,209,209,0,0
10348,863,2025-04-30,209,209,0,0
10349,863,2025-05-31,209,208,0,1
10350,863,2025-06-30,208,208,0,0
10351,863,2025-07-31,208,208,0,0
10352,863,2025-08-31,208,206,0,2
10353,863,2025-09-30,206,358,153,1
10354,863,2025-10-31,358,357,0,1
10355,863,2025-11-30,357,401,45,1
10356,863,2025-12-31,401,400,0,1
10357,864,2025-01-31,199,198,0,1
10358,864,2025-02-28,198,198,0,0
10359,864,2025-03-31,198,193,0,5
10360,864,2025-04-30,193,307,114,0
10361,864,2025-05-31,307,303,0,4
10362,864,2025-06-30,303,431,128,0
10363,864,2025-07-31,431,430,0,1
10364,864,2025-08-31,430,426,0,4
10365,864,2025-09-30,426,426,0,0
10366,864,2025-10-31,426,426,0,0
10367,864,2025-11-30,426,425,0,1
10368,864,2025-12-31,425,421,0,4
10369,865,2025-01-31,65,65,0,0
10370,865,2025-02-28,65,65,0,0
10371,865,2025-03-31,65,65,0,0
10372,865,2025-04-30,65,193,131,3
10373,865,2025-05-31,193,192,0,1
10374,865,2025-06-30,192,189,0,3
10375,865,2025-07-31,189,189,0,0
10376,865,2025-08-31,189,189,0,0
10377,865,2025-09-30,189,187,0,2
10378,865,2025-10-31,187,184,0,3
10379,865,2025-11-30,184,184,0,0
10380,865,2025-12-31,184,182,0,2
10381,866,2025-01-31,64,64,0,0
10382,866,2025-02-28,64,61,0,3
10383,866,2025-03-31,61,54,0,7
10384,866,2025-04-30,54,54,0,0
10385,866,2025-05-31,54,54,0,0
10386,866,2025-06-30,54,51,0,3
10387,866,2025-07-31,51,48,0,3
10388,866,2025-08-31,48,48,0,0
10389,866,2025-09-30,48,48,0,0
10390,866,2025-10-31,48,44,0,4
10391,866,2025-11-30,44,41,0,3
10392,866,2025-12-31,41,40,0,1
10393,867,2025-01-31,71,68,0,3
10394,867,2025-02-28,68,111,44,1
10395,867,2025-03-31,111,109,0,2
10396,867,2025-04-30,109,240,132,1
10397,867,2025-05-31,240,240,0,0
10398,867,2025-06-30,240,239,0,1
10399,867,2025-07-31,239,239,0,0
10400,867,2025-08-31,239,239,0,0
10401,867,2025-09-30,239,239,0,0
10402,867,2025-10-31,239,239,0,0
10403,867,2025-11-30,239,239,0,0
10404,867,2025-12-31,239,236,0,3
10405,868,2025-01-31,219,217,0,2
10406,868,2025-02-28,217,217,0,0
10407,868,2025-03-31,217,217,0,0
10408,868,2025-04-30,217,338,121,0
10409,868,2025-05-31,338,334,0,4
10410,868,2025-06-30,334,406,75,3
10411,868,2025-07-31,406,456,50,0
10412,868,2025-08-31,456,456,0,0
10413,868,2025-09-30,456,583,127,0
10414,868,2025-10-31,583,581,0,2
10415,868,2025-11-30,581,581,0,0
10416,868,2025-12-31,581,578,0,3
10417,869,2025-01-31,145,140,0,5
10418,869,2025-02-28,140,139,0,1
10419,869,2025-03-31,139,137,0,2
10420,869,2025-04-30,137,136,0,1
10421,869,2025-05-31,136,196,63,3
10422,869,2025-06-30,196,193,0,3
10423,869,2025-07-31,193,246,53,0
10424,869,2025-08-31,246,246,0,0
10425,869,2025-09-30,246,245,0,1
10426,869,2025-10-31,245,333,88,0
10427,869,2025-11-30,333,489,156,0
10428,869,2025-12-31,489,489,0,0
10429,870,2025-01-31,123,123,0,0
10430,870,2025-02-28,123,122,0,1
10431,870,2025-03-31,122,121,0,1
10432,870,2025-04-30,121,121,0,0
10433,870,2025-05-31,121,119,0,2
10434,870,2025-06-30,119,188,70,1
10435,870,2025-07-31,188,188,0,0
10436,870,2025-08-31,188,187,0,1
10437,870,2025-09-30,187,186,0,1
10438,870,2025-10-31,186,331,145,0
10439,870,2025-11-30,331,331,0,0
10440,870,2025-12-31,331,331,0,0
10441,871,2025-01-31,194,194,0,0
10442,871,2025-02-28,194,193,0,1
10443,871,2025-03-31,193,311,118,0
10444,871,2025-04-30,311,311,0,0
10445,871,2025-05-31,311,311,0,0
10446,871,2025-06-30,311,311,0,0
10447,871,2025-07-31,311,310,0,1
10448,871,2025-08-31,310,310,0,0
10449,871,2025-09-30,310,310,0,0
10450,871,2025-10-31,310,308,0,2
10451,871,2025-11-30,308,307,0,1
10452,871,2025-12-31,307,307,0,0
10453,872,2025-01-31,121,121,0,0
10454,872,2025-02-28,121,121,0,0
10455,872,2025-03-31,121,118,0,3
10456,872,2025-04-30,118,117,0,1
10457,872,2025-05-31,117,117,0,0
10458,872,2025-06-30,117,117,0,0
10459,872,2025-07-31,117,115,0,2
10460,872,2025-08-31,115,110,0,5
10461,872,2025-09-30,110,160,50,0
10462,872,2025-10-31,160,160,0,0
10463,872,2025-11-30,160,158,0,2
10464,872,2025-12-31,158,158,0,0
10465,873,2025-01-31,107,107,0,0
10466,873,2025-02-28,107,105,0,2
10467,873,2025-03-31,105,100,0,5
10468,873,2025-04-30,100,100,0,0
10469,873,2025-05-31,100,100,0,0
10470,873,2025-06-30,100,98,0,2
10471,873,2025-07-31,98,98,0,0
10472,873,2025-08-31,98,173,75,0
10473,873,2025-09-30,173,172,0,1
10474,873,2025-10-31,172,169,0,3
10475,873,2025-11-30,169,169,0,0
10476,873,2025-12-31,169,169,0,0
10477,874,2025-01-31,211,210,0,1
10478,874,2025-02-28,210,210,0,0
10479,874,2025-03-31,210,210,0,0
10480,874,2025-04-30,210,292,84,2
10481,874,2025-05-31,292,290,0,2
10482,874,2025-06-30,290,290,0,0
10483,874,2025-07-31,290,434,144,0
10484,874,2025-08-31,434,434,0,0
10485,874,2025-09-30,434,434,0,0
10486,874,2025-10-31,434,433,0,1
10487,874,2025-11-30,433,554,124,3
10488,874,2025-12-31,554,554,0,0
10489,875,2025-01-31,199,199,0,0
10490,875,2025-02-28,199,199,0,0
10491,875,2025-03-31,199,199,0,0
10492,875,2025-04-30,199,199,0,0
10493,875,2025-05-31,199,199,0,0
10494,875,2025-06-30,199,199,0,0
10495,875,2025-07-31,199,193,0,6
10496,875,2025-08-31,193,192,0,1
10497,875,2025-09-30,192,191,0,1
10498,875,2025-10-31,191,190,0,1
10499,875,2025-11-30,190,273,85,2
10500,875,2025-12-31,273,273,0,0
10501,876,2025-01-31,193,193,0,0
10502,876,2025-02-28,193,191,0,2
10503,876,2025-03-31,191,191,0,0
10504,876,2025-04-30,191,269,78,0
10505,876,2025-05-31,269,266,0,3
10506,876,2025-06-30,266,264,0,2
10507,876,2025-07-31,264,264,0,0
10508,876,2025-08-31,264,304,40,0
10509,876,2025-09-30,304,304,0,0
10510,876,2025-10-31,304,298,0,6
10511,876,2025-11-30,298,356,59,1
10512,876,2025-12-31,356,356,0,0
10513,877,2025-01-31,191,190,0,1
10514,877,2025-02-28,190,188,0,2
10515,877,2025-03-31,188,185,0,3
10516,877,2025-04-30,185,184,0,1
10517,877,2025-05-31,184,182,0,2
10518,877,2025-06-30,182,180,0,2
10519,877,2025-07-31,180,266,86,0
10520,877,2025-08-31,266,266,0,0
10521,877,2025-09-30,266,262,0,4
10522,877,2025-10-31,262,261,0,1
10523,877,2025-11-30,261,261,0,0
10524,877,2025-12-31,261,256,0,5
10525,878,2025-01-31,148,146,0,2
10526,878,2025-02-28,146,144,0,2
10527,878,2025-03-31,144,144,0,0
10528,878,2025-04-30,144,144,0,0
10529,878,2025-05-31,144,138,0,6
10530,878,2025-06-30,138,134,0,4
10531,878,2025-07-31,134,133,0,1
10532,878,2025-08-31,133,130,0,3
10533,878,2025-09-30,130,130,0,0
10534,878,2025-10-31,130,130,0,0
10535,878,2025-11-30,130,129,0,1
10536,878,2025-12-31,129,242,113,0
10537,879,2025-01-31,82,210,128,0
10538,879,2025-02-28,210,207,0,3
10539,879,2025-03-31,207,207,0,0
10540,879,2025-04-30,207,285,78,0
10541,879,2025-05-31,285,418,134,1
10542,879,2025-06-30,418,418,0,0
10543,879,2025-07-31,418,408,0,10
10544,879,2025-08-31,408,482,74,0
10545,879,2025-09-30,482,481,0,1
10546,879,2025-10-31,481,481,0,0
10547,879,2025-11-30,481,478,0,3
10548,879,2025-12-31,478,476,0,2
10549,880,2025-01-31,204,283,79,0
10550,880,2025-02-28,283,283,0,0
10551,880,2025-03-31,283,372,89,0
10552,880,2025-04-30,372,372,0,0
10553,880,2025-05-31,372,372,0,0
10554,880,2025-06-30,372,371,0,1
10555,880,2025-07-31,371,370,0,1
10556,880,2025-08-31,370,451,81,0
10557,880,2025-09-30,451,451,0,0
10558,880,2025-10-31,451,451,0,0
10559,880,2025-11-30,451,592,141,0
10560,880,2025-12-31,592,592,0,0
10561,881,2025-01-31,65,61,0,4
10562,881,2025-02-28,61,57,0,4
10563,881,2025-03-31,57,57,0,0
10564,881,2025-04-30,57,57,0,0
10565,881,2025-05-31,57,57,0,0
10566,881,2025-06-30,57,57,0,0
10567,881,2025-07-31,57,57,0,0
10568,881,2025-08-31,57,57,0,0
10569,881,2025-09-30,57,56,0,1
10570,881,2025-10-31,56,53,0,3
10571,881,2025-11-30,53,53,0,0
10572,881,2025-12-31,53,53,0,0
10573,882,2025-01-31,97,244,147,0
10574,882,2025-02-28,244,305,61,0
10575,882,2025-03-31,305,304,0,1
10576,882,2025-04-30,304,438,134,0
10577,882,2025-05-31,438,436,0,2
10578,882,2025-06-30,436,434,0,2
10579,882,2025-07-31,434,434,0,0
10580,882,2025-08-31,434,431,0,3
10581,882,2025-09-30,431,431,0,0
10582,882,2025-10-31,431,430,0,1
10583,882,2025-11-30,430,430,0,0
10584,882,2025-12-31,430,428,0,2
10585,883,2025-01-31,152,151,0,1
10586,883,2025-02-28,151,150,0,1
10587,883,2025-03-31,150,247,97,0
10588,883,2025-04-30,247,247,0,0
10589,883,2025-05-31,247,398,151,0
10590,883,2025-06-30,398,395,0,3
10591,883,2025-07-31,395,395,0,0
10592,883,2025-08-31,395,395,0,0
10593,883,2025-09-30,395,536,141,0
10594,883,2025-10-31,536,534,0,2
10595,883,2025-11-30,534,691,157,0
10596,883,2025-12-31,691,691,0,0
10597,884,2025-01-31,156,151,0,5
10598,884,2025-02-28,151,266,116,1
10599,884,2025-03-31,266,264,0,2
10600,884,2025-04-30,264,264,0,0
10601,884,2025-05-31,264,262,0,2
10602,884,2025-06-30,262,262,0,0
10603,884,2025-07-31,262,262,0,0
10604,884,2025-08-31,262,260,0,2
10605,884,2025-09-30,260,260,0,0
10606,884,2025-10-31,260,260,0,0
10607,884,2025-11-30,260,310,51,1
10608,884,2025-12-31,310,407,98,1
10609,885,2025-01-31,215,353,138,0
10610,885,2025-02-28,353,353,0,0
10611,885,2025-03-31,353,350,0,3
10612,885,2025-04-30,350,346,0,4
10613,885,2025-05-31,346,342,0,4
10614,885,2025-06-30,342,342,0,0
10615,885,2025-07-31,342,342,0,0
10616,885,2025-08-31,342,342,0,0
10617,885,2025-09-30,342,342,0,0
10618,885,2025-10-31,342,342,0,0
10619,885,2025-11-30,342,341,0,1
10620,885,2025-12-31,341,399,58,0
10621,886,2025-01-31,82,82,0,0
10622,886,2025-02-28,82,82,0,0
10623,886,2025-03-31,82,82,0,0
10624,886,2025-04-30,82,82,0,0
10625,886,2025-05-31,82,82,0,0
10626,886,2025-06-30,82,82,0,0
10627,886,2025-07-31,82,188,107,1
10628,886,2025-08-31,188,187,0,1
10629,886,2025-09-30,187,181,0,6
10630,886,2025-10-31,181,181,0,0
10631,886,2025-11-30,181,181,0,0
10632,886,2025-12-31,181,246,65,0
10633,887,2025-01-31,186,186,0,0
10634,887,2025-02-28,186,254,68,0
10635,887,2025-03-31,254,253,0,1
10636,887,2025-04-30,253,344,91,0
10637,887,2025-05-31,344,343,0,1
10638,887,2025-06-30,343,342,0,1
10639,887,2025-07-31,342,340,0,2
10640,887,2025-08-31,340,414,75,1
10641,887,2025-09-30,414,414,0,0
10642,887,2025-10-31,414,413,0,1
10643,887,2025-11-30,413,413,0,0
10644,887,2025-12-31,413,462,49,0
10645,888,2025-01-31,145,145,0,0
10646,888,2025-02-28,145,145,0,0
10647,888,2025-03-31,145,142,0,3
10648,888,2025-04-30,142,142,0,0
10649,888,2025-05-31,142,141,0,1
10650,888,2025-06-30,141,140,0,1
10651,888,2025-07-31,140,140,0,0
10652,888,2025-08-31,140,254,114,0
10653,888,2025-09-30,254,310,58,2
10654,888,2025-10-31,310,310,0,0
10655,888,2025-11-30,310,396,87,1
10656,888,2025-12-31,396,474,79,1
10657,889,2025-01-31,72,135,63,0
10658,889,2025-02-28,135,134,0,1
10659,889,2025-03-31,134,133,0,1
10660,889,2025-04-30,133,130,0,3
10661,889,2025-05-31,130,129,0,1
10662,889,2025-06-30,129,128,0,1
10663,889,2025-07-31,128,127,0,1
10664,889,2025-08-31,127,127,0,0
10665,889,2025-09-30,127,125,0,2
10666,889,2025-10-31,125,168,43,0
10667,889,2025-11-30,168,167,0,1
10668,889,2025-12-31,167,167,0,0
10669,890,2025-01-31,74,74,0,0
10670,890,2025-02-28,74,113,40,1
10671,890,2025-03-31,113,185,74,2
10672,890,2025-04-30,185,184,0,1
10673,890,2025-05-31,184,182,0,2
10674,890,2025-06-30,182,181,0,1
10675,890,2025-07-31,181,179,0,2
10676,890,2025-08-31,179,178,0,1
10677,890,2025-09-30,178,299,126,5
10678,890,2025-10-31,299,298,0,1
10679,890,2025-11-30,298,370,74,2
10680,890,2025-12-31,370,369,0,1
10681,891,2025-01-31,167,302,141,6
10682,891,2025-02-28,302,301,0,1
10683,891,2025-03-31,301,300,0,1
10684,891,2025-04-30,300,298,0,2
10685,891,2025-05-31,298,367,70,1
10686,891,2025-06-30,367,367,0,0
10687,891,2025-07-31,367,366,0,1
10688,891,2025-08-31,366,366,0,0
10689,891,2025-09-30,366,366,0,0
10690,891,2025-10-31,366,494,128,0
10691,891,2025-11-30,494,489,0,5
10692,891,2025-12-31,489,487,0,2
10693,892,2025-01-31,80,78,0,2
10694,892,2025-02-28,78,185,108,1
10695,892,2025-03-31,185,185,0,0
10696,892,2025-04-30,185,228,45,2
10697,892,2025-05-31,228,228,0,0
10698,892,2025-06-30,228,228,0,0
10699,892,2025-07-31,228,313,86,1
10700,892,2025-08-31,313,421,111,3
10701,892,2025-09-30,421,420,0,1
10702,892,2025-10-31,420,420,0,0
10703,892,2025-11-30,420,420,0,0
10704,892,2025-12-31,420,420,0,0
10705,893,2025-01-31,116,114,0,2
10706,893,2025-02-28,114,114,0,0
10707,893,2025-03-31,114,110,0,4
10708,893,2025-04-30,110,150,40,0
10709,893,2025-05-31,150,150,0,0
10710,893,2025-06-30,150,150,0,0
10711,893,2025-07-31,150,149,0,1
10712,893,2025-08-31,149,221,75,3
10713,893,2025-09-30,221,221,0,0
10714,893,2025-10-31,221,220,0,1
10715,893,2025-11-30,220,220,0,0
10716,893,2025-12-31,220,219,0,1
10717,894,2025-01-31,195,195,0,0
10718,894,2025-02-28,195,192,0,3
10719,894,2025-03-31,192,332,140,0
10720,894,2025-04-30,332,331,0,1
10721,894,2025-05-31,331,331,0,0
10722,894,2025-06-30,331,331,0,0
10723,894,2025-07-31,331,330,0,1
10724,894,2025-08-31,330,327,0,3
10725,894,2025-09-30,327,325,0,2
10726,894,2025-10-31,325,369,46,2
10727,894,2025-11-30,369,369,0,0
10728,894,2025-12-31,369,368,0,1
10729,895,2025-01-31,187,185,0,2
10730,895,2025-02-28,185,185,0,0
10731,895,2025-03-31,185,185,0,0
10732,895,2025-04-30,185,185,0,0
10733,895,2025-05-31,185,185,0,0
10734,895,2025-06-30,185,185,0,0
10735,895,2025-07-31,185,185,0,0
10736,895,2025-08-31,185,185,0,0
10737,895,2025-09-30,185,227,42,0
10738,895,2025-10-31,227,227,0,0
10739,895,2025-11-30,227,227,0,0
10740,895,2025-12-31,227,227,0,0
10741,896,2025-01-31,64,63,0,1
10742,896,2025-02-28,63,63,0,0
10743,896,2025-03-31,63,169,106,0
10744,896,2025-04-30,169,169,0,0
10745,896,2025-05-31,169,169,0,0
10746,896,2025-06-30,169,168,0,1
10747,896,2025-07-31,168,166,0,2
10748,896,2025-08-31,166,166,0,0
10749,896,2025-09-30,166,293,129,2
10750,896,2025-10-31,293,423,130,0
10751,896,2025-11-30,423,423,0,0
10752,896,2025-12-31,423,471,50,2
10753,897,2025-01-31,170,170,0,0
10754,897,2025-02-28,170,298,128,0
10755,897,2025-03-31,298,428,130,0
10756,897,2025-04-30,428,488,63,3
10757,897,2025-05-31,488,488,0,0
10758,897,2025-06-30,488,488,0,0
10759,897,2025-07-31,488,487,0,1
10760,897,2025-08-31,487,637,150,0
10761,897,2025-09-30,637,637,0,0
10762,897,2025-10-31,637,636,0,1
10763,897,2025-11-30,636,636,0,0
10764,897,2025-12-31,636,636,0,0
10765,898,2025-01-31,190,190,0,0
10766,898,2025-02-28,190,267,78,1
10767,898,2025-03-31,267,267,0,0
10768,898,2025-04-30,267,267,0,0
10769,898,2025-05-31,267,264,0,3
10770,898,2025-06-30,264,262,0,2
10771,898,2025-07-31,262,261,0,1
10772,898,2025-08-31,261,261,0,0
10773,898,2025-09-30,261,258,0,3
10774,898,2025-10-31,258,255,0,3
10775,898,2025-11-30,255,255,0,0
10776,898,2025-12-31,255,254,0,1
10777,899,2025-01-31,118,258,140,0
10778,899,2025-02-28,258,253,0,5
10779,899,2025-03-31,253,251,0,2
10780,899,2025-04-30,251,249,0,2
10781,899,2025-05-31,249,249,0,0
10782,899,2025-06-30,249,248,0,1
10783,899,2025-07-31,248,248,0,0
10784,899,2025-08-31,248,246,0,2
10785,899,2025-09-30,246,246,0,0
10786,899,2025-10-31,246,246,0,0
10787,899,2025-11-30,246,296,50,0
10788,899,2025-12-31,296,436,142,2
10789,900,2025-01-31,163,160,0,3
10790,900,2025-02-28,160,160,0,0
10791,900,2025-03-31,160,160,0,0
10792,900,2025-04-30,160,160,0,0
10793,900,2025-05-31,160,157,0,3
10794,900,2025-06-30,157,157,0,0
10795,900,2025-07-31,157,157,0,0
10796,900,2025-08-31,157,229,73,1
10797,900,2025-09-30,229,229,0,0
10798,900,2025-10-31,229,229,0,0
10799,900,2025-11-30,229,223,0,6
10800,900,2025-12-31,223,341,118,0
10801,901,2025-01-31,69,69,0,0
10802,901,2025-02-28,69,69,0,0
10803,901,2025-03-31,69,111,42,0
10804,901,2025-04-30,111,111,0,0
10805,901,2025-05-31,111,111,0,0
10806,901,2025-06-30,111,111,0,0
10807,901,2025-07-31,111,109,0,2
10808,901,2025-08-31,109,109,0,0
10809,901,2025-09-30,109,109,0,0
10810,901,2025-10-31,109,109,0,0
10811,901,2025-11-30,109,246,137,0
10812,901,2025-12-31,246,244,0,2
10813,902,2025-01-31,124,124,0,0
10814,902,2025-02-28,124,124,0,0
10815,902,2025-03-31,124,124,0,0
10816,902,2025-04-30,124,121,0,3
10817,902,2025-05-31,121,121,0,0
10818,902,2025-06-30,121,121,0,0
10819,902,2025-07-31,121,121,0,0
10820,902,2025-08-31,121,121,0,0
10821,902,2025-09-30,121,121,0,0
10822,902,2025-10-31,121,121,0,0
10823,902,2025-11-30,121,118,0,3
10824,902,2025-12-31,118,118,0,0
10825,903,2025-01-31,150,149,0,1
10826,903,2025-02-28,149,149,0,0
10827,903,2025-03-31,149,148,0,1
10828,903,2025-04-30,148,285,138,1
10829,903,2025-05-31,285,328,45,2
10830,903,2025-06-30,328,328,0,0
10831,903,2025-07-31,328,328,0,0
10832,903,2025-08-31,328,328,0,0
10833,903,2025-09-30,328,327,0,1
10834,903,2025-10-31,327,327,0,0
10835,903,2025-11-30,327,323,0,4
10836,903,2025-12-31,323,323,0,0
10837,904,2025-01-31,83,82,0,1
10838,904,2025-02-28,82,216,134,0
10839,904,2025-03-31,216,216,0,0
10840,904,2025-04-30,216,216,0,0
10841,904,2025-05-31,216,216,0,0
10842,904,2025-06-30,216,212,0,4
10843,904,2025-07-31,212,211,0,1
10844,904,2025-08-31,211,211,0,0
10845,904,2025-09-30,211,211,0,0
10846,904,2025-10-31,211,208,0,3
10847,904,2025-11-30,208,254,46,0
10848,904,2025-12-31,254,254,0,0
10849,905,2025-01-31,166,165,0,1
10850,905,2025-02-28,165,165,0,0
10851,905,2025-03-31,165,278,113,0
10852,905,2025-04-30,278,278,0,0
10853,905,2025-05-31,278,278,0,0
10854,905,2025-06-30,278,428,150,0
10855,905,2025-07-31,428,428,0,0
10856,905,2025-08-31,428,428,0,0
10857,905,2025-09-30,428,425,0,3
10858,905,2025-10-31,425,425,0,0
10859,905,2025-11-30,425,422,0,3
10860,905,2025-12-31,422,490,69,1
10861,906,2025-01-31,129,127,0,2
10862,906,2025-02-28,127,126,0,1
10863,906,2025-03-31,126,126,0,0
10864,906,2025-04-30,126,126,0,0
10865,906,2025-05-31,126,126,0,0
10866,906,2025-06-30,126,126,0,0
10867,906,2025-07-31,126,122,0,4
10868,906,2025-08-31,122,122,0,0
10869,906,2025-09-30,122,122,0,0
10870,906,2025-10-31,122,121,0,1
10871,906,2025-11-30,121,121,0,0
10872,906,2025-12-31,121,121,0,0
10873,907,2025-01-31,99,99,0,0
10874,907,2025-02-28,99,99,0,0
10875,907,2025-03-31,99,99,0,0
10876,907,2025-04-30,99,97,0,2
10877,907,2025-05-31,97,97,0,0
10878,907,2025-06-30,97,93,0,4
10879,907,2025-07-31,93,93,0,0
10880,907,2025-08-31,93,93,0,0
10881,907,2025-09-30,93,92,0,1
10882,907,2025-10-31,92,92,0,0
10883,907,2025-11-30,92,92,0,0
10884,907,2025-12-31,92,92,0,0
10885,908,2025-01-31,212,293,81,0
10886,908,2025-02-28,293,437,144,0
10887,908,2025-03-31,437,437,0,0
10888,908,2025-04-30,437,434,0,3
10889,908,2025-05-31,434,434,0,0
10890,908,2025-06-30,434,433,0,1
10891,908,2025-07-31,433,432,0,1
10892,908,2025-08-31,432,432,0,0
10893,908,2025-09-30,432,432,0,0
10894,908,2025-10-31,432,432,0,0
10895,908,2025-11-30,432,432,0,0
10896,908,2025-12-31,432,432,0,0
10897,909,2025-01-31,107,106,0,1
10898,909,2025-02-28,106,106,0,0
10899,909,2025-03-31,106,102,0,4
10900,909,2025-04-30,102,100,0,2
10901,909,2025-05-31,100,100,0,0
10902,909,2025-06-30,100,100,0,0
10903,909,2025-07-31,100,100,0,0
10904,909,2025-08-31,100,99,0,1
10905,909,2025-09-30,99,99,0,0
10906,909,2025-10-31,99,99,0,0
10907,909,2025-11-30,99,99,0,0
10908,909,2025-12-31,99,99,0,0
10909,910,2025-01-31,138,135,0,3
10910,910,2025-02-28,135,132,0,3
10911,910,2025-03-31,132,131,0,1
10912,910,2025-04-30,131,127,0,4
10913,910,2025-05-31,127,265,138,0
10914,910,2025-06-30,265,264,0,1
10915,910,2025-07-31,264,262,0,2
10916,910,2025-08-31,262,262,0,0
10917,910,2025-09-30,262,259,0,3
10918,910,2025-10-31,259,258,0,1
10919,910,2025-11-30,258,258,0,0
10920,910,2025-12-31,258,258,0,0
10921,911,2025-01-31,188,289,101,0
10922,911,2025-02-28,289,286,0,3
10923,911,2025-03-31,286,284,0,2
10924,911,2025-04-30,284,423,141,2
10925,911,2025-05-31,423,423,0,0
10926,911,2025-06-30,423,420,0,3
10927,911,2025-07-31,420,420,0,0
10928,911,2025-08-31,420,420,0,0
10929,911,2025-09-30,420,517,97,0
10930,911,2025-10-31,517,517,0,0
10931,911,2025-11-30,517,517,0,0
10932,911,2025-12-31,517,578,64,3
10933,912,2025-01-31,96,95,0,1
10934,912,2025-02-28,95,222,129,2
10935,912,2025-03-31,222,222,0,0
10936,912,2025-04-30,222,220,0,2
10937,912,2025-05-31,220,219,0,1
10938,912,2025-06-30,219,219,0,0
10939,912,2025-07-31,219,218,0,1
10940,912,2025-08-31,218,216,0,2
10941,912,2025-09-30,216,214,0,2
10942,912,2025-10-31,214,214,0,0
10943,912,2025-11-30,214,212,0,2
10944,912,2025-12-31,212,212,0,0
10945,913,2025-01-31,154,152,0,2
10946,913,2025-02-28,152,152,0,0
10947,913,2025-03-31,152,256,104,0
10948,913,2025-04-30,256,255,0,1
10949,913,2025-05-31,255,401,147,1
10950,913,2025-06-30,401,400,0,1
10951,913,2025-07-31,400,400,0,0
10952,913,2025-08-31,400,400,0,0
10953,913,2025-09-30,400,400,0,0
10954,913,2025-10-31,400,399,0,1
10955,913,2025-11-30,399,398,0,1
10956,913,2025-12-31,398,398,0,0
10957,914,2025-01-31,160,289,129,0
10958,914,2025-02-28,289,289,0,0
10959,914,2025-03-31,289,289,0,0
10960,914,2025-04-30,289,286,0,3
10961,914,2025-05-31,286,338,52,0
10962,914,2025-06-30,338,387,50,1
10963,914,2025-07-31,387,387,0,0
10964,914,2025-08-31,387,384,0,3
10965,914,2025-09-30,384,381,0,3
10966,914,2025-10-31,381,381,0,0
10967,914,2025-11-30,381,378,0,3
10968,914,2025-12-31,378,376,0,2
10969,915,2025-01-31,67,205,138,0
10970,915,2025-02-28,205,205,0,0
10971,915,2025-03-31,205,326,121,0
10972,915,2025-04-30,326,410,88,4
10973,915,2025-05-31,410,410,0,0
10974,915,2025-06-30,410,410,0,0
10975,915,2025-07-31,410,512,102,0
10976,915,2025-08-31,512,512,0,0
10977,915,2025-09-30,512,512,0,0
10978,915,2025-10-31,512,512,0,0
10979,915,2025-11-30,512,608,100,4
10980,915,2025-12-31,608,605,0,3
10981,916,2025-01-31,215,215,0,0
10982,916,2025-02-28,215,291,76,0
10983,916,2025-03-31,291,291,0,0
10984,916,2025-04-30,291,291,0,0
10985,916,2025-05-31,291,291,0,0
10986,916,2025-06-30,291,291,0,0
10987,916,2025-07-31,291,289,0,2
10988,916,2025-08-31,289,289,0,0
10989,916,2025-09-30,289,289,0,0
10990,916,2025-10-31,289,357,68,0
10991,916,2025-11-30,357,357,0,0
10992,916,2025-12-31,357,357,0,0
10993,917,2025-01-31,91,91,0,0
10994,917,2025-02-28,91,91,0,0
10995,917,2025-03-31,91,91,0,0
10996,917,2025-04-30,91,91,0,0
10997,917,2025-05-31,91,91,0,0
10998,917,2025-06-30,91,91,0,0
10999,917,2025-07-31,91,209,119,1
11000,917,2025-08-31,209,209,0,0
11001,917,2025-09-30,209,208,0,1
11002,917,2025-10-31,208,208,0,0
11003,917,2025-11-30,208,205,0,3
11004,917,2025-12-31,205,205,0,0
11005,918,2025-01-31,155,155,0,0
11006,918,2025-02-28,155,155,0,0
11007,918,2025-03-31,155,154,0,1
11008,918,2025-04-30,154,153,0,1
11009,918,2025-05-31,153,290,137,0
11010,918,2025-06-30,290,366,80,4
11011,918,2025-07-31,366,366,0,0
11012,918,2025-08-31,366,363,0,3
11013,918,2025-09-30,363,363,0,0
11014,918,2025-10-31,363,363,0,0
11015,918,2025-11-30,363,362,0,1
11016,918,2025-12-31,362,362,0,0
11017,919,2025-01-31,190,190,0,0
11018,919,2025-02-28,190,190,0,0
11019,919,2025-03-31,190,190,0,0
11020,919,2025-04-30,190,190,0,0
11021,919,2025-05-31,190,188,0,2
11022,919,2025-06-30,188,188,0,0
11023,919,2025-07-31,188,188,0,0
11024,919,2025-08-31,188,188,0,0
11025,919,2025-09-30,188,188,0,0
11026,919,2025-10-31,188,188,0,0
11027,919,2025-11-30,188,188,0,0
11028,919,2025-12-31,188,188,0,0
11029,920,2025-01-31,164,163,0,1
11030,920,2025-02-28,163,163,0,0
11031,920,2025-03-31,163,163,0,0
11032,920,2025-04-30,163,163,0,0
11033,920,2025-05-31,163,162,0,1
11034,920,2025-06-30,162,161,0,1
11035,920,2025-07-31,161,201,41,1
11036,920,2025-08-31,201,199,0,2
11037,920,2025-09-30,199,255,56,0
11038,920,2025-10-31,255,255,0,0
11039,920,2025-11-30,255,395,140,0
11040,920,2025-12-31,395,395,0,0
11041,921,2025-01-31,129,129,0,0
11042,921,2025-02-28,129,126,0,3
11043,921,2025-03-31,126,126,0,0
11044,921,2025-04-30,126,126,0,0
11045,921,2025-05-31,126,124,0,2
11046,921,2025-06-30,124,124,0,0
11047,921,2025-07-31,124,223,99,0
11048,921,2025-08-31,223,223,0,0
11049,921,2025-09-30,223,223,0,0
11050,921,2025-10-31,223,223,0,0
11051,921,2025-11-30,223,223,0,0
11052,921,2025-12-31,223,223,0,0
11053,922,2025-01-31,204,202,0,2
11054,922,2025-02-28,202,202,0,0
11055,922,2025-03-31,202,202,0,0
11056,922,2025-04-30,202,200,0,2
11057,922,2025-05-31,200,200,0,0
11058,922,2025-06-30,200,200,0,0
11059,922,2025-07-31,200,200,0,0
11060,922,2025-08-31,200,303,103,0
11061,922,2025-09-30,303,303,0,0
11062,922,2025-10-31,303,455,153,1
11063,922,2025-11-30,455,454,0,1
11064,922,2025-12-31,454,453,0,1
11065,923,2025-01-31,66,65,0,1
11066,923,2025-02-28,65,146,81,0
11067,923,2025-03-31,146,146,0,0
11068,923,2025-04-30,146,146,0,0
11069,923,2025-05-31,146,145,0,1
11070,923,2025-06-30,145,145,0,0
11071,923,2025-07-31,145,143,0,2
11072,923,2025-08-31,143,143,0,0
11073,923,2025-09-30,143,142,0,1
11074,923,2025-10-31,142,142,0,0
11075,923,2025-11-30,142,140,0,2
11076,923,2025-12-31,140,138,0,2
11077,924,2025-01-31,114,164,50,0
11078,924,2025-02-28,164,164,0,0
11079,924,2025-03-31,164,164,0,0
11080,924,2025-04-30,164,309,146,1
11081,924,2025-05-31,309,453,144,0
11082,924,2025-06-30,453,453,0,0
11083,924,2025-07-31,453,453,0,0
11084,924,2025-08-31,453,451,0,2
11085,924,2025-09-30,451,450,0,1
11086,924,2025-10-31,450,450,0,0
11087,924,2025-11-30,450,450,0,0
11088,924,2025-12-31,450,450,0,0
11089,925,2025-01-31,74,73,0,1
11090,925,2025-02-28,73,73,0,0
11091,925,2025-03-31,73,73,0,0
11092,925,2025-04-30,73,73,0,0
11093,925,2025-05-31,73,73,0,0
11094,925,2025-06-30,73,73,0,0
11095,925,2025-07-31,73,73,0,0
11096,925,2025-08-31,73,72,0,1
11097,925,2025-09-30,72,72,0,0
11098,925,2025-10-31,72,71,0,1
11099,925,2025-11-30,71,70,0,1
11100,925,2025-12-31,70,70,0,0
11101,926,2025-01-31,206,206,0,0
11102,926,2025-02-28,206,206,0,0
11103,926,2025-03-31,206,204,0,2
11104,926,2025-04-30,204,245,41,0
11105,926,2025-05-31,245,245,0,0
11106,926,2025-06-30,245,360,115,0
11107,926,2025-07-31,360,360,0,0
11108,926,2025-08-31,360,359,0,1
11109,926,2025-09-30,359,443,84,0
11110,926,2025-10-31,443,443,0,0
11111,926,2025-11-30,443,443,0,0
11112,926,2025-12-31,443,443,0,0
11113,927,2025-01-31,206,206,0,0
11114,927,2025-02-28,206,206,0,0
11115,927,2025-03-31,206,206,0,0
11116,927,2025-04-30,206,206,0,0
11117,927,2025-05-31,206,206,0,0
11118,927,2025-06-30,206,206,0,0
11119,927,2025-07-31,206,316,110,0
11120,927,2025-08-31,316,316,0,0
11121,927,2025-09-30,316,316,0,0
11122,927,2025-10-31,316,316,0,0
11123,927,2025-11-30,316,315,0,1
11124,927,2025-12-31,315,314,0,1
11125,928,2025-01-31,192,191,0,1
11126,928,2025-02-28,191,191,0,0
11127,928,2025-03-31,191,264,73,0
11128,928,2025-04-30,264,307,43,0
11129,928,2025-05-31,307,306,0,1
11130,928,2025-06-30,306,306,0,0
11131,928,2025-07-31,306,304,0,2
11132,928,2025-08-31,304,304,0,0
11133,928,2025-09-30,304,304,0,0
11134,928,2025-10-31,304,408,106,2
11135,928,2025-11-30,408,407,0,1
11136,928,2025-12-31,407,407,0,0
11137,929,2025-01-31,178,178,0,0
11138,929,2025-02-28,178,283,105,0
11139,929,2025-03-31,283,283,0,0
11140,929,2025-04-30,283,283,0,0
11141,929,2025-05-31,283,283,0,0
11142,929,2025-06-30,283,283,0,0
11143,929,2025-07-31,283,282,0,1
11144,929,2025-08-31,282,280,0,2
11145,929,2025-09-30,280,280,0,0
11146,929,2025-10-31,280,278,0,2
11147,929,2025-11-30,278,278,0,0
11148,929,2025-12-31,278,278,0,0
11149,930,2025-01-31,137,256,119,0
11150,930,2025-02-28,256,249,0,7
11151,930,2025-03-31,249,249,0,0
11152,930,2025-04-30,249,249,0,0
11153,930,2025-05-31,249,249,0,0
11154,930,2025-06-30,249,249,0,0
11155,930,2025-07-31,249,248,0,1
11156,930,2025-08-31,248,248,0,0
11157,930,2025-09-30,248,343,95,0
11158,930,2025-10-31,343,341,0,2
11159,930,2025-11-30,341,341,0,0
11160,930,2025-12-31,341,341,0,0
11161,931,2025-01-31,186,186,0,0
11162,931,2025-02-28,186,186,0,0
11163,931,2025-03-31,186,184,0,2
11164,931,2025-04-30,184,184,0,0
11165,931,2025-05-31,184,310,126,0
11166,931,2025-06-30,310,308,0,2
11167,931,2025-07-31,308,308,0,0
11168,931,2025-08-31,308,308,0,0
11169,931,2025-09-30,308,307,0,1
11170,931,2025-10-31,307,307,0,0
11171,931,2025-11-30,307,307,0,0
11172,931,2025-12-31,307,307,0,0
11173,932,2025-01-31,204,203,0,1
11174,932,2025-02-28,203,203,0,0
11175,932,2025-03-31,203,203,0,0
11176,932,2025-04-30,203,200,0,3
11177,932,2025-05-31,200,200,0,0
11178,932,2025-06-30,200,200,0,0
11179,932,2025-07-31,200,200,0,0
11180,932,2025-08-31,200,283,83,0
11181,932,2025-09-30,283,282,0,1
11182,932,2025-10-31,282,282,0,0
11183,932,2025-11-30,282,375,93,0
11184,932,2025-12-31,375,372,0,3
11185,933,2025-01-31,145,145,0,0
11186,933,2025-02-28,145,145,0,0
11187,933,2025-03-31,145,143,0,2
11188,933,2025-04-30,143,141,0,2
11189,933,2025-05-31,141,140,0,1
11190,933,2025-06-30,140,140,0,0
11191,933,2025-07-31,140,282,142,0
11192,933,2025-08-31,282,282,0,0
11193,933,2025-09-30,282,281,0,1
11194,933,2025-10-31,281,281,0,0
11195,933,2025-11-30,281,279,0,2
11196,933,2025-12-31,279,277,0,2
11197,934,2025-01-31,82,82,0,0
11198,934,2025-02-28,82,80,0,2
11199,934,2025-03-31,80,219,139,0
11200,934,2025-04-30,219,219,0,0
11201,934,2025-05-31,219,214,0,5
11202,934,2025-06-30,214,212,0,2
11203,934,2025-07-31,212,212,0,0
11204,934,2025-08-31,212,212,0,0
11205,934,2025-09-30,212,212,0,0
11206,934,2025-10-31,212,210,0,2
11207,934,2025-11-30,210,272,62,0
11208,934,2025-12-31,272,269,0,3
11209,935,2025-01-31,107,151,44,0
11210,935,2025-02-28,151,288,138,1
11211,935,2025-03-31,288,286,0,2
11212,935,2025-04-30,286,286,0,0
11213,935,2025-05-31,286,285,0,1
11214,935,2025-06-30,285,350,66,1
11215,935,2025-07-31,350,350,0,0
11216,935,2025-08-31,350,350,0,0
11217,935,2025-09-30,350,488,138,0
11218,935,2025-10-31,488,488,0,0
11219,935,2025-11-30,488,487,0,1
11220,935,2025-12-31,487,484,0,3
11221,936,2025-01-31,147,146,0,1
11222,936,2025-02-28,146,145,0,1
11223,936,2025-03-31,145,206,61,0
11224,936,2025-04-30,206,203,0,3
11225,936,2025-05-31,203,202,0,1
11226,936,2025-06-30,202,201,0,1
11227,936,2025-07-31,201,201,0,0
11228,936,2025-08-31,201,201,0,0
11229,936,2025-09-30,201,198,0,3
11230,936,2025-10-31,198,198,0,0
11231,936,2025-11-30,198,262,64,0
11232,936,2025-12-31,262,262,0,0
11233,937,2025-01-31,161,289,128,0
11234,937,2025-02-28,289,444,156,1
11235,937,2025-03-31,444,444,0,0
11236,937,2025-04-30,444,444,0,0
11237,937,2025-05-31,444,444,0,0
11238,937,2025-06-30,444,595,151,0
11239,937,2025-07-31,595,595,0,0
11240,937,2025-08-31,595,595,0,0
11241,937,2025-09-30,595,595,0,0
11242,937,2025-10-31,595,703,112,4
11243,937,2025-11-30,703,703,0,0
11244,937,2025-12-31,703,703,0,0
11245,938,2025-01-31,150,150,0,0
11246,938,2025-02-28,150,242,94,2
11247,938,2025-03-31,242,242,0,0
11248,938,2025-04-30,242,242,0,0
11249,938,2025-05-31,242,242,0,0
11250,938,2025-06-30,242,242,0,0
11251,938,2025-07-31,242,242,0,0
11252,938,2025-08-31,242,242,0,0
11253,938,2025-09-30,242,281,41,2
11254,938,2025-10-31,281,281,0,0
11255,938,2025-11-30,281,281,0,0
11256,938,2025-12-31,281,281,0,0
11257,939,2025-01-31,116,116,0,0
11258,939,2025-02-28,116,116,0,0
11259,939,2025-03-31,116,116,0,0
11260,939,2025-04-30,116,116,0,0
11261,939,2025-05-31,116,116,0,0
11262,939,2025-06-30,116,115,0,1
11263,939,2025-07-31,115,113,0,2
11264,939,2025-08-31,113,113,0,0
11265,939,2025-09-30,113,113,0,0
11266,939,2025-10-31,113,113,0,0
11267,939,2025-11-30,113,112,0,1
11268,939,2025-12-31,112,244,132,0
11269,940,2025-01-31,104,103,0,1
11270,940,2025-02-28,103,103,0,0
11271,940,2025-03-31,103,103,0,0
11272,940,2025-04-30,103,103,0,0
11273,940,2025-05-31,103,101,0,2
11274,940,2025-06-30,101,101,0,0
11275,940,2025-07-31,101,155,55,1
11276,940,2025-08-31,155,153,0,2
11277,940,2025-09-30,153,228,77,2
11278,940,2025-10-31,228,228,0,0
11279,940,2025-11-30,228,227,0,1
11280,940,2025-12-31,227,227,0,0
11281,941,2025-01-31,126,126,0,0
11282,941,2025-02-28,126,126,0,0
11283,941,2025-03-31,126,126,0,0
11284,941,2025-04-30,126,120,0,6
11285,941,2025-05-31,120,118,0,2
11286,941,2025-06-30,118,207,89,0
11287,941,2025-07-31,207,207,0,0
11288,941,2025-08-31,207,207,0,0
11289,941,2025-09-30,207,323,116,0
11290,941,2025-10-31,323,413,92,2
11291,941,2025-11-30,413,413,0,0
11292,941,2025-12-31,413,411,0,2
11293,942,2025-01-31,178,178,0,0
11294,942,2025-02-28,178,225,47,0
11295,942,2025-03-31,225,225,0,0
11296,942,2025-04-30,225,224,0,1
11297,942,2025-05-31,224,224,0,0
11298,942,2025-06-30,224,224,0,0
11299,942,2025-07-31,224,221,0,3
11300,942,2025-08-31,221,221,0,0
11301,942,2025-09-30,221,315,95,1
11302,942,2025-10-31,315,315,0,0
11303,942,2025-11-30,315,469,154,0
11304,942,2025-12-31,469,597,128,0
11305,943,2025-01-31,117,217,100,0
11306,943,2025-02-28,217,217,0,0
11307,943,2025-03-31,217,217,0,0
11308,943,2025-04-30,217,217,0,0
11309,943,2025-05-31,217,217,0,0
11310,943,2025-06-30,217,217,0,0
11311,943,2025-07-31,217,217,0,0
11312,943,2025-08-31,217,217,0,0
11313,943,2025-09-30,217,217,0,0
11314,943,2025-10-31,217,217,0,0
11315,943,2025-11-30,217,217,0,0
11316,943,2025-12-31,217,297,80,0
11317,944,2025-01-31,196,193,0,3
11318,944,2025-02-28,193,190,0,3
11319,944,2025-03-31,190,190,0,0
11320,944,2025-04-30,190,187,0,3
11321,944,2025-05-31,187,185,0,2
11322,944,2025-06-30,185,185,0,0
11323,944,2025-07-31,185,185,0,0
11324,944,2025-08-31,185,321,138,2
11325,944,2025-09-30,321,321,0,0
11326,944,2025-10-31,321,321,0,0
11327,944,2025-11-30,321,321,0,0
11328,944,2025-12-31,321,319,0,2
11329,945,2025-01-31,218,216,0,2
11330,945,2025-02-28,216,216,0,0
11331,945,2025-03-31,216,216,0,0
11332,945,2025-04-30,216,216,0,0
11333,945,2025-05-31,216,216,0,0
11334,945,2025-06-30,216,216,0,0
11335,945,2025-07-31,216,335,119,0
11336,945,2025-08-31,335,330,0,5
11337,945,2025-09-30,330,408,78,0
11338,945,2025-10-31,408,528,120,0
11339,945,2025-11-30,528,611,83,0
11340,945,2025-12-31,611,610,0,1
11341,946,2025-01-31,205,205,0,0
11342,946,2025-02-28,205,205,0,0
11343,946,2025-03-31,205,205,0,0
11344,946,2025-04-30,205,204,0,1
11345,946,2025-05-31,204,353,149,0
11346,946,2025-06-30,353,353,0,0
11347,946,2025-07-31,353,405,52,0
11348,946,2025-08-31,405,404,0,1
11349,946,2025-09-30,404,404,0,0
11350,946,2025-10-31,404,402,0,2
11351,946,2025-11-30,402,518,118,2
11352,946,2025-12-31,518,515,0,3
11353,947,2025-01-31,176,174,0,2
11354,947,2025-02-28,174,172,0,2
11355,947,2025-03-31,172,172,0,0
11356,947,2025-04-30,172,172,0,0
11357,947,2025-05-31,172,172,0,0
11358,947,2025-06-30,172,168,0,4
11359,947,2025-07-31,168,229,63,2
11360,947,2025-08-31,229,297,68,0
11361,947,2025-09-30,297,297,0,0
11362,947,2025-10-31,297,297,0,0
11363,947,2025-11-30,297,297,0,0
11364,947,2025-12-31,297,355,58,0
11365,948,2025-01-31,111,111,0,0
11366,948,2025-02-28,111,111,0,0
11367,948,2025-03-31,111,109,0,2
11368,948,2025-04-30,109,105,0,4
11369,948,2025-05-31,105,104,0,1
11370,948,2025-06-30,104,104,0,0
11371,948,2025-07-31,104,102,0,2
11372,948,2025-08-31,102,102,0,0
11373,948,2025-09-30,102,101,0,1
11374,948,2025-10-31,101,101,0,0
11375,948,2025-11-30,101,225,124,0
11376,948,2025-12-31,225,225,0,0
11377,949,2025-01-31,169,166,0,3
11378,949,2025-02-28,166,164,0,2
11379,949,2025-03-31,164,164,0,0
11380,949,2025-04-30,164,161,0,3
11381,949,2025-05-31,161,161,0,0
11382,949,2025-06-30,161,161,0,0
11383,949,2025-07-31,161,160,0,1
11384,949,2025-08-31,160,205,46,1
11385,949,2025-09-30,205,204,0,1
11386,949,2025-10-31,204,204,0,0
11387,949,2025-11-30,204,204,0,0
11388,949,2025-12-31,204,298,96,2
11389,950,2025-01-31,75,74,0,1
11390,950,2025-02-28,74,228,154,0
11391,950,2025-03-31,228,227,0,1
11392,950,2025-04-30,227,227,0,0
11393,950,2025-05-31,227,227,0,0
11394,950,2025-06-30,227,227,0,0
11395,950,2025-07-31,227,226,0,1
11396,950,2025-08-31,226,226,0,0
11397,950,2025-09-30,226,226,0,0
11398,950,2025-10-31,226,226,0,0
11399,950,2025-11-30,226,224,0,2
11400,950,2025-12-31,224,224,0,0
11401,951,2025-01-31,95,95,0,0
11402,951,2025-02-28,95,187,92,0
11403,951,2025-03-31,187,187,0,0
11404,951,2025-04-30,187,187,0,0
11405,951,2025-05-31,187,243,56,0
11406,951,2025-06-30,243,356,113,0
11407,951,2025-07-31,356,461,105,0
11408,951,2025-08-31,461,461,0,0
11409,951,2025-09-30,461,539,78,0
11410,951,2025-10-31,539,539,0,0
11411,951,2025-11-30,539,539,0,0
11412,951,2025-12-31,539,538,0,1
11413,952,2025-01-31,111,111,0,0
11414,952,2025-02-28,111,111,0,0
11415,952,2025-03-31,111,111,0,0
11416,952,2025-04-30,111,208,97,0
11417,952,2025-05-31,208,208,0,0
11418,952,2025-06-30,208,208,0,0
11419,952,2025-07-31,208,208,0,0
11420,952,2025-08-31,208,208,0,0
11421,952,2025-09-30,208,206,0,2
11422,952,2025-10-31,206,205,0,1
11423,952,2025-11-30,205,205,0,0
11424,952,2025-12-31,205,310,105,0
11425,953,2025-01-31,158,158,0,0
11426,953,2025-02-28,158,158,0,0
11427,953,2025-03-31,158,158,0,0
11428,953,2025-04-30,158,158,0,0
11429,953,2025-05-31,158,158,0,0
11430,953,2025-06-30,158,158,0,0
11431,953,2025-07-31,158,158,0,0
11432,953,2025-08-31,158,158,0,0
11433,953,2025-09-30,158,158,0,0
11434,953,2025-10-31,158,158,0,0
11435,953,2025-11-30,158,158,0,0
11436,953,2025-12-31,158,210,54,2
11437,954,2025-01-31,193,193,0,0
11438,954,2025-02-28,193,191,0,2
11439,954,2025-03-31,191,190,0,1
11440,954,2025-04-30,190,190,0,0
11441,954,2025-05-31,190,187,0,3
11442,954,2025-06-30,187,187,0,0
11443,954,2025-07-31,187,276,89,0
11444,954,2025-08-31,276,276,0,0
11445,954,2025-09-30,276,276,0,0
11446,954,2025-10-31,276,273,0,3
11447,954,2025-11-30,273,269,0,4
11448,954,2025-12-31,269,323,54,0
11449,955,2025-01-31,214,214,0,0
11450,955,2025-02-28,214,212,0,2
11451,955,2025-03-31,212,212,0,0
11452,955,2025-04-30,212,212,0,0
11453,955,2025-05-31,212,212,0,0
11454,955,2025-06-30,212,211,0,1
11455,955,2025-07-31,211,209,0,2
11456,955,2025-08-31,209,209,0,0
11457,955,2025-09-30,209,305,96,0
11458,955,2025-10-31,305,305,0,0
11459,955,2025-11-30,305,305,0,0
11460,955,2025-12-31,305,304,0,1
11461,956,2025-01-31,117,111,0,6
11462,956,2025-02-28,111,111,0,0
11463,956,2025-03-31,111,268,158,1
11464,956,2025-04-30,268,371,103,0
11465,956,2025-05-31,371,371,0,0
11466,956,2025-06-30,371,452,82,1
11467,956,2025-07-31,452,452,0,0
11468,956,2025-08-31,452,452,0,0
11469,956,2025-09-30,452,452,0,0
11470,956,2025-10-31,452,452,0,0
11471,956,2025-11-30,452,569,117,0
11472,956,2025-12-31,569,568,0,1
11473,957,2025-01-31,180,180,0,0
11474,957,2025-02-28,180,303,123,0
11475,957,2025-03-31,303,299,0,4
11476,957,2025-04-30,299,299,0,0
11477,957,2025-05-31,299,299,0,0
11478,957,2025-06-30,299,298,0,1
11479,957,2025-07-31,298,296,0,2
11480,957,2025-08-31,296,399,103,0
11481,957,2025-09-30,399,399,0,0
11482,957,2025-10-31,399,399,0,0
11483,957,2025-11-30,399,441,42,0
11484,957,2025-12-31,441,571,130,0
11485,958,2025-01-31,213,212,0,1
11486,958,2025-02-28,212,340,128,0
11487,958,2025-03-31,340,340,0,0
11488,958,2025-04-30,340,340,0,0
11489,958,2025-05-31,340,337,0,3
11490,958,2025-06-30,337,337,0,0
11491,958,2025-07-31,337,337,0,0
11492,958,2025-08-31,337,334,0,3
11493,958,2025-09-30,334,334,0,0
11494,958,2025-10-31,334,334,0,0
11495,958,2025-11-30,334,332,0,2
11496,958,2025-12-31,332,332,0,0
11497,959,2025-01-31,63,155,96,4
11498,959,2025-02-28,155,154,0,1
11499,959,2025-03-31,154,154,0,0
11500,959,2025-04-30,154,154,0,0
11501,959,2025-05-31,154,151,0,3
11502,959,2025-06-30,151,151,0,0
11503,959,2025-07-31,151,250,101,2
11504,959,2025-08-31,250,250,0,0
11505,959,2025-09-30,250,250,0,0
11506,959,2025-10-31,250,250,0,0
11507,959,2025-11-30,250,249,0,1
11508,959,2025-12-31,249,294,45,0
11509,960,2025-01-31,82,82,0,0
11510,960,2025-02-28,82,82,0,0
11511,960,2025-03-31,82,82,0,0
11512,960,2025-04-30,82,81,0,1
11513,960,2025-05-31,81,81,0,0
11514,960,2025-06-30,81,186,105,0
11515,960,2025-07-31,186,186,0,0
11516,960,2025-08-31,186,186,0,0
11517,960,2025-09-30,186,186,0,0
11518,960,2025-10-31,186,186,0,0
11519,960,2025-11-30,186,186,0,0
11520,960,2025-12-31,186,186,0,0
11521,961,2025-01-31,170,170,0,0
11522,961,2025-02-28,170,170,0,0
11523,961,2025-03-31,170,170,0,0
11524,961,2025-04-30,170,218,50,2
11525,961,2025-05-31,218,217,0,1
11526,961,2025-06-30,217,343,127,1
11527,961,2025-07-31,343,343,0,0
11528,961,2025-08-31,343,340,0,3
11529,961,2025-09-30,340,340,0,0
11530,961,2025-10-31,340,340,0,0
11531,961,2025-11-30,340,340,0,0
11532,961,2025-12-31,340,340,0,0
11533,962,2025-01-31,119,117,0,2
11534,962,2025-02-28,117,117,0,0
11535,962,2025-03-31,117,116,0,1
11536,962,2025-04-30,116,274,158,0
11537,962,2025-05-31,274,274,0,0
11538,962,2025-06-30,274,274,0,0
11539,962,2025-07-31,274,274,0,0
11540,962,2025-08-31,274,274,0,0
11541,962,2025-09-30,274,274,0,0
11542,962,2025-10-31,274,423,149,0
11543,962,2025-11-30,423,423,0,0
11544,962,2025-12-31,423,423,0,0
11545,963,2025-01-31,176,174,0,2
11546,963,2025-02-28,174,174,0,0
11547,963,2025-03-31,174,174,0,0
11548,963,2025-04-30,174,174,0,0
11549,963,2025-05-31,174,172,0,2
11550,963,2025-06-30,172,229,62,5
11551,963,2025-07-31,229,229,0,0
11552,963,2025-08-31,229,229,0,0
11553,963,2025-09-30,229,229,0,0
11554,963,2025-10-31,229,226,0,3
11555,963,2025-11-30,226,226,0,0
11556,963,2025-12-31,226,343,117,0
11557,964,2025-01-31,79,207,128,0
11558,964,2025-02-28,207,207,0,0
11559,964,2025-03-31,207,260,55,2
11560,964,2025-04-30,260,260,0,0
11561,964,2025-05-31,260,260,0,0
11562,964,2025-06-30,260,259,0,1
11563,964,2025-07-31,259,259,0,0
11564,964,2025-08-31,259,259,0,0
11565,964,2025-09-30,259,259,0,0
11566,964,2025-10-31,259,259,0,0
11567,964,2025-11-30,259,259,0,0
11568,964,2025-12-31,259,259,0,0
11569,965,2025-01-31,64,61,0,3
11570,965,2025-02-28,61,61,0,0
11571,965,2025-03-31,61,61,0,0
11572,965,2025-04-30,61,61,0,0
11573,965,2025-05-31,61,59,0,2
11574,965,2025-06-30,59,59,0,0
11575,965,2025-07-31,59,59,0,0
11576,965,2025-08-31,59,59,0,0
11577,965,2025-09-30,59,56,0,3
11578,965,2025-10-31,56,55,0,1
11579,965,2025-11-30,55,55,0,0
11580,965,2025-12-31,55,55,0,0
11581,966,2025-01-31,158,241,85,2
11582,966,2025-02-28,241,241,0,0
11583,966,2025-03-31,241,241,0,0
11584,966,2025-04-30,241,241,0,0
11585,966,2025-05-31,241,241,0,0
11586,966,2025-06-30,241,241,0,0
11587,966,2025-07-31,241,241,0,0
11588,966,2025-08-31,241,241,0,0
11589,966,2025-09-30,241,241,0,0
11590,966,2025-10-31,241,241,0,0
11591,966,2025-11-30,241,334,93,0
11592,966,2025-12-31,334,397,64,1
11593,967,2025-01-31,177,177,0,0
11594,967,2025-02-28,177,177,0,0
11595,967,2025-03-31,177,311,134,0
11596,967,2025-04-30,311,309,0,2
11597,967,2025-05-31,309,309,0,0
11598,967,2025-06-30,309,308,0,1
11599,967,2025-07-31,308,308,0,0
11600,967,2025-08-31,308,308,0,0
11601,967,2025-09-30,308,308,0,0
11602,967,2025-10-31,308,443,135,0
11603,967,2025-11-30,443,443,0,0
11604,967,2025-12-31,443,441,0,2
11605,968,2025-01-31,63,63,0,0
11606,968,2025-02-28,63,63,0,0
11607,968,2025-03-31,63,63,0,0
11608,968,2025-04-30,63,126,64,1
11609,968,2025-05-31,126,123,0,3
11610,968,2025-06-30,123,123,0,0
11611,968,2025-07-31,123,123,0,0
11612,968,2025-08-31,123,184,61,0
11613,968,2025-09-30,184,340,156,0
11614,968,2025-10-31,340,339,0,1
11615,968,2025-11-30,339,339,0,0
11616,968,2025-12-31,339,339,0,0
11617,969,2025-01-31,62,62,0,0
11618,969,2025-02-28,62,62,0,0
11619,969,2025-03-31,62,62,0,0
11620,969,2025-04-30,62,60,0,2
11621,969,2025-05-31,60,131,71,0
11622,969,2025-06-30,131,128,0,3
11623,969,2025-07-31,128,128,0,0
11624,969,2025-08-31,128,128,0,0
11625,969,2025-09-30,128,247,119,0
11626,969,2025-10-31,247,354,110,3
11627,969,2025-11-30,354,354,0,0
11628,969,2025-12-31,354,354,0,0
11629,970,2025-01-31,171,290,122,3
11630,970,2025-02-28,290,290,0,0
11631,970,2025-03-31,290,290,0,0
11632,970,2025-04-30,290,290,0,0
11633,970,2025-05-31,290,288,0,2
11634,970,2025-06-30,288,288,0,0
11635,970,2025-07-31,288,287,0,1
11636,970,2025-08-31,287,286,0,1
11637,970,2025-09-30,286,286,0,0
11638,970,2025-10-31,286,286,0,0
11639,970,2025-11-30,286,286,0,0
11640,970,2025-12-31,286,284,0,2
11641,971,2025-01-31,114,110,0,4
11642,971,2025-02-28,110,110,0,0
11643,971,2025-03-31,110,166,58,2
11644,971,2025-04-30,166,166,0,0
11645,971,2025-05-31,166,281,115,0
11646,971,2025-06-30,281,281,0,0
11647,971,2025-07-31,281,281,0,0
11648,971,2025-08-31,281,281,0,0
11649,971,2025-09-30,281,280,0,1
11650,971,2025-10-31,280,280,0,0
11651,971,2025-11-30,280,279,0,1
11652,971,2025-12-31,279,279,0,0
11653,972,2025-01-31,201,201,0,0
11654,972,2025-02-28,201,201,0,0
11655,972,2025-03-31,201,200,0,1
11656,972,2025-04-30,200,200,0,0
11657,972,2025-05-31,200,200,0,0
11658,972,2025-06-30,200,197,0,3
11659,972,2025-07-31,197,197,0,0
11660,972,2025-08-31,197,197,0,0
11661,972,2025-09-30,197,196,0,1
11662,972,2025-10-31,196,196,0,0
11663,972,2025-11-30,196,343,147,0
11664,972,2025-12-31,343,343,0,0
11665,973,2025-01-31,67,67,0,0
11666,973,2025-02-28,67,67,0,0
11667,973,2025-03-31,67,149,82,0
11668,973,2025-04-30,149,149,0,0
11669,973,2025-05-31,149,149,0,0
11670,973,2025-06-30,149,149,0,0
11671,973,2025-07-31,149,149,0,0
11672,973,2025-08-31,149,223,74,0
11673,973,2025-09-30,223,317,94,0
11674,973,2025-10-31,317,316,0,1
11675,973,2025-11-30,316,316,0,0
11676,973,2025-12-31,316,316,0,0
11677,974,2025-01-31,167,287,120,0
11678,974,2025-02-28,287,329,42,0
11679,974,2025-03-31,329,391,64,2
11680,974,2025-04-30,391,391,0,0
11681,974,2025-05-31,391,549,158,0
11682,974,2025-06-30,549,549,0,0
11683,974,2025-07-31,549,549,0,0
11684,974,2025-08-31,549,549,0,0
11685,974,2025-09-30,549,549,0,0
11686,974,2025-10-31,549,633,87,3
11687,974,2025-11-30,633,633,0,0
11688,974,2025-12-31,633,633,0,0
11689,975,2025-01-31,72,215,145,2
11690,975,2025-02-28,215,350,135,0
11691,975,2025-03-31,350,349,0,1
11692,975,2025-04-30,349,508,159,0
11693,975,2025-05-31,508,508,0,0
11694,975,2025-06-30,508,550,43,1
11695,975,2025-07-31,550,706,156,0
11696,975,2025-08-31,706,706,0,0
11697,975,2025-09-30,706,706,0,0
11698,975,2025-10-31,706,801,97,2
11699,975,2025-11-30,801,801,0,0
11700,975,2025-12-31,801,800,0,1
11701,976,2025-01-31,219,216,0,3
11702,976,2025-02-28,216,214,0,2
11703,976,2025-03-31,214,214,0,0
11704,976,2025-04-30,214,212,0,2
11705,976,2025-05-31,212,212,0,0
11706,976,2025-06-30,212,212,0,0
11707,976,2025-07-31,212,212,0,0
11708,976,2025-08-31,212,212,0,0
11709,976,2025-09-30,212,212,0,0
11710,976,2025-10-31,212,212,0,0
11711,976,2025-11-30,212,209,0,3
11712,976,2025-12-31,209,208,0,1
11713,977,2025-01-31,104,103,0,1
11714,977,2025-02-28,103,103,0,0
11715,977,2025-03-31,103,100,0,3
11716,977,2025-04-30,100,155,55,0
11717,977,2025-05-31,155,251,96,0
11718,977,2025-06-30,251,371,120,0
11719,977,2025-07-31,371,366,0,5
11720,977,2025-08-31,366,463,97,0
11721,977,2025-09-30,463,611,148,0
11722,977,2025-10-31,611,611,0,0
11723,977,2025-11-30,611,608,0,3
11724,977,2025-12-31,608,608,0,0
11725,978,2025-01-31,134,134,0,0
11726,978,2025-02-28,134,133,0,1
11727,978,2025-03-31,133,188,55,0
11728,978,2025-04-30,188,188,0,0
11729,978,2025-05-31,188,186,0,2
11730,978,2025-06-30,186,185,0,1
11731,978,2025-07-31,185,185,0,0
11732,978,2025-08-31,185,185,0,0
11733,978,2025-09-30,185,185,0,0
11734,978,2025-10-31,185,185,0,0
11735,978,2025-11-30,185,184,0,1
11736,978,2025-12-31,184,184,0,0
11737,979,2025-01-31,120,120,0,0
11738,979,2025-02-28,120,120,0,0
11739,979,2025-03-31,120,120,0,0
11740,979,2025-04-30,120,120,0,0
11741,979,2025-05-31,120,120,0,0
11742,979,2025-06-30,120,120,0,0
11743,979,2025-07-31,120,120,0,0
11744,979,2025-08-31,120,120,0,0
11745,979,2025-09-30,120,120,0,0
11746,979,2025-10-31,120,120,0,0
11747,979,2025-11-30,120,120,0,0
11748,979,2025-12-31,120,120,0,0
11749,980,2025-01-31,127,126,0,1
11750,980,2025-02-28,126,124,0,2
11751,980,2025-03-31,124,124,0,0
11752,980,2025-04-30,124,124,0,0
11753,980,2025-05-31,124,124,0,0
11754,980,2025-06-30,124,124,0,0
11755,980,2025-07-31,124,124,0,0
11756,980,2025-08-31,124,214,91,1
11757,980,2025-09-30,214,214,0,0
11758,980,2025-10-31,214,214,0,0
11759,980,2025-11-30,214,252,40,2
11760,980,2025-12-31,252,252,0,0
11761,981,2025-01-31,66,65,0,1
11762,981,2025-02-28,65,117,52,0
11763,981,2025-03-31,117,116,0,1
11764,981,2025-04-30,116,115,0,1
11765,981,2025-05-31,115,115,0,0
11766,981,2025-06-30,115,115,0,0
11767,981,2025-07-31,115,115,0,0
11768,981,2025-08-31,115,115,0,0
11769,981,2025-09-30,115,115,0,0
11770,981,2025-10-31,115,115,0,0
11771,981,2025-11-30,115,115,0,0
11772,981,2025-12-31,115,114,0,1
11773,982,2025-01-31,150,149,0,1
11774,982,2025-02-28,149,148,0,1
11775,982,2025-03-31,148,148,0,0
11776,982,2025-04-30,148,147,0,1
11777,982,2025-05-31,147,147,0,0
11778,982,2025-06-30,147,147,0,0
11779,982,2025-07-31,147,240,93,0
11780,982,2025-08-31,240,238,0,2
11781,982,2025-09-30,238,277,41,2
11782,982,2025-10-31,277,276,0,1
11783,982,2025-11-30,276,360,87,3
11784,982,2025-12-31,360,360,0,0
11785,983,2025-01-31,73,73,0,0
11786,983,2025-02-28,73,73,0,0
11787,983,2025-03-31,73,73,0,0
11788,983,2025-04-30,73,73,0,0
11789,983,2025-05-31,73,122,49,0
11790,983,2025-06-30,122,259,141,4
11791,983,2025-07-31,259,258,0,1
11792,983,2025-08-31,258,258,0,0
11793,983,2025-09-30,258,258,0,0
11794,983,2025-10-31,258,258,0,0
11795,983,2025-11-30,258,258,0,0
11796,983,2025-12-31,258,324,66,0
11797,984,2025-01-31,209,299,90,0
11798,984,2025-02-28,299,299,0,0
11799,984,2025-03-31,299,298,0,1
11800,984,2025-04-30,298,298,0,0
11801,984,2025-05-31,298,298,0,0
11802,984,2025-06-30,298,404,106,0
11803,984,2025-07-31,404,404,0,0
11804,984,2025-08-31,404,402,0,2
11805,984,2025-09-30,402,505,103,0
11806,984,2025-10-31,505,503,0,2
11807,984,2025-11-30,503,502,0,1
11808,984,2025-12-31,502,629,127,0
11809,985,2025-01-31,197,323,126,0
11810,985,2025-02-28,323,323,0,0
11811,985,2025-03-31,323,322,0,1
11812,985,2025-04-30,322,322,0,0
11813,985,2025-05-31,322,320,0,2
11814,985,2025-06-30,320,320,0,0
11815,985,2025-07-31,320,441,121,0
11816,985,2025-08-31,441,440,0,1
11817,985,2025-09-30,440,440,0,0
11818,985,2025-10-31,440,440,0,0
11819,985,2025-11-30,440,518,81,3
11820,985,2025-12-31,518,615,97,0
11821,986,2025-01-31,97,148,52,1
11822,986,2025-02-28,148,214,66,0
11823,986,2025-03-31,214,213,0,1
11824,986,2025-04-30,213,338,125,0
11825,986,2025-05-31,338,337,0,1
11826,986,2025-06-30,337,337,0,0
11827,986,2025-07-31,337,337,0,0
11828,986,2025-08-31,337,424,89,2
11829,986,2025-09-30,424,424,0,0
11830,986,2025-10-31,424,423,0,1
11831,986,2025-11-30,423,423,0,0
11832,986,2025-12-31,423,423,0,0
11833,987,2025-01-31,129,128,0,1
11834,987,2025-02-28,128,128,0,0
11835,987,2025-03-31,128,124,0,4
11836,987,2025-04-30,124,235,111,0
11837,987,2025-05-31,235,389,156,2
11838,987,2025-06-30,389,389,0,0
11839,987,2025-07-31,389,389,0,0
11840,987,2025-08-31,389,389,0,0
11841,987,2025-09-30,389,389,0,0
11842,987,2025-10-31,389,389,0,0
11843,987,2025-11-30,389,389,0,0
11844,987,2025-12-31,389,389,0,0
11845,988,2025-01-31,61,61,0,0
11846,988,2025-02-28,61,61,0,0
11847,988,2025-03-31,61,60,0,1
11848,988,2025-04-30,60,58,0,2
11849,988,2025-05-31,58,56,0,2
11850,988,2025-06-30,56,56,0,0
11851,988,2025-07-31,56,162,106,0
11852,988,2025-08-31,162,162,0,0
11853,988,2025-09-30,162,162,0,0
11854,988,2025-10-31,162,209,49,2
11855,988,2025-11-30,209,209,0,0
11856,988,2025-12-31,209,209,0,0
11857,989,2025-01-31,133,133,0,0
11858,989,2025-02-28,133,130,0,3
11859,989,2025-03-31,130,130,0,0
11860,989,2025-04-30,130,130,0,0
11861,989,2025-05-31,130,128,0,2
11862,989,2025-06-30,128,128,0,0
11863,989,2025-07-31,128,128,0,0
11864,989,2025-08-31,128,128,0,0
11865,989,2025-09-30,128,128,0,0
11866,989,2025-10-31,128,126,0,2
11867,989,2025-11-30,126,126,0,0
11868,989,2025-12-31,126,124,0,2
11869,990,2025-01-31,205,205,0,0
11870,990,2025-02-28,205,203,0,2
11871,990,2025-03-31,203,203,0,0
11872,990,2025-04-30,203,326,123,0
11873,990,2025-05-31,326,326,0,0
11874,990,2025-06-30,326,326,0,0
11875,990,2025-07-31,326,323,0,3
11876,990,2025-08-31,323,321,0,2
11877,990,2025-09-30,321,321,0,0
11878,990,2025-10-31,321,321,0,0
11879,990,2025-11-30,321,321,0,0
11880,990,2025-12-31,321,321,0,0
11881,991,2025-01-31,101,101,0,0
11882,991,2025-02-28,101,100,0,1
11883,991,2025-03-31,100,100,0,0
11884,991,2025-04-30,100,100,0,0
11885,991,2025-05-31,100,158,58,0
11886,991,2025-06-30,158,157,0,1
11887,991,2025-07-31,157,155,0,2
11888,991,2025-08-31,155,155,0,0
11889,991,2025-09-30,155,155,0,0
11890,991,2025-10-31,155,155,0,0
11891,991,2025-11-30,155,154,0,1
11892,991,2025-12-31,154,154,0,0
11893,992,2025-01-31,170,167,0,3
11894,992,2025-02-28,167,234,67,0
11895,992,2025-03-31,234,358,124,0
11896,992,2025-04-30,358,358,0,0
11897,992,2025-05-31,358,358,0,0
11898,992,2025-06-30,358,355,0,3
11899,992,2025-07-31,355,355,0,0
11900,992,2025-08-31,355,355,0,0
11901,992,2025-09-30,355,355,0,0
11902,992,2025-10-31,355,355,0,0
11903,992,2025-11-30,355,498,143,0
11904,992,2025-12-31,498,498,0,0
11905,993,2025-01-31,74,74,0,0
11906,993,2025-02-28,74,71,0,3
11907,993,2025-03-31,71,108,41,4
11908,993,2025-04-30,108,180,74,2
11909,993,2025-05-31,180,178,0,2
11910,993,2025-06-30,178,177,0,1
11911,993,2025-07-31,177,176,0,1
11912,993,2025-08-31,176,175,0,1
11913,993,2025-09-30,175,175,0,0
11914,993,2025-10-31,175,333,158,0
11915,993,2025-11-30,333,333,0,0
11916,993,2025-12-31,333,333,0,0
11917,994,2025-01-31,152,152,0,0
11918,994,2025-02-28,152,149,0,3
11919,994,2025-03-31,149,148,0,1
11920,994,2025-04-30,148,148,0,0
11921,994,2025-05-31,148,148,0,0
11922,994,2025-06-30,148,289,141,0
11923,994,2025-07-31,289,350,62,1
11924,994,2025-08-31,350,349,0,1
11925,994,2025-09-30,349,349,0,0
11926,994,2025-10-31,349,349,0,0
11927,994,2025-11-30,349,349,0,0
11928,994,2025-12-31,349,474,125,0
11929,995,2025-01-31,77,77,0,0
11930,995,2025-02-28,77,77,0,0
11931,995,2025-03-31,77,77,0,0
11932,995,2025-04-30,77,77,0,0
11933,995,2025-05-31,77,77,0,0
11934,995,2025-06-30,77,77,0,0
11935,995,2025-07-31,77,147,72,2
11936,995,2025-08-31,147,147,0,0
11937,995,2025-09-30,147,147,0,0
11938,995,2025-10-31,147,147,0,0
11939,995,2025-11-30,147,147,0,0
11940,995,2025-12-31,147,145,0,2
11941,996,2025-01-31,166,256,90,0
11942,996,2025-02-28,256,255,0,1
11943,996,2025-03-31,255,255,0,0
11944,996,2025-04-30,255,255,0,0
11945,996,2025-05-31,255,255,0,0
11946,996,2025-06-30,255,255,0,0
11947,996,2025-07-31,255,315,60,0
11948,996,2025-08-31,315,455,140,0
11949,996,2025-09-30,455,455,0,0
11950,996,2025-10-31,455,455,0,0
11951,996,2025-11-30,455,452,0,3
11952,996,2025-12-31,452,452,0,0
11953,997,2025-01-31,73,73,0,0
11954,997,2025-02-28,73,181,108,0
11955,997,2025-03-31,181,181,0,0
11956,997,2025-04-30,181,181,0,0
11957,997,2025-05-31,181,181,0,0
11958,997,2025-06-30,181,181,0,0
11959,997,2025-07-31,181,179,0,2
11960,997,2025-08-31,179,179,0,0
11961,997,2025-09-30,179,232,53,0
11962,997,2025-10-31,232,232,0,0
11963,997,2025-11-30,232,231,0,1
11964,997,2025-12-31,231,231,0,0
11965,998,2025-01-31,148,148,0,0
11966,998,2025-02-28,148,148,0,0
11967,998,2025-03-31,148,147,0,1
11968,998,2025-04-30,147,147,0,0
11969,998,2025-05-31,147,146,0,1
11970,998,2025-06-30,146,146,0,0
11971,998,2025-07-31,146,140,0,6
11972,998,2025-08-31,140,140,0,0
11973,998,2025-09-30,140,140,0,0
11974,998,2025-10-31,140,140,0,0
11975,998,2025-11-30,140,140,0,0
11976,998,2025-12-31,140,236,96,0
11977,999,2025-01-31,141,141,0,0
11978,999,2025-02-28,141,141,0,0
11979,999,2025-03-31,141,193,52,0
11980,999,2025-04-30,193,193,0,0
11981,999,2025-05-31,193,191,0,2
11982,999,2025-06-30,191,191,0,0
11983,999,2025-07-31,191,330,139,0
11984,999,2025-08-31,330,327,0,3
11985,999,2025-09-30,327,389,64,2
11986,999,2025-10-31,389,452,66,3
11987,999,2025-11-30,452,452,0,0
11988,999,2025-12-31,452,452,0,0
11989,1000,2025-01-31,218,218,0,0
11990,1000,2025-02-28,218,218,0,0
11991,1000,2025-03-31,218,218,0,0
11992,1000,2025-04-30,218,218,0,0
11993,1000,2025-05-31,218,216,0,2
11994,1000,2025-06-30,216,269,53,0
11995,1000,2025-07-31,269,269,0,0
11996,1000,2025-08-31,269,269,0,0
11997,1000,2025-09-30,269,268,0,1
11998,1000,2025-10-31,268,268,0,0
11999,1000,2025-11-30,268,268,0,0
12000,1000,2025-12-31,268,268,0,0
12001,1001,2025-01-31,127,127,0,0
12002,1001,2025-02-28,127,126,0,1
12003,1001,2025-03-31,126,126,0,0
12004,1001,2025-04-30,126,126,0,0
12005,1001,2025-05-31,126,126,0,0
12006,1001,2025-06-30,126,126,0,0
12007,1001,2025-07-31,126,126,0,0
12008,1001,2025-08-31,126,126,0,0
12009,1001,2025-09-30,126,125,0,1
12010,1001,2025-10-31,125,125,0,0
12011,1001,2025-11-30,125,125,0,0
12012,1001,2025-12-31,125,125,0,0
12013,1002,2025-01-31,98,233,135,0
12014,1002,2025-02-28,233,233,0,0
12015,1002,2025-03-31,233,274,41,0
12016,1002,2025-04-30,274,268,0,6
12017,1002,2025-05-31,268,268,0,0
12018,1002,2025-06-30,268,268,0,0
12019,1002,2025-07-31,268,266,0,2
12020,1002,2025-08-31,266,266,0,0
12021,1002,2025-09-30,266,266,0,0
12022,1002,2025-10-31,266,266,0,0
12023,1002,2025-11-30,266,266,0,0
12024,1002,2025-12-31,266,394,128,0
12025,1003,2025-01-31,94,94,0,0
12026,1003,2025-02-28,94,94,0,0
12027,1003,2025-03-31,94,94,0,0
12028,1003,2025-04-30,94,90,0,4
12029,1003,2025-05-31,90,90,0,0
12030,1003,2025-06-30,90,88,0,2
12031,1003,2025-07-31,88,86,0,2
12032,1003,2025-08-31,86,171,86,1
12033,1003,2025-09-30,171,170,0,1
12034,1003,2025-10-31,170,167,0,3
12035,1003,2025-11-30,167,324,157,0
12036,1003,2025-12-31,324,421,97,0
12037,1004,2025-01-31,176,175,0,1
12038,1004,2025-02-28,175,175,0,0
12039,1004,2025-03-31,175,175,0,0
12040,1004,2025-04-30,175,275,100,0
12041,1004,2025-05-31,275,275,0,0
12042,1004,2025-06-30,275,274,0,1
12043,1004,2025-07-31,274,274,0,0
12044,1004,2025-08-31,274,274,0,0
12045,1004,2025-09-30,274,274,0,0
12046,1004,2025-10-31,274,273,0,1
12047,1004,2025-11-30,273,273,0,0
12048,1004,2025-12-31,273,271,0,2
12049,1005,2025-01-31,120,120,0,0
12050,1005,2025-02-28,120,120,0,0
12051,1005,2025-03-31,120,117,0,3
12052,1005,2025-04-30,117,116,0,1
12053,1005,2025-05-31,116,116,0,0
12054,1005,2025-06-30,116,116,0,0
12055,1005,2025-07-31,116,113,0,3
12056,1005,2025-08-31,113,110,0,3
12057,1005,2025-09-30,110,110,0,0
12058,1005,2025-10-31,110,107,0,3
12059,1005,2025-11-30,107,105,0,2
12060,1005,2025-12-31,105,103,0,2
12061,1006,2025-01-31,177,176,0,1
12062,1006,2025-02-28,176,175,0,1
12063,1006,2025-03-31,175,225,50,0
12064,1006,2025-04-30,225,225,0,0
12065,1006,2025-05-31,225,225,0,0
12066,1006,2025-06-30,225,224,0,1
12067,1006,2025-07-31,224,224,0,0
12068,1006,2025-08-31,224,279,55,0
12069,1006,2025-09-30,279,382,103,0
12070,1006,2025-10-31,382,491,109,0
12071,1006,2025-11-30,491,491,0,0
12072,1006,2025-12-31,491,491,0,0
12073,1007,2025-01-31,115,112,0,3
12074,1007,2025-02-28,112,108,0,4
12075,1007,2025-03-31,108,108,0,0
12076,1007,2025-04-30,108,106,0,2
12077,1007,2025-05-31,106,106,0,0
12078,1007,2025-06-30,106,102,0,4
12079,1007,2025-07-31,102,102,0,0
12080,1007,2025-08-31,102,102,0,0
12081,1007,2025-09-30,102,102,0,0
12082,1007,2025-10-31,102,102,0,0
12083,1007,2025-11-30,102,102,0,0
12084,1007,2025-12-31,102,100,0,2
12085,1008,2025-01-31,159,157,0,2
12086,1008,2025-02-28,157,157,0,0
12087,1008,2025-03-31,157,260,107,4
12088,1008,2025-04-30,260,260,0,0
12089,1008,2025-05-31,260,385,125,0
12090,1008,2025-06-30,385,383,0,2
12091,1008,2025-07-31,383,383,0,0
12092,1008,2025-08-31,383,437,54,0
12093,1008,2025-09-30,437,437,0,0
12094,1008,2025-10-31,437,568,134,3
12095,1008,2025-11-30,568,568,0,0
12096,1008,2025-12-31,568,567,0,1
12097,1009,2025-01-31,151,151,0,0
12098,1009,2025-02-28,151,151,0,0
12099,1009,2025-03-31,151,151,0,0
12100,1009,2025-04-30,151,149,0,2
12101,1009,2025-05-31,149,148,0,1
12102,1009,2025-06-30,148,148,0,0
12103,1009,2025-07-31,148,148,0,0
12104,1009,2025-08-31,148,303,155,0
12105,1009,2025-09-30,303,303,0,0
12106,1009,2025-10-31,303,303,0,0
12107,1009,2025-11-30,303,300,0,3
12108,1009,2025-12-31,300,300,0,0
12109,1010,2025-01-31,131,205,74,0
12110,1010,2025-02-28,205,205,0,0
12111,1010,2025-03-31,205,322,117,0
12112,1010,2025-04-30,322,321,0,1
12113,1010,2025-05-31,321,439,120,2
12114,1010,2025-06-30,439,438,0,1
12115,1010,2025-07-31,438,512,75,1
12116,1010,2025-08-31,512,512,0,0
12117,1010,2025-09-30,512,512,0,0
12118,1010,2025-10-31,512,512,0,0
12119,1010,2025-11-30,512,511,0,1
12120,1010,2025-12-31,511,608,99,2
12121,1011,2025-01-31,191,191,0,0
12122,1011,2025-02-28,191,191,0,0
12123,1011,2025-03-31,191,191,0,0
12124,1011,2025-04-30,191,191,0,0
12125,1011,2025-05-31,191,190,0,1
12126,1011,2025-06-30,190,190,0,0
12127,1011,2025-07-31,190,190,0,0
12128,1011,2025-08-31,190,190,0,0
12129,1011,2025-09-30,190,188,0,2
12130,1011,2025-10-31,188,188,0,0
12131,1011,2025-11-30,188,185,0,3
12132,1011,2025-12-31,185,276,91,0
12133,1012,2025-01-31,209,207,0,2
12134,1012,2025-02-28,207,311,104,0
12135,1012,2025-03-31,311,309,0,2
12136,1012,2025-04-30,309,309,0,0
12137,1012,2025-05-31,309,309,0,0
12138,1012,2025-06-30,309,424,116,1
12139,1012,2025-07-31,424,422,0,2
12140,1012,2025-08-31,422,422,0,0
12141,1012,2025-09-30,422,468,46,0
12142,1012,2025-10-31,468,588,120,0
12143,1012,2025-11-30,588,669,81,0
12144,1012,2025-12-31,669,669,0,0
12145,1013,2025-01-31,67,67,0,0
12146,1013,2025-02-28,67,67,0,0
12147,1013,2025-03-31,67,67,0,0
12148,1013,2025-04-30,67,207,144,4
12149,1013,2025-05-31,207,206,0,1
12150,1013,2025-06-30,206,205,0,1
12151,1013,2025-07-31,205,204,0,1
12152,1013,2025-08-31,204,204,0,0
12153,1013,2025-09-30,204,204,0,0
12154,1013,2025-10-31,204,204,0,0
12155,1013,2025-11-30,204,204,0,0
12156,1013,2025-12-31,204,326,123,1
12157,1014,2025-01-31,118,117,0,1
12158,1014,2025-02-28,117,117,0,0
12159,1014,2025-03-31,117,116,0,1
12160,1014,2025-04-30,116,113,0,3
12161,1014,2025-05-31,113,113,0,0
12162,1014,2025-06-30,113,113,0,0
12163,1014,2025-07-31,113,113,0,0
12164,1014,2025-08-31,113,110,0,3
12165,1014,2025-09-30,110,110,0,0
12166,1014,2025-10-31,110,110,0,0
12167,1014,2025-11-30,110,110,0,0
12168,1014,2025-12-31,110,109,0,1
12169,1015,2025-01-31,88,88,0,0
12170,1015,2025-02-28,88,86,0,2
12171,1015,2025-03-31,86,85,0,1
12172,1015,2025-04-30,85,85,0,0
12173,1015,2025-05-31,85,83,0,2
12174,1015,2025-06-30,83,83,0,0
12175,1015,2025-07-31,83,82,0,1
12176,1015,2025-08-31,82,233,151,0
12177,1015,2025-09-30,233,233,0,0
12178,1015,2025-10-31,233,233,0,0
12179,1015,2025-11-30,233,289,56,0
12180,1015,2025-12-31,289,287,0,2
12181,1016,2025-01-31,76,199,123,0
12182,1016,2025-02-28,199,197,0,2
12183,1016,2025-03-31,197,312,115,0
12184,1016,2025-04-30,312,312,0,0
12185,1016,2025-05-31,312,312,0,0
12186,1016,2025-06-30,312,312,0,0
12187,1016,2025-07-31,312,401,89,0
12188,1016,2025-08-31,401,401,0,0
12189,1016,2025-09-30,401,401,0,0
12190,1016,2025-10-31,401,400,0,1
12191,1016,2025-11-30,400,400,0,0
12192,1016,2025-12-31,400,400,0,0
12193,1017,2025-01-31,189,347,158,0
12194,1017,2025-02-28,347,346,0,1
12195,1017,2025-03-31,346,346,0,0
12196,1017,2025-04-30,346,345,0,1
12197,1017,2025-05-31,345,345,0,0
12198,1017,2025-06-30,345,435,90,0
12199,1017,2025-07-31,435,435,0,0
12200,1017,2025-08-31,435,435,0,0
12201,1017,2025-09-30,435,536,102,1
12202,1017,2025-10-31,536,536,0,0
12203,1017,2025-11-30,536,534,0,2
12204,1017,2025-12-31,534,534,0,0
12205,1018,2025-01-31,157,156,0,1
12206,1018,2025-02-28,156,156,0,0
12207,1018,2025-03-31,156,152,0,4
12208,1018,2025-04-30,152,192,42,2
12209,1018,2025-05-31,192,248,57,1
12210,1018,2025-06-30,248,247,0,1
12211,1018,2025-07-31,247,306,62,3
12212,1018,2025-08-31,306,306,0,0
12213,1018,2025-09-30,306,306,0,0
12214,1018,2025-10-31,306,349,43,0
12215,1018,2025-11-30,349,459,110,0
12216,1018,2025-12-31,459,458,0,1
12217,1019,2025-01-31,153,246,93,0
12218,1019,2025-02-28,246,246,0,0
12219,1019,2025-03-31,246,246,0,0
12220,1019,2025-04-30,246,246,0,0
12221,1019,2025-05-31,246,246,0,0
12222,1019,2025-06-30,246,391,147,2
12223,1019,2025-07-31,391,390,0,1
12224,1019,2025-08-31,390,542,152,0
12225,1019,2025-09-30,542,542,0,0
12226,1019,2025-10-31,542,542,0,0
12227,1019,2025-11-30,542,540,0,2
12228,1019,2025-12-31,540,539,0,1
12229,1020,2025-01-31,133,133,0,0
12230,1020,2025-02-28,133,133,0,0
12231,1020,2025-03-31,133,133,0,0
12232,1020,2025-04-30,133,254,123,2
12233,1020,2025-05-31,254,254,0,0
12234,1020,2025-06-30,254,254,0,0
12235,1020,2025-07-31,254,324,70,0
12236,1020,2025-08-31,324,455,132,1
12237,1020,2025-09-30,455,455,0,0
12238,1020,2025-10-31,455,455,0,0
12239,1020,2025-11-30,455,455,0,0
12240,1020,2025-12-31,455,455,0,0
12241,1021,2025-01-31,150,269,119,0
12242,1021,2025-02-28,269,269,0,0
12243,1021,2025-03-31,269,268,0,1
12244,1021,2025-04-30,268,268,0,0
12245,1021,2025-05-31,268,268,0,0
12246,1021,2025-06-30,268,268,0,0
12247,1021,2025-07-31,268,267,0,1
12248,1021,2025-08-31,267,267,0,0
12249,1021,2025-09-30,267,267,0,0
12250,1021,2025-10-31,267,267,0,0
12251,1021,2025-11-30,267,266,0,1
12252,1021,2025-12-31,266,266,0,0
12253,1022,2025-01-31,113,111,0,2
12254,1022,2025-02-28,111,188,77,0
12255,1022,2025-03-31,188,188,0,0
12256,1022,2025-04-30,188,188,0,0
12257,1022,2025-05-31,188,187,0,1
12258,1022,2025-06-30,187,185,0,2
12259,1022,2025-07-31,185,185,0,0
12260,1022,2025-08-31,185,185,0,0
12261,1022,2025-09-30,185,185,0,0
12262,1022,2025-10-31,185,182,0,3
12263,1022,2025-11-30,182,290,108,0
12264,1022,2025-12-31,290,289,0,1
12265,1023,2025-01-31,158,158,0,0
12266,1023,2025-02-28,158,158,0,0
12267,1023,2025-03-31,158,311,155,2
12268,1023,2025-04-30,311,361,50,0
12269,1023,2025-05-31,361,360,0,1
12270,1023,2025-06-30,360,360,0,0
12271,1023,2025-07-31,360,360,0,0
12272,1023,2025-08-31,360,360,0,0
12273,1023,2025-09-30,360,360,0,0
12274,1023,2025-10-31,360,360,0,0
12275,1023,2025-11-30,360,360,0,0
12276,1023,2025-12-31,360,359,0,1
12277,1024,2025-01-31,188,293,108,3
12278,1024,2025-02-28,293,290,0,3
12279,1024,2025-03-31,290,287,0,3
12280,1024,2025-04-30,287,287,0,0
12281,1024,2025-05-31,287,287,0,0
12282,1024,2025-06-30,287,284,0,3
12283,1024,2025-07-31,284,284,0,0
12284,1024,2025-08-31,284,426,142,0
12285,1024,2025-09-30,426,426,0,0
12286,1024,2025-10-31,426,426,0,0
12287,1024,2025-11-30,426,426,0,0
12288,1024,2025-12-31,426,504,78,0
12289,1025,2025-01-31,61,204,147,4
12290,1025,2025-02-28,204,204,0,0
12291,1025,2025-03-31,204,204,0,0
12292,1025,2025-04-30,204,204,0,0
12293,1025,2025-05-31,204,204,0,0
12294,1025,2025-06-30,204,288,86,2
12295,1025,2025-07-31,288,288,0,0
12296,1025,2025-08-31,288,288,0,0
12297,1025,2025-09-30,288,288,0,0
12298,1025,2025-10-31,288,286,0,2
12299,1025,2025-11-30,286,286,0,0
12300,1025,2025-12-31,286,285,0,1
12301,1026,2025-01-31,168,167,0,1
12302,1026,2025-02-28,167,297,130,0
12303,1026,2025-03-31,297,297,0,0
12304,1026,2025-04-30,297,296,0,1
12305,1026,2025-05-31,296,294,0,2
12306,1026,2025-06-30,294,294,0,0
12307,1026,2025-07-31,294,294,0,0
12308,1026,2025-08-31,294,294,0,0
12309,1026,2025-09-30,294,294,0,0
12310,1026,2025-10-31,294,417,125,2
12311,1026,2025-11-30,417,417,0,0
12312,1026,2025-12-31,417,417,0,0
12313,1027,2025-01-31,116,116,0,0
12314,1027,2025-02-28,116,116,0,0
12315,1027,2025-03-31,116,115,0,1
12316,1027,2025-04-30,115,114,0,1
12317,1027,2025-05-31,114,113,0,1
12318,1027,2025-06-30,113,113,0,0
12319,1027,2025-07-31,113,113,0,0
12320,1027,2025-08-31,113,211,98,0
12321,1027,2025-09-30,211,211,0,0
12322,1027,2025-10-31,211,211,0,0
12323,1027,2025-11-30,211,291,80,0
12324,1027,2025-12-31,291,291,0,0
12325,1028,2025-01-31,72,71,0,1
12326,1028,2025-02-28,71,69,0,2
12327,1028,2025-03-31,69,199,130,0
12328,1028,2025-04-30,199,198,0,1
12329,1028,2025-05-31,198,198,0,0
12330,1028,2025-06-30,198,287,89,0
12331,1028,2025-07-31,287,287,0,0
12332,1028,2025-08-31,287,285,0,2
12333,1028,2025-09-30,285,285,0,0
12334,1028,2025-10-31,285,283,0,2
12335,1028,2025-11-30,283,377,94,0
12336,1028,2025-12-31,377,377,0,0
12337,1029,2025-01-31,99,200,102,1
12338,1029,2025-02-28,200,198,0,2
12339,1029,2025-03-31,198,196,0,2
12340,1029,2025-04-30,196,196,0,0
12341,1029,2025-05-31,196,196,0,0
12342,1029,2025-06-30,196,196,0,0
12343,1029,2025-07-31,196,196,0,0
12344,1029,2025-08-31,196,195,0,1
12345,1029,2025-09-30,195,195,0,0
12346,1029,2025-10-31,195,195,0,0
12347,1029,2025-11-30,195,243,48,0
12348,1029,2025-12-31,243,243,0,0
12349,1030,2025-01-31,81,81,0,0
12350,1030,2025-02-28,81,80,0,1
12351,1030,2025-03-31,80,80,0,0
12352,1030,2025-04-30,80,126,47,1
12353,1030,2025-05-31,126,126,0,0
12354,1030,2025-06-30,126,125,0,1
12355,1030,2025-07-31,125,125,0,0
12356,1030,2025-08-31,125,200,75,0
12357,1030,2025-09-30,200,267,67,0
12358,1030,2025-10-31,267,267,0,0
12359,1030,2025-11-30,267,266,0,1
12360,1030,2025-12-31,266,266,0,0
12361,1031,2025-01-31,143,143,0,0
12362,1031,2025-02-28,143,269,126,0
12363,1031,2025-03-31,269,269,0,0
12364,1031,2025-04-30,269,269,0,0
12365,1031,2025-05-31,269,269,0,0
12366,1031,2025-06-30,269,269,0,0
12367,1031,2025-07-31,269,405,138,2
12368,1031,2025-08-31,405,405,0,0
12369,1031,2025-09-30,405,405,0,0
12370,1031,2025-10-31,405,405,0,0
12371,1031,2025-11-30,405,405,0,0
12372,1031,2025-12-31,405,405,0,0
12373,1032,2025-01-31,174,172,0,2
12374,1032,2025-02-28,172,172,0,0
12375,1032,2025-03-31,172,172,0,0
12376,1032,2025-04-30,172,172,0,0
12377,1032,2025-05-31,172,172,0,0
12378,1032,2025-06-30,172,171,0,1
12379,1032,2025-07-31,171,171,0,0
12380,1032,2025-08-31,171,170,0,1
12381,1032,2025-09-30,170,170,0,0
12382,1032,2025-10-31,170,170,0,0
12383,1032,2025-11-30,170,170,0,0
12384,1032,2025-12-31,170,170,0,0
12385,1033,2025-01-31,115,115,0,0
12386,1033,2025-02-28,115,115,0,0
12387,1033,2025-03-31,115,113,0,2
12388,1033,2025-04-30,113,113,0,0
12389,1033,2025-05-31,113,112,0,1
12390,1033,2025-06-30,112,201,91,2
12391,1033,2025-07-31,201,201,0,0
12392,1033,2025-08-31,201,269,69,1
12393,1033,2025-09-30,269,267,0,2
12394,1033,2025-10-31,267,267,0,0
12395,1033,2025-11-30,267,266,0,1
12396,1033,2025-12-31,266,266,0,0
12397,1034,2025-01-31,215,214,0,1
12398,1034,2025-02-28,214,214,0,0
12399,1034,2025-03-31,214,262,48,0
12400,1034,2025-04-30,262,262,0,0
12401,1034,2025-05-31,262,262,0,0
12402,1034,2025-06-30,262,261,0,1
12403,1034,2025-07-31,261,261,0,0
12404,1034,2025-08-31,261,320,59,0
12405,1034,2025-09-30,320,319,0,1
12406,1034,2025-10-31,319,317,0,2
12407,1034,2025-11-30,317,316,0,1
12408,1034,2025-12-31,316,445,132,3
12409,1035,2025-01-31,216,304,91,3
12410,1035,2025-02-28,304,304,0,0
12411,1035,2025-03-31,304,304,0,0
12412,1035,2025-04-30,304,304,0,0
12413,1035,2025-05-31,304,302,0,2
12414,1035,2025-06-30,302,374,72,0
12415,1035,2025-07-31,374,456,82,0
12416,1035,2025-08-31,456,456,0,0
12417,1035,2025-09-30,456,555,99,0
12418,1035,2025-10-31,555,555,0,0
12419,1035,2025-11-30,555,555,0,0
12420,1035,2025-12-31,555,555,0,0
12421,1036,2025-01-31,86,86,0,0
12422,1036,2025-02-28,86,214,128,0
12423,1036,2025-03-31,214,214,0,0
12424,1036,2025-04-30,214,293,80,1
12425,1036,2025-05-31,293,291,0,2
12426,1036,2025-06-30,291,360,69,0
12427,1036,2025-07-31,360,360,0,0
12428,1036,2025-08-31,360,360,0,0
12429,1036,2025-09-30,360,496,136,0
12430,1036,2025-10-31,496,496,0,0
12431,1036,2025-11-30,496,496,0,0
12432,1036,2025-12-31,496,496,0,0
12433,1037,2025-01-31,69,67,0,2
12434,1037,2025-02-28,67,65,0,2
12435,1037,2025-03-31,65,65,0,0
12436,1037,2025-04-30,65,65,0,0
12437,1037,2025-05-31,65,65,0,0
12438,1037,2025-06-30,65,65,0,0
12439,1037,2025-07-31,65,180,115,0
12440,1037,2025-08-31,180,279,99,0
12441,1037,2025-09-30,279,277,0,2
12442,1037,2025-10-31,277,277,0,0
12443,1037,2025-11-30,277,277,0,0
12444,1037,2025-12-31,277,277,0,0
12445,1038,2025-01-31,174,269,97,2
12446,1038,2025-02-28,269,269,0,0
12447,1038,2025-03-31,269,269,0,0
12448,1038,2025-04-30,269,269,0,0
12449,1038,2025-05-31,269,269,0,0
12450,1038,2025-06-30,269,266,0,3
12451,1038,2025-07-31,266,266,0,0
12452,1038,2025-08-31,266,266,0,0
12453,1038,2025-09-30,266,266,0,0
12454,1038,2025-10-31,266,266,0,0
12455,1038,2025-11-30,266,266,0,0
12456,1038,2025-12-31,266,264,0,2
12457,1039,2025-01-31,145,145,0,0
12458,1039,2025-02-28,145,142,0,3
12459,1039,2025-03-31,142,142,0,0
12460,1039,2025-04-30,142,140,0,2
12461,1039,2025-05-31,140,140,0,0
12462,1039,2025-06-30,140,140,0,0
12463,1039,2025-07-31,140,217,77,0
12464,1039,2025-08-31,217,217,0,0
12465,1039,2025-09-30,217,217,0,0
12466,1039,2025-10-31,217,217,0,0
12467,1039,2025-11-30,217,217,0,0
12468,1039,2025-12-31,217,217,0,0
12469,1040,2025-01-31,60,60,0,0
12470,1040,2025-02-28,60,60,0,0
12471,1040,2025-03-31,60,60,0,0
12472,1040,2025-04-30,60,59,0,1
12473,1040,2025-05-31,59,59,0,0
12474,1040,2025-06-30,59,59,0,0
12475,1040,2025-07-31,59,59,0,0
12476,1040,2025-08-31,59,59,0,0
12477,1040,2025-09-30,59,59,0,0
12478,1040,2025-10-31,59,59,0,0
12479,1040,2025-11-30,59,57,0,2
12480,1040,2025-12-31,57,96,42,3
12481,1041,2025-01-31,196,268,72,0
12482,1041,2025-02-28,268,267,0,1
12483,1041,2025-03-31,267,267,0,0
12484,1041,2025-04-30,267,267,0,0
12485,1041,2025-05-31,267,267,0,0
12486,1041,2025-06-30,267,266,0,1
12487,1041,2025-07-31,266,266,0,0
12488,1041,2025-08-31,266,264,0,2
12489,1041,2025-09-30,264,259,0,5
12490,1041,2025-10-31,259,259,0,0
12491,1041,2025-11-30,259,259,0,0
12492,1041,2025-12-31,259,259,0,0
12493,1042,2025-01-31,127,127,0,0
12494,1042,2025-02-28,127,127,0,0
12495,1042,2025-03-31,127,125,0,2
12496,1042,2025-04-30,125,225,100,0
12497,1042,2025-05-31,225,225,0,0
12498,1042,2025-06-30,225,224,0,1
12499,1042,2025-07-31,224,224,0,0
12500,1042,2025-08-31,224,223,0,1
12501,1042,2025-09-30,223,352,129,0
12502,1042,2025-10-31,352,467,115,0
12503,1042,2025-11-30,467,467,0,0
12504,1042,2025-12-31,467,467,0,0
12505,1043,2025-01-31,102,102,0,0
12506,1043,2025-02-28,102,102,0,0
12507,1043,2025-03-31,102,99,0,3
12508,1043,2025-04-30,99,99,0,0
12509,1043,2025-05-31,99,99,0,0
12510,1043,2025-06-30,99,97,0,2
12511,1043,2025-07-31,97,97,0,0
12512,1043,2025-08-31,97,97,0,0
12513,1043,2025-09-30,97,97,0,0
12514,1043,2025-10-31,97,95,0,2
12515,1043,2025-11-30,95,95,0,0
12516,1043,2025-12-31,95,95,0,0
12517,1044,2025-01-31,218,218,0,0
12518,1044,2025-02-28,218,277,60,1
12519,1044,2025-03-31,277,430,153,0
12520,1044,2025-04-30,430,430,0,0
12521,1044,2025-05-31,430,430,0,0
12522,1044,2025-06-30,430,430,0,0
12523,1044,2025-07-31,430,426,0,4
12524,1044,2025-08-31,426,426,0,0
12525,1044,2025-09-30,426,426,0,0
12526,1044,2025-10-31,426,525,99,0
12527,1044,2025-11-30,525,525,0,0
12528,1044,2025-12-31,525,525,0,0
12529,1045,2025-01-31,113,112,0,1
12530,1045,2025-02-28,112,112,0,0
12531,1045,2025-03-31,112,111,0,1
12532,1045,2025-04-30,111,109,0,2
12533,1045,2025-05-31,109,149,40,0
12534,1045,2025-06-30,149,244,97,2
12535,1045,2025-07-31,244,339,95,0
12536,1045,2025-08-31,339,410,75,4
12537,1045,2025-09-30,410,408,0,2
12538,1045,2025-10-31,408,407,0,1
12539,1045,2025-11-30,407,407,0,0
12540,1045,2025-12-31,407,407,0,0
12541,1046,2025-01-31,111,111,0,0
12542,1046,2025-02-28,111,111,0,0
12543,1046,2025-03-31,111,109,0,2
12544,1046,2025-04-30,109,266,157,0
12545,1046,2025-05-31,266,326,60,0
12546,1046,2025-06-30,326,324,0,2
12547,1046,2025-07-31,324,321,0,3
12548,1046,2025-08-31,321,473,152,0
12549,1046,2025-09-30,473,472,0,1
12550,1046,2025-10-31,472,471,0,1
12551,1046,2025-11-30,471,471,0,0
12552,1046,2025-12-31,471,468,0,3
12553,1047,2025-01-31,180,180,0,0
12554,1047,2025-02-28,180,180,0,0
12555,1047,2025-03-31,180,180,0,0
12556,1047,2025-04-30,180,180,0,0
12557,1047,2025-05-31,180,275,95,0
12558,1047,2025-06-30,275,275,0,0
12559,1047,2025-07-31,275,275,0,0
12560,1047,2025-08-31,275,386,111,0
12561,1047,2025-09-30,386,386,0,0
12562,1047,2025-10-31,386,386,0,0
12563,1047,2025-11-30,386,386,0,0
12564,1047,2025-12-31,386,432,47,1
12565,1048,2025-01-31,219,219,0,0
12566,1048,2025-02-28,219,219,0,0
12567,1048,2025-03-31,219,215,0,4
12568,1048,2025-04-30,215,310,98,3
12569,1048,2025-05-31,310,310,0,0
12570,1048,2025-06-30,310,310,0,0
12571,1048,2025-07-31,310,309,0,1
12572,1048,2025-08-31,309,308,0,1
12573,1048,2025-09-30,308,308,0,0
12574,1048,2025-10-31,308,306,0,2
12575,1048,2025-11-30,306,303,0,3
12576,1048,2025-12-31,303,303,0,0
12577,1049,2025-01-31,185,185,0,0
12578,1049,2025-02-28,185,184,0,1
12579,1049,2025-03-31,184,184,0,0
12580,1049,2025-04-30,184,184,0,0
12581,1049,2025-05-31,184,184,0,0
12582,1049,2025-06-30,184,184,0,0
12583,1049,2025-07-31,184,182,0,2
12584,1049,2025-08-31,182,182,0,0
12585,1049,2025-09-30,182,182,0,0
12586,1049,2025-10-31,182,182,0,0
12587,1049,2025-11-30,182,180,0,2
12588,1049,2025-12-31,180,264,84,0
12589,1050,2025-01-31,66,66,0,0
12590,1050,2025-02-28,66,66,0,0
12591,1050,2025-03-31,66,65,0,1
12592,1050,2025-04-30,65,139,75,1
12593,1050,2025-05-31,139,139,0,0
12594,1050,2025-06-30,139,139,0,0
12595,1050,2025-07-31,139,137,0,2
12596,1050,2025-08-31,137,137,0,0
12597,1050,2025-09-30,137,137,0,0
12598,1050,2025-10-31,137,137,0,0
12599,1050,2025-11-30,137,257,120,0
12600,1050,2025-12-31,257,257,0,0
12601,1051,2025-01-31,66,221,155,0
12602,1051,2025-02-28,221,362,142,1
12603,1051,2025-03-31,362,362,0,0
12604,1051,2025-04-30,362,521,159,0
12605,1051,2025-05-31,521,521,0,0
12606,1051,2025-06-30,521,680,159,0
12607,1051,2025-07-31,680,771,91,0
12608,1051,2025-08-31,771,771,0,0
12609,1051,2025-09-30,771,770,0,1
12610,1051,2025-10-31,770,815,45,0
12611,1051,2025-11-30,815,815,0,0
12612,1051,2025-12-31,815,814,0,1
12613,1052,2025-01-31,142,142,0,0
12614,1052,2025-02-28,142,134,0,8
12615,1052,2025-03-31,134,134,0,0
12616,1052,2025-04-30,134,134,0,0
12617,1052,2025-05-31,134,134,0,0
12618,1052,2025-06-30,134,134,0,0
12619,1052,2025-07-31,134,134,0,0
12620,1052,2025-08-31,134,134,0,0
12621,1052,2025-09-30,134,132,0,2
12622,1052,2025-10-31,132,132,0,0
12623,1052,2025-11-30,132,132,0,0
12624,1052,2025-12-31,132,132,0,0
12625,1053,2025-01-31,204,202,0,2
12626,1053,2025-02-28,202,200,0,2
12627,1053,2025-03-31,200,200,0,0
12628,1053,2025-04-30,200,200,0,0
12629,1053,2025-05-31,200,200,0,0
12630,1053,2025-06-30,200,283,83,0
12631,1053,2025-07-31,283,346,63,0
12632,1053,2025-08-31,346,346,0,0
12633,1053,2025-09-30,346,344,0,2
12634,1053,2025-10-31,344,385,42,1
12635,1053,2025-11-30,385,385,0,0
12636,1053,2025-12-31,385,385,0,0
12637,1054,2025-01-31,160,306,146,0
12638,1054,2025-02-28,306,306,0,0
12639,1054,2025-03-31,306,306,0,0
12640,1054,2025-04-30,306,306,0,0
12641,1054,2025-05-31,306,304,0,2
12642,1054,2025-06-30,304,304,0,0
12643,1054,2025-07-31,304,455,151,0
12644,1054,2025-08-31,455,452,0,3
12645,1054,2025-09-30,452,452,0,0
12646,1054,2025-10-31,452,452,0,0
12647,1054,2025-11-30,452,510,58,0
12648,1054,2025-12-31,510,507,0,3
12649,1055,2025-01-31,122,121,0,1
12650,1055,2025-02-28,121,201,80,0
12651,1055,2025-03-31,201,201,0,0
12652,1055,2025-04-30,201,266,66,1
12653,1055,2025-05-31,266,264,0,2
12654,1055,2025-06-30,264,264,0,0
12655,1055,2025-07-31,264,368,104,0
12656,1055,2025-08-31,368,368,0,0
12657,1055,2025-09-30,368,368,0,0
12658,1055,2025-10-31,368,368,0,0
12659,1055,2025-11-30,368,462,94,0
12660,1055,2025-12-31,462,459,0,3
12661,1056,2025-01-31,219,219,0,0
12662,1056,2025-02-28,219,358,139,0
12663,1056,2025-03-31,358,358,0,0
12664,1056,2025-04-30,358,358,0,0
12665,1056,2025-05-31,358,479,121,0
12666,1056,2025-06-30,479,479,0,0
12667,1056,2025-07-31,479,475,0,4
12668,1056,2025-08-31,475,475,0,0
12669,1056,2025-09-30,475,624,149,0
12670,1056,2025-10-31,624,624,0,0
12671,1056,2025-11-30,624,624,0,0
12672,1056,2025-12-31,624,624,0,0
12673,1057,2025-01-31,186,186,0,0
12674,1057,2025-02-28,186,186,0,0
12675,1057,2025-03-31,186,186,0,0
12676,1057,2025-04-30,186,186,0,0
12677,1057,2025-05-31,186,186,0,0
12678,1057,2025-06-30,186,186,0,0
12679,1057,2025-07-31,186,186,0,0
12680,1057,2025-08-31,186,186,0,0
12681,1057,2025-09-30,186,186,0,0
12682,1057,2025-10-31,186,229,44,1
12683,1057,2025-11-30,229,229,0,0
12684,1057,2025-12-31,229,311,82,0
12685,1058,2025-01-31,73,73,0,0
12686,1058,2025-02-28,73,73,0,0
12687,1058,2025-03-31,73,73,0,0
12688,1058,2025-04-30,73,73,0,0
12689,1058,2025-05-31,73,71,0,2
12690,1058,2025-06-30,71,71,0,0
12691,1058,2025-07-31,71,215,146,2
12692,1058,2025-08-31,215,215,0,0
12693,1058,2025-09-30,215,215,0,0
12694,1058,2025-10-31,215,215,0,0
12695,1058,2025-11-30,215,276,61,0
12696,1058,2025-12-31,276,274,0,2
12697,1059,2025-01-31,196,196,0,0
12698,1059,2025-02-28,196,237,41,0
12699,1059,2025-03-31,237,343,106,0
12700,1059,2025-04-30,343,342,0,1
12701,1059,2025-05-31,342,340,0,2
12702,1059,2025-06-30,340,438,98,0
12703,1059,2025-07-31,438,435,0,3
12704,1059,2025-08-31,435,435,0,0
12705,1059,2025-09-30,435,435,0,0
12706,1059,2025-10-31,435,435,0,0
12707,1059,2025-11-30,435,435,0,0
12708,1059,2025-12-31,435,435,0,0
12709,1060,2025-01-31,211,335,124,0
12710,1060,2025-02-28,335,335,0,0
12711,1060,2025-03-31,335,407,72,0
12712,1060,2025-04-30,407,407,0,0
12713,1060,2025-05-31,407,406,0,1
12714,1060,2025-06-30,406,405,0,1
12715,1060,2025-07-31,405,519,114,0
12716,1060,2025-08-31,519,591,72,0
12717,1060,2025-09-30,591,591,0,0
12718,1060,2025-10-31,591,726,135,0
12719,1060,2025-11-30,726,880,154,0
12720,1060,2025-12-31,880,955,78,3
12721,1061,2025-01-31,213,213,0,0
12722,1061,2025-02-28,213,212,0,1
12723,1061,2025-03-31,212,212,0,0
12724,1061,2025-04-30,212,212,0,0
12725,1061,2025-05-31,212,212,0,0
12726,1061,2025-06-30,212,211,0,1
12727,1061,2025-07-31,211,211,0,0
12728,1061,2025-08-31,211,211,0,0
12729,1061,2025-09-30,211,211,0,0
12730,1061,2025-10-31,211,211,0,0
12731,1061,2025-11-30,211,300,90,1
12732,1061,2025-12-31,300,296,0,4
12733,1062,2025-01-31,172,259,87,0
12734,1062,2025-02-28,259,259,0,0
12735,1062,2025-03-31,259,259,0,0
12736,1062,2025-04-30,259,259,0,0
12737,1062,2025-05-31,259,257,0,2
12738,1062,2025-06-30,257,325,70,2
12739,1062,2025-07-31,325,325,0,0
12740,1062,2025-08-31,325,324,0,1
12741,1062,2025-09-30,324,324,0,0
12742,1062,2025-10-31,324,324,0,0
12743,1062,2025-11-30,324,322,0,2
12744,1062,2025-12-31,322,322,0,0
12745,1063,2025-01-31,133,133,0,0
12746,1063,2025-02-28,133,133,0,0
12747,1063,2025-03-31,133,133,0,0
12748,1063,2025-04-30,133,132,0,1
12749,1063,2025-05-31,132,132,0,0
12750,1063,2025-06-30,132,131,0,1
12751,1063,2025-07-31,131,127,0,4
12752,1063,2025-08-31,127,127,0,0
12753,1063,2025-09-30,127,125,0,2
12754,1063,2025-10-31,125,125,0,0
12755,1063,2025-11-30,125,125,0,0
12756,1063,2025-12-31,125,125,0,0
12757,1064,2025-01-31,156,156,0,0
12758,1064,2025-02-28,156,156,0,0
12759,1064,2025-03-31,156,156,0,0
12760,1064,2025-04-30,156,154,0,2
12761,1064,2025-05-31,154,154,0,0
12762,1064,2025-06-30,154,154,0,0
12763,1064,2025-07-31,154,310,156,0
12764,1064,2025-08-31,310,310,0,0
12765,1064,2025-09-30,310,310,0,0
12766,1064,2025-10-31,310,310,0,0
12767,1064,2025-11-30,310,309,0,1
12768,1064,2025-12-31,309,309,0,0
12769,1065,2025-01-31,65,65,0,0
12770,1065,2025-02-28,65,65,0,0
12771,1065,2025-03-31,65,65,0,0
12772,1065,2025-04-30,65,65,0,0
12773,1065,2025-05-31,65,65,0,0
12774,1065,2025-06-30,65,183,122,4
12775,1065,2025-07-31,183,183,0,0
12776,1065,2025-08-31,183,274,91,0
12777,1065,2025-09-30,274,274,0,0
12778,1065,2025-10-31,274,274,0,0
12779,1065,2025-11-30,274,272,0,2
12780,1065,2025-12-31,272,271,0,1
12781,1066,2025-01-31,82,79,0,3
12782,1066,2025-02-28,79,79,0,0
12783,1066,2025-03-31,79,232,153,0
12784,1066,2025-04-30,232,232,0,0
12785,1066,2025-05-31,232,232,0,0
12786,1066,2025-06-30,232,232,0,0
12787,1066,2025-07-31,232,232,0,0
12788,1066,2025-08-31,232,230,0,2
12789,1066,2025-09-30,230,346,116,0
12790,1066,2025-10-31,346,346,0,0
12791,1066,2025-11-30,346,459,114,1
12792,1066,2025-12-31,459,586,127,0
12793,1067,2025-01-31,168,166,0,2
12794,1067,2025-02-28,166,248,82,0
12795,1067,2025-03-31,248,246,0,2
12796,1067,2025-04-30,246,246,0,0
12797,1067,2025-05-31,246,246,0,0
12798,1067,2025-06-30,246,246,0,0
12799,1067,2025-07-31,246,246,0,0
12800,1067,2025-08-31,246,246,0,0
12801,1067,2025-09-30,246,246,0,0
12802,1067,2025-10-31,246,246,0,0
12803,1067,2025-11-30,246,246,0,0
12804,1067,2025-12-31,246,244,0,2
12805,1068,2025-01-31,202,198,0,4
12806,1068,2025-02-28,198,198,0,0
12807,1068,2025-03-31,198,315,117,0
12808,1068,2025-04-30,315,313,0,2
12809,1068,2025-05-31,313,407,94,0
12810,1068,2025-06-30,407,407,0,0
12811,1068,2025-07-31,407,517,110,0
12812,1068,2025-08-31,517,517,0,0
12813,1068,2025-09-30,517,517,0,0
12814,1068,2025-10-31,517,516,0,1
12815,1068,2025-11-30,516,516,0,0
12816,1068,2025-12-31,516,516,0,0
12817,1069,2025-01-31,160,160,0,0
12818,1069,2025-02-28,160,160,0,0
12819,1069,2025-03-31,160,296,136,0
12820,1069,2025-04-30,296,372,76,0
12821,1069,2025-05-31,372,372,0,0
12822,1069,2025-06-30,372,371,0,1
12823,1069,2025-07-31,371,370,0,1
12824,1069,2025-08-31,370,370,0,0
12825,1069,2025-09-30,370,370,0,0
12826,1069,2025-10-31,370,440,70,0
12827,1069,2025-11-30,440,440,0,0
12828,1069,2025-12-31,440,440,0,0
12829,1070,2025-01-31,97,97,0,0
12830,1070,2025-02-28,97,97,0,0
12831,1070,2025-03-31,97,97,0,0
12832,1070,2025-04-30,97,168,71,0
12833,1070,2025-05-31,168,165,0,3
12834,1070,2025-06-30,165,165,0,0
12835,1070,2025-07-31,165,165,0,0
12836,1070,2025-08-31,165,165,0,0
12837,1070,2025-09-30,165,163,0,2
12838,1070,2025-10-31,163,163,0,0
12839,1070,2025-11-30,163,220,59,2
12840,1070,2025-12-31,220,220,0,0
12841,1071,2025-01-31,219,321,102,0
12842,1071,2025-02-28,321,321,0,0
12843,1071,2025-03-31,321,321,0,0
12844,1071,2025-04-30,321,321,0,0
12845,1071,2025-05-31,321,386,65,0
12846,1071,2025-06-30,386,386,0,0
12847,1071,2025-07-31,386,386,0,0
12848,1071,2025-08-31,386,386,0,0
12849,1071,2025-09-30,386,456,73,3
12850,1071,2025-10-31,456,456,0,0
12851,1071,2025-11-30,456,456,0,0
12852,1071,2025-12-31,456,576,120,0
12853,1072,2025-01-31,218,217,0,1
12854,1072,2025-02-28,217,217,0,0
12855,1072,2025-03-31,217,217,0,0
12856,1072,2025-04-30,217,217,0,0
12857,1072,2025-05-31,217,216,0,1
12858,1072,2025-06-30,216,216,0,0
12859,1072,2025-07-31,216,216,0,0
12860,1072,2025-08-31,216,216,0,0
12861,1072,2025-09-30,216,216,0,0
12862,1072,2025-10-31,216,216,0,0
12863,1072,2025-11-30,216,216,0,0
12864,1072,2025-12-31,216,216,0,0
12865,1073,2025-01-31,180,180,0,0
12866,1073,2025-02-28,180,268,88,0
12867,1073,2025-03-31,268,401,133,0
12868,1073,2025-04-30,401,399,0,2
12869,1073,2025-05-31,399,483,84,0
12870,1073,2025-06-30,483,633,153,3
12871,1073,2025-07-31,633,632,0,1
12872,1073,2025-08-31,632,632,0,0
12873,1073,2025-09-30,632,632,0,0
12874,1073,2025-10-31,632,632,0,0
12875,1073,2025-11-30,632,631,0,1
12876,1073,2025-12-31,631,711,80,0
12877,1074,2025-01-31,116,116,0,0
12878,1074,2025-02-28,116,116,0,0
12879,1074,2025-03-31,116,116,0,0
12880,1074,2025-04-30,116,173,57,0
12881,1074,2025-05-31,173,173,0,0
12882,1074,2025-06-30,173,309,136,0
12883,1074,2025-07-31,309,309,0,0
12884,1074,2025-08-31,309,309,0,0
12885,1074,2025-09-30,309,309,0,0
12886,1074,2025-10-31,309,405,96,0
12887,1074,2025-11-30,405,404,0,1
12888,1074,2025-12-31,404,404,0,0
12889,1075,2025-01-31,75,75,0,0
12890,1075,2025-02-28,75,75,0,0
12891,1075,2025-03-31,75,75,0,0
12892,1075,2025-04-30,75,74,0,1
12893,1075,2025-05-31,74,74,0,0
12894,1075,2025-06-30,74,74,0,0
12895,1075,2025-07-31,74,74,0,0
12896,1075,2025-08-31,74,74,0,0
12897,1075,2025-09-30,74,158,84,0
12898,1075,2025-10-31,158,158,0,0
12899,1075,2025-11-30,158,158,0,0
12900,1075,2025-12-31,158,158,0,0
12901,1076,2025-01-31,198,198,0,0
12902,1076,2025-02-28,198,198,0,0
12903,1076,2025-03-31,198,338,140,0
12904,1076,2025-04-30,338,338,0,0
12905,1076,2025-05-31,338,337,0,1
12906,1076,2025-06-30,337,405,68,0
12907,1076,2025-07-31,405,404,0,1
12908,1076,2025-08-31,404,404,0,0
12909,1076,2025-09-30,404,402,0,2
12910,1076,2025-10-31,402,402,0,0
12911,1076,2025-11-30,402,539,139,2
12912,1076,2025-12-31,539,536,0,3
12913,1077,2025-01-31,173,173,0,0
12914,1077,2025-02-28,173,251,78,0
12915,1077,2025-03-31,251,350,99,0
12916,1077,2025-04-30,350,350,0,0
12917,1077,2025-05-31,350,350,0,0
12918,1077,2025-06-30,350,350,0,0
12919,1077,2025-07-31,350,346,0,4
12920,1077,2025-08-31,346,346,0,0
12921,1077,2025-09-30,346,346,0,0
12922,1077,2025-10-31,346,345,0,1
12923,1077,2025-11-30,345,345,0,0
12924,1077,2025-12-31,345,345,0,0
12925,1078,2025-01-31,77,77,0,0
12926,1078,2025-02-28,77,77,0,0
12927,1078,2025-03-31,77,77,0,0
12928,1078,2025-04-30,77,77,0,0
12929,1078,2025-05-31,77,76,0,1
12930,1078,2025-06-30,76,155,79,0
12931,1078,2025-07-31,155,155,0,0
12932,1078,2025-08-31,155,155,0,0
12933,1078,2025-09-30,155,155,0,0
12934,1078,2025-10-31,155,155,0,0
12935,1078,2025-11-30,155,155,0,0
12936,1078,2025-12-31,155,155,0,0
12937,1079,2025-01-31,100,98,0,2
12938,1079,2025-02-28,98,98,0,0
12939,1079,2025-03-31,98,95,0,3
12940,1079,2025-04-30,95,95,0,0
12941,1079,2025-05-31,95,94,0,1
12942,1079,2025-06-30,94,92,0,2
12943,1079,2025-07-31,92,91,0,1
12944,1079,2025-08-31,91,149,59,1
12945,1079,2025-09-30,149,146,0,3
12946,1079,2025-10-31,146,146,0,0
12947,1079,2025-11-30,146,146,0,0
12948,1079,2025-12-31,146,143,0,3
12949,1080,2025-01-31,137,135,0,2
12950,1080,2025-02-28,135,133,0,2
12951,1080,2025-03-31,133,133,0,0
12952,1080,2025-04-30,133,133,0,0
12953,1080,2025-05-31,133,258,125,0
12954,1080,2025-06-30,258,258,0,0
12955,1080,2025-07-31,258,311,53,0
12956,1080,2025-08-31,311,409,98,0
12957,1080,2025-09-30,409,407,0,2
12958,1080,2025-10-31,407,456,49,0
12959,1080,2025-11-30,456,453,0,3
12960,1080,2025-12-31,453,453,0,0
12961,1081,2025-01-31,197,194,0,3
12962,1081,2025-02-28,194,194,0,0
12963,1081,2025-03-31,194,194,0,0
12964,1081,2025-04-30,194,194,0,0
12965,1081,2025-05-31,194,194,0,0
12966,1081,2025-06-30,194,194,0,0
12967,1081,2025-07-31,194,191,0,3
12968,1081,2025-08-31,191,191,0,0
12969,1081,2025-09-30,191,191,0,0
12970,1081,2025-10-31,191,191,0,0
12971,1081,2025-11-30,191,191,0,0
12972,1081,2025-12-31,191,191,0,0
12973,1082,2025-01-31,141,239,98,0
12974,1082,2025-02-28,239,239,0,0
12975,1082,2025-03-31,239,239,0,0
12976,1082,2025-04-30,239,239,0,0
12977,1082,2025-05-31,239,239,0,0
12978,1082,2025-06-30,239,348,109,0
12979,1082,2025-07-31,348,348,0,0
12980,1082,2025-08-31,348,348,0,0
12981,1082,2025-09-30,348,450,103,1
12982,1082,2025-10-31,450,550,100,0
12983,1082,2025-11-30,550,550,0,0
12984,1082,2025-12-31,550,550,0,0
12985,1083,2025-01-31,162,160,0,2
12986,1083,2025-02-28,160,265,105,0
12987,1083,2025-03-31,265,264,0,1
12988,1083,2025-04-30,264,264,0,0
12989,1083,2025-05-31,264,264,0,0
12990,1083,2025-06-30,264,419,156,1
12991,1083,2025-07-31,419,417,0,2
12992,1083,2025-08-31,417,417,0,0
12993,1083,2025-09-30,417,417,0,0
12994,1083,2025-10-31,417,417,0,0
12995,1083,2025-11-30,417,417,0,0
12996,1083,2025-12-31,417,417,0,0
12997,1084,2025-01-31,74,232,158,0
12998,1084,2025-02-28,232,232,0,0
12999,1084,2025-03-31,232,319,88,1
13000,1084,2025-04-30,319,316,0,3
13001,1084,2025-05-31,316,316,0,0
13002,1084,2025-06-30,316,316,0,0
13003,1084,2025-07-31,316,316,0,0
13004,1084,2025-08-31,316,316,0,0
13005,1084,2025-09-30,316,413,97,0
13006,1084,2025-10-31,413,410,0,3
13007,1084,2025-11-30,410,410,0,0
13008,1084,2025-12-31,410,410,0,0
13009,1085,2025-01-31,101,189,88,0
13010,1085,2025-02-28,189,189,0,0
13011,1085,2025-03-31,189,227,40,2
13012,1085,2025-04-30,227,227,0,0
13013,1085,2025-05-31,227,225,0,2
13014,1085,2025-06-30,225,225,0,0
13015,1085,2025-07-31,225,225,0,0
13016,1085,2025-08-31,225,223,0,2
13017,1085,2025-09-30,223,223,0,0
13018,1085,2025-10-31,223,346,123,0
13019,1085,2025-11-30,346,346,0,0
13020,1085,2025-12-31,346,346,0,0
13021,1086,2025-01-31,211,208,0,3
13022,1086,2025-02-28,208,206,0,2
13023,1086,2025-03-31,206,204,0,2
13024,1086,2025-04-30,204,204,0,0
13025,1086,2025-05-31,204,202,0,2
13026,1086,2025-06-30,202,202,0,0
13027,1086,2025-07-31,202,202,0,0
13028,1086,2025-08-31,202,202,0,0
13029,1086,2025-09-30,202,200,0,2
13030,1086,2025-10-31,200,200,0,0
13031,1086,2025-11-30,200,200,0,0
13032,1086,2025-12-31,200,200,0,0
13033,1087,2025-01-31,130,130,0,0
13034,1087,2025-02-28,130,276,146,0
13035,1087,2025-03-31,276,273,0,3
13036,1087,2025-04-30,273,272,0,1
13037,1087,2025-05-31,272,272,0,0
13038,1087,2025-06-30,272,272,0,0
13039,1087,2025-07-31,272,271,0,1
13040,1087,2025-08-31,271,271,0,0
13041,1087,2025-09-30,271,271,0,0
13042,1087,2025-10-31,271,372,102,1
13043,1087,2025-11-30,372,372,0,0
13044,1087,2025-12-31,372,372,0,0
13045,1088,2025-01-31,89,89,0,0
13046,1088,2025-02-28,89,89,0,0
13047,1088,2025-03-31,89,89,0,0
13048,1088,2025-04-30,89,186,99,2
13049,1088,2025-05-31,186,186,0,0
13050,1088,2025-06-30,186,186,0,0
13051,1088,2025-07-31,186,321,135,0
13052,1088,2025-08-31,321,394,75,2
13053,1088,2025-09-30,394,393,0,1
13054,1088,2025-10-31,393,392,0,1
13055,1088,2025-11-30,392,392,0,0
13056,1088,2025-12-31,392,392,0,0
13057,1089,2025-01-31,210,310,100,0
13058,1089,2025-02-28,310,310,0,0
13059,1089,2025-03-31,310,310,0,0
13060,1089,2025-04-30,310,310,0,0
13061,1089,2025-05-31,310,309,0,1
13062,1089,2025-06-30,309,309,0,0
13063,1089,2025-07-31,309,309,0,0
13064,1089,2025-08-31,309,396,87,0
13065,1089,2025-09-30,396,481,85,0
13066,1089,2025-10-31,481,481,0,0
13067,1089,2025-11-30,481,481,0,0
13068,1089,2025-12-31,481,481,0,0
13069,1090,2025-01-31,175,175,0,0
13070,1090,2025-02-28,175,229,54,0
13071,1090,2025-03-31,229,229,0,0
13072,1090,2025-04-30,229,228,0,1
13073,1090,2025-05-31,228,335,108,1
13074,1090,2025-06-30,335,334,0,1
13075,1090,2025-07-31,334,490,157,1
13076,1090,2025-08-31,490,490,0,0
13077,1090,2025-09-30,490,490,0,0
13078,1090,2025-10-31,490,489,0,1
13079,1090,2025-11-30,489,486,0,3
13080,1090,2025-12-31,486,486,0,0
13081,1091,2025-01-31,78,78,0,0
13082,1091,2025-02-28,78,165,87,0
13083,1091,2025-03-31,165,163,0,2
13084,1091,2025-04-30,163,162,0,1
13085,1091,2025-05-31,162,162,0,0
13086,1091,2025-06-30,162,162,0,0
13087,1091,2025-07-31,162,160,0,2
13088,1091,2025-08-31,160,160,0,0
13089,1091,2025-09-30,160,160,0,0
13090,1091,2025-10-31,160,160,0,0
13091,1091,2025-11-30,160,160,0,0
13092,1091,2025-12-31,160,160,0,0
13093,1092,2025-01-31,104,104,0,0
13094,1092,2025-02-28,104,104,0,0
13095,1092,2025-03-31,104,103,0,1
13096,1092,2025-04-30,103,103,0,0
13097,1092,2025-05-31,103,234,131,0
13098,1092,2025-06-30,234,234,0,0
13099,1092,2025-07-31,234,370,136,0
13100,1092,2025-08-31,370,501,131,0
13101,1092,2025-09-30,501,501,0,0
13102,1092,2025-10-31,501,610,109,0
13103,1092,2025-11-30,610,607,0,3
13104,1092,2025-12-31,607,607,0,0
13105,1093,2025-01-31,192,192,0,0
13106,1093,2025-02-28,192,192,0,0
13107,1093,2025-03-31,192,192,0,0
13108,1093,2025-04-30,192,192,0,0
13109,1093,2025-05-31,192,191,0,1
13110,1093,2025-06-30,191,191,0,0
13111,1093,2025-07-31,191,191,0,0
13112,1093,2025-08-31,191,276,85,0
13113,1093,2025-09-30,276,381,107,2
13114,1093,2025-10-31,381,381,0,0
13115,1093,2025-11-30,381,492,116,5
13116,1093,2025-12-31,492,492,0,0
13117,1094,2025-01-31,133,133,0,0
13118,1094,2025-02-28,133,133,0,0
13119,1094,2025-03-31,133,131,0,2
13120,1094,2025-04-30,131,131,0,0
13121,1094,2025-05-31,131,131,0,0
13122,1094,2025-06-30,131,131,0,0
13123,1094,2025-07-31,131,131,0,0
13124,1094,2025-08-31,131,131,0,0
13125,1094,2025-09-30,131,131,0,0
13126,1094,2025-10-31,131,131,0,0
13127,1094,2025-11-30,131,194,63,0
13128,1094,2025-12-31,194,277,83,0
13129,1095,2025-01-31,196,322,131,5
13130,1095,2025-02-28,322,322,0,0
13131,1095,2025-03-31,322,322,0,0
13132,1095,2025-04-30,322,322,0,0
13133,1095,2025-05-31,322,322,0,0
13134,1095,2025-06-30,322,458,137,1
13135,1095,2025-07-31,458,458,0,0
13136,1095,2025-08-31,458,458,0,0
13137,1095,2025-09-30,458,615,159,2
13138,1095,2025-10-31,615,614,0,1
13139,1095,2025-11-30,614,681,67,0
13140,1095,2025-12-31,681,769,90,2
13141,1096,2025-01-31,200,200,0,0
13142,1096,2025-02-28,200,200,0,0
13143,1096,2025-03-31,200,200,0,0
13144,1096,2025-04-30,200,200,0,0
13145,1096,2025-05-31,200,355,155,0
13146,1096,2025-06-30,355,355,0,0
13147,1096,2025-07-31,355,354,0,1
13148,1096,2025-08-31,354,354,0,0
13149,1096,2025-09-30,354,354,0,0
13150,1096,2025-10-31,354,354,0,0
13151,1096,2025-11-30,354,354,0,0
13152,1096,2025-12-31,354,449,95,0
13153,1097,2025-01-31,127,127,0,0
13154,1097,2025-02-28,127,263,137,1
13155,1097,2025-03-31,263,343,80,0
13156,1097,2025-04-30,343,342,0,1
13157,1097,2025-05-31,342,342,0,0
13158,1097,2025-06-30,342,342,0,0
13159,1097,2025-07-31,342,341,0,1
13160,1097,2025-08-31,341,341,0,0
13161,1097,2025-09-30,341,341,0,0
13162,1097,2025-10-31,341,341,0,0
13163,1097,2025-11-30,341,341,0,0
13164,1097,2025-12-31,341,341,0,0
13165,1098,2025-01-31,190,190,0,0
13166,1098,2025-02-28,190,341,151,0
13167,1098,2025-03-31,341,341,0,0
13168,1098,2025-04-30,341,341,0,0
13169,1098,2025-05-31,341,484,143,0
13170,1098,2025-06-30,484,607,123,0
13171,1098,2025-07-31,607,607,0,0
13172,1098,2025-08-31,607,607,0,0
13173,1098,2025-09-30,607,607,0,0
13174,1098,2025-10-31,607,603,0,4
13175,1098,2025-11-30,603,603,0,0
13176,1098,2025-12-31,603,603,0,0
13177,1099,2025-01-31,108,107,0,1
13178,1099,2025-02-28,107,103,0,4
13179,1099,2025-03-31,103,103,0,0
13180,1099,2025-04-30,103,145,42,0
13181,1099,2025-05-31,145,145,0,0
13182,1099,2025-06-30,145,145,0,0
13183,1099,2025-07-31,145,145,0,0
13184,1099,2025-08-31,145,256,111,0
13185,1099,2025-09-30,256,256,0,0
13186,1099,2025-10-31,256,320,64,0
13187,1099,2025-11-30,320,320,0,0
13188,1099,2025-12-31,320,317,0,3
13189,1100,2025-01-31,107,107,0,0
13190,1100,2025-02-28,107,107,0,0
13191,1100,2025-03-31,107,243,136,0
13192,1100,2025-04-30,243,241,0,2
13193,1100,2025-05-31,241,241,0,0
13194,1100,2025-06-30,241,241,0,0
13195,1100,2025-07-31,241,299,58,0
13196,1100,2025-08-31,299,299,0,0
13197,1100,2025-09-30,299,421,122,0
13198,1100,2025-10-31,421,421,0,0
13199,1100,2025-11-30,421,421,0,0
13200,1100,2025-12-31,421,421,0,0
13201,1101,2025-01-31,92,92,0,0
13202,1101,2025-02-28,92,92,0,0
13203,1101,2025-03-31,92,89,0,3
13204,1101,2025-04-30,89,89,0,0
13205,1101,2025-05-31,89,188,99,0
13206,1101,2025-06-30,188,187,0,1
13207,1101,2025-07-31,187,186,0,1
13208,1101,2025-08-31,186,186,0,0
13209,1101,2025-09-30,186,324,138,0
13210,1101,2025-10-31,324,375,53,2
13211,1101,2025-11-30,375,375,0,0
13212,1101,2025-12-31,375,453,78,0
13213,1102,2025-01-31,170,168,0,2
13214,1102,2025-02-28,168,168,0,0
13215,1102,2025-03-31,168,318,153,3
13216,1102,2025-04-30,318,384,66,0
13217,1102,2025-05-31,384,384,0,0
13218,1102,2025-06-30,384,384,0,0
13219,1102,2025-07-31,384,382,0,2
13220,1102,2025-08-31,382,487,105,0
13221,1102,2025-09-30,487,487,0,0
13222,1102,2025-10-31,487,487,0,0
13223,1102,2025-11-30,487,487,0,0
13224,1102,2025-12-31,487,535,48,0
13225,1103,2025-01-31,186,237,51,0
13226,1103,2025-02-28,237,237,0,0
13227,1103,2025-03-31,237,237,0,0
13228,1103,2025-04-30,237,372,135,0
13229,1103,2025-05-31,372,372,0,0
13230,1103,2025-06-30,372,371,0,1
13231,1103,2025-07-31,371,438,67,0
13232,1103,2025-08-31,438,437,0,1
13233,1103,2025-09-30,437,437,0,0
13234,1103,2025-10-31,437,437,0,0
13235,1103,2025-11-30,437,493,56,0
13236,1103,2025-12-31,493,493,0,0
13237,1104,2025-01-31,205,205,0,0
13238,1104,2025-02-28,205,334,129,0
13239,1104,2025-03-31,334,382,48,0
13240,1104,2025-04-30,382,381,0,1
13241,1104,2025-05-31,381,381,0,0
13242,1104,2025-06-30,381,381,0,0
13243,1104,2025-07-31,381,381,0,0
13244,1104,2025-08-31,381,517,139,3
13245,1104,2025-09-30,517,517,0,0
13246,1104,2025-10-31,517,566,51,2
13247,1104,2025-11-30,566,566,0,0
13248,1104,2025-12-31,566,566,0,0
