order_id,customer_id,order_date,channel,region,order_status,total_amount
1,581,2025-03-16,Retail,Southeast,completed,241.1
2,337,2025-04-05,Ecommerce,Midwest,completed,128.0
3,657,2025-06-20,Ecommerce,Midwest,completed,773.1
4,685,2025-03-31,Ecommerce,Southeast,completed,380.5
5,208,2025-02-25,Retail,Northeast,completed,233.25
6,821,2025-12-04,Ecommerce,Northeast,completed,322.05
7,737,2025-07-06,Retail,Midwest,completed,989.55
8,247,2025-10-13,Ecommerce,Southwest,completed,440.75
9,337,2025-05-07,Retail,Midwest,completed,182.4
10,1189,2025-01-02,Retail,Northeast,completed,400.0
11,682,2025-11-06,Ecommerce,Southwest,completed,219.3
12,119,2025-01-25,Ecommerce,West,completed,356.25
13,922,2025-01-15,Wholesale,Southwest,completed,126.0
14,925,2025-10-05,Ecommerce,Southeast,completed,476.7
15,72,2025-03-18,Ecommerce,Midwest,completed,121.0
16,257,2025-11-26,Ecommerce,West,completed,189.0
17,103,2025-01-10,Ecommerce,Southeast,completed,164.0
18,318,2025-04-23,Ecommerce,Southwest,completed,163.0
19,332,2025-07-04,Retail,Midwest,completed,98.6
20,1097,2025-09-19,Ecommerce,Northeast,completed,362.6
21,670,2025-04-13,Retail,West,completed,108.0
22,840,2025-10-21,Ecommerce,Southeast,completed,116.0
23,957,2025-11-16,Ecommerce,West,completed,55.0
24,812,2025-07-13,Ecommerce,Midwest,completed,436.0
25,1000,2025-08-10,Ecommerce,Midwest,completed,89.3
26,1016,2025-06-01,Wholesale,Southeast,completed,560.0
27,610,2025-11-12,Ecommerce,Southeast,completed,167.2
28,648,2025-10-09,Ecommerce,Southeast,completed,107.0
29,1169,2025-05-24,Ecommerce,Southeast,completed,608.0
30,901,2025-07-19,Ecommerce,West,completed,116.0
31,1130,2025-07-05,Ecommerce,West,completed,248.0
32,386,2025-03-08,Ecommerce,West,completed,276.6
33,233,2025-11-29,Retail,Midwest,completed,245.0
34,765,2025-08-17,Ecommerce,West,completed,521.3
35,759,2025-03-17,Ecommerce,Southeast,completed,289.05
36,1130,2025-08-01,Retail,West,completed,606.85
37,840,2025-11-19,Ecommerce,Southeast,completed,911.45
38,746,2025-01-05,Ecommerce,Southwest,completed,50.0
39,434,2025-09-07,Ecommerce,Midwest,completed,192.0
40,59,2025-02-06,Retail,West,completed,384.0
41,18,2025-05-09,Wholesale,Southeast,completed,390.3
42,812,2025-05-15,Ecommerce,Midwest,completed,345.0
43,959,2025-03-27,Retail,Southwest,completed,431.0
44,365,2025-06-08,Ecommerce,Southwest,completed,282.0
45,174,2025-08-19,Retail,Midwest,completed,120.6
46,858,2025-07-11,Ecommerce,Southeast,completed,236.0
47,1060,2025-06-04,Ecommerce,West,completed,126.35
48,962,2025-01-27,Retail,Midwest,completed,375.7
49,815,2025-12-23,Ecommerce,Southwest,completed,645.0
50,650,2025-05-14,Ecommerce,Northeast,completed,117.0
51,691,2025-10-11,Wholesale,Southeast,completed,279.5
52,428,2025-11-24,Ecommerce,Southwest,completed,207.4
53,9,2025-09-05,Ecommerce,Southeast,completed,296.0
54,1086,2025-11-23,Wholesale,Northeast,completed,104.0
55,1072,2025-05-10,Retail,Southwest,completed,94.0
56,573,2025-04-18,Retail,Southwest,completed,112.0
57,523,2025-09-20,Retail,Southeast,completed,117.0
58,1020,2025-01-28,Ecommerce,Southeast,completed,561.0
59,829,2025-05-29,Retail,Northeast,completed,108.8
60,1076,2025-04-11,Ecommerce,West,completed,659.0
61,862,2025-02-08,Ecommerce,Northeast,completed,218.0
62,1022,2025-02-15,Wholesale,Southeast,completed,96.9
63,860,2025-06-28,Ecommerce,Southwest,completed,466.0
64,1125,2025-08-01,Ecommerce,Southeast,completed,420.0
65,447,2025-08-21,Wholesale,Southwest,completed,503.8
66,797,2025-08-01,Wholesale,Northeast,completed,342.0
67,565,2025-09-16,Ecommerce,Midwest,completed,114.0
68,571,2025-03-07,Ecommerce,Southeast,completed,104.0
69,714,2025-11-27,Ecommerce,West,completed,62.0
70,941,2025-04-14,Ecommerce,Southwest,completed,548.0
71,1042,2025-06-09,Ecommerce,Midwest,completed,51.0
72,824,2025-11-24,Retail,Northeast,completed,130.0
73,545,2025-08-27,Ecommerce,Northeast,completed,180.8
74,777,2025-11-20,Ecommerce,Midwest,completed,110.0
75,246,2025-08-16,Ecommerce,Southeast,completed,555.25
76,727,2025-10-12,Retail,Midwest,completed,318.9
77,159,2025-10-23,Wholesale,Midwest,completed,279.9
78,43,2025-01-27,Retail,Northeast,completed,377.9
79,29,2025-06-03,Ecommerce,Southwest,completed,234.0
80,1027,2025-01-18,Ecommerce,West,completed,763.6
81,279,2025-04-09,Retail,Southwest,completed,771.8
82,1016,2025-12-25,Wholesale,Southeast,completed,501.0
83,858,2025-04-16,Ecommerce,Southeast,completed,112.0
84,143,2025-05-02,Ecommerce,Southwest,completed,59.0
85,11,2025-07-26,Ecommerce,Northeast,completed,395.2
86,440,2025-04-18,Ecommerce,Southeast,completed,214.1
87,912,2025-12-20,Wholesale,Northeast,completed,474.0
88,839,2025-10-20,Ecommerce,Midwest,completed,113.0
89,1013,2025-04-05,Wholesale,Southwest,completed,127.8
90,295,2025-11-13,Ecommerce,Midwest,completed,536.3
91,643,2025-11-21,Ecommerce,West,completed,517.0
92,476,2025-05-25,Ecommerce,Southwest,completed,425.8
93,842,2025-12-24,Ecommerce,Southwest,completed,640.8
94,731,2025-04-08,Ecommerce,Southeast,completed,138.0
95,715,2025-02-07,Retail,Northeast,completed,107.0
96,867,2025-01-07,Ecommerce,Southeast,completed,84.0
97,1166,2025-12-18,Ecommerce,Midwest,completed,128.0
98,687,2025-12-24,Ecommerce,Southeast,completed,563.0
99,612,2025-03-04,Ecommerce,Midwest,completed,76.0
100,89,2025-02-15,Retail,Southeast,completed,621.0
101,131,2025-07-13,Retail,West,completed,92.8
102,280,2025-05-26,Wholesale,Southeast,completed,223.2
103,770,2025-10-18,Ecommerce,West,completed,806.8
104,835,2025-07-01,Retail,Northeast,completed,324.0
105,366,2025-04-04,Ecommerce,West,completed,524.0
106,285,2025-12-06,Ecommerce,Midwest,completed,765.8
107,1022,2025-05-26,Ecommerce,Southeast,completed,226.0
108,296,2025-12-22,Ecommerce,Northeast,completed,498.8
109,235,2025-09-05,Ecommerce,West,completed,290.4
110,549,2025-04-01,Ecommerce,Southwest,completed,335.0
111,1198,2025-07-23,Retail,Midwest,completed,217.8
112,1097,2025-02-22,Retail,Northeast,completed,467.0
113,1142,2025-10-19,Wholesale,West,completed,62.0
114,989,2025-06-29,Ecommerce,Northeast,completed,232.0
115,840,2025-05-11,Ecommerce,Southeast,completed,408.0
116,565,2025-08-03,Ecommerce,Midwest,completed,62.0
117,786,2025-05-11,Ecommerce,Southeast,completed,375.0
118,435,2025-04-21,Retail,Southwest,completed,104.0
119,564,2025-07-22,Ecommerce,Southeast,completed,48.0
120,814,2025-05-28,Retail,Northeast,completed,697.0
121,686,2025-01-15,Ecommerce,Northeast,completed,115.9
122,512,2025-12-10,Ecommerce,Southeast,completed,316.3
123,356,2025-04-11,Ecommerce,Southeast,completed,132.0
124,971,2025-10-17,Retail,Southeast,completed,65.0
125,196,2025-04-27,Ecommerce,Midwest,completed,466.4
126,1153,2025-12-15,Retail,Southwest,completed,99.9
127,1109,2025-07-27,Ecommerce,Southeast,completed,333.0
128,991,2025-01-03,Retail,Midwest,completed,136.0
129,518,2025-07-07,Retail,Midwest,completed,252.0
130,171,2025-04-26,Wholesale,Southwest,completed,314.6
131,318,2025-07-19,Ecommerce,Southwest,completed,443.0
132,596,2025-08-04,Ecommerce,West,completed,323.05
133,1036,2025-09-22,Ecommerce,Northeast,completed,303.45
134,1133,2025-10-19,Ecommerce,West,completed,297.0
135,737,2025-03-16,Retail,Midwest,completed,103.0
136,746,2025-12-26,Retail,Southwest,completed,126.0
137,791,2025-03-18,Retail,West,completed,685.0
138,546,2025-01-27,Retail,Midwest,completed,354.0
139,286,2025-08-02,Retail,Southwest,completed,318.0
140,1171,2025-04-30,Ecommerce,West,completed,465.3
141,868,2025-02-21,Ecommerce,Midwest,completed,87.55
142,523,2025-05-12,Retail,Southeast,completed,648.0
143,623,2025-09-01,Ecommerce,Southeast,completed,278.1
144,669,2025-02-17,Ecommerce,Midwest,completed,352.0
145,142,2025-10-29,Ecommerce,Southwest,completed,271.8
146,866,2025-11-24,Retail,Midwest,completed,104.0
147,361,2025-11-01,Wholesale,Southwest,completed,485.0
148,89,2025-02-23,Ecommerce,Southeast,completed,520.0
149,233,2025-06-02,Ecommerce,Midwest,completed,175.0
150,1060,2025-03-20,Retail,West,completed,662.4
151,729,2025-09-30,Ecommerce,Northeast,completed,164.0
152,286,2025-03-19,Retail,Southwest,completed,180.0
153,924,2025-08-16,Retail,Southwest,completed,202.4
154,894,2025-02-08,Ecommerce,West,completed,104.5
155,679,2025-06-28,Wholesale,Southwest,completed,99.0
156,266,2025-12-06,Retail,Northeast,completed,433.0
157,1119,2025-12-30,Ecommerce,Southeast,completed,184.45
158,209,2025-11-18,Retail,Southwest,completed,300.0
159,714,2025-05-05,Ecommerce,West,completed,197.4
160,271,2025-07-16,Retail,West,completed,281.0
161,851,2025-09-28,Wholesale,Midwest,completed,168.0
162,211,2025-03-19,Ecommerce,Northeast,completed,702.0
163,646,2025-06-10,Ecommerce,Northeast,completed,315.0
164,485,2025-12-01,Ecommerce,Southeast,completed,108.3
165,1191,2025-05-25,Ecommerce,Southeast,completed,125.0
166,28,2025-12-12,Wholesale,Northeast,completed,92.65
167,1029,2025-09-03,Ecommerce,Southeast,completed,220.0
168,223,2025-06-11,Ecommerce,Midwest,completed,387.2
169,668,2025-02-17,Ecommerce,Northeast,completed,348.0
170,814,2025-11-14,Retail,Northeast,completed,556.0
171,231,2025-09-09,Ecommerce,Northeast,completed,323.0
172,728,2025-12-17,Ecommerce,Midwest,completed,64.0
173,655,2025-06-18,Ecommerce,Midwest,completed,573.4
174,1,2025-11-19,Retail,Southwest,completed,461.0
175,366,2025-07-19,Retail,West,completed,150.45
176,1136,2025-04-18,Ecommerce,Midwest,completed,62.9
177,227,2025-12-09,Retail,Midwest,completed,307.2
178,763,2025-08-26,Wholesale,West,completed,230.4
179,285,2025-08-28,Ecommerce,Midwest,completed,212.0
180,1068,2025-11-06,Ecommerce,Southwest,completed,540.95
181,799,2025-12-03,Retail,Southeast,completed,474.85
182,511,2025-12-31,Wholesale,Southwest,completed,85.85
183,1065,2025-01-07,Retail,Southeast,completed,913.25
184,512,2025-10-23,Ecommerce,Southeast,completed,182.3
185,1106,2025-06-16,Ecommerce,Northeast,completed,67.0
186,780,2025-12-12,Wholesale,Midwest,completed,517.7
187,1199,2025-10-15,Ecommerce,Midwest,completed,1001.0
188,138,2025-05-21,Ecommerce,Northeast,completed,377.05
189,913,2025-03-04,Ecommerce,West,completed,94.4
190,225,2025-08-27,Wholesale,Northeast,completed,346.0
191,822,2025-08-21,Wholesale,Southeast,completed,128.95
192,1040,2025-07-12,Ecommerce,Southwest,completed,206.2
193,524,2025-07-25,Retail,Southwest,completed,174.7
194,296,2025-05-17,Ecommerce,Northeast,completed,124.0
195,526,2025-12-15,Ecommerce,Northeast,completed,136.0
196,1194,2025-10-31,Ecommerce,West,completed,345.0
197,864,2025-12-28,Retail,Northeast,completed,110.0
198,289,2025-05-17,Retail,West,completed,66.0
199,888,2025-04-06,Ecommerce,Midwest,completed,94.0
200,268,2025-10-31,Retail,West,completed,118.0
201,1129,2025-10-19,Ecommerce,Southwest,completed,267.0
202,500,2025-05-03,Ecommerce,Northeast,completed,115.9
203,393,2025-01-01,Ecommerce,Southwest,completed,255.5
204,697,2025-11-29,Retail,Midwest,completed,221.0
205,375,2025-06-12,Ecommerce,Southwest,completed,496.15
206,519,2025-05-07,Ecommerce,Southwest,completed,496.4
207,740,2025-02-14,Wholesale,Southeast,completed,128.0
208,1191,2025-02-03,Ecommerce,Southeast,completed,156.2
209,426,2025-08-31,Retail,Midwest,completed,226.0
210,1034,2025-07-04,Ecommerce,Midwest,completed,357.0
211,486,2025-12-01,Ecommerce,Southeast,completed,477.15
212,658,2025-09-26,Ecommerce,Midwest,completed,632.8
213,12,2025-07-10,Ecommerce,Northeast,completed,509.0
214,875,2025-07-22,Ecommerce,West,completed,85.6
215,478,2025-09-06,Retail,Northeast,completed,308.8
216,48,2025-03-17,Retail,Southeast,completed,233.0
217,715,2025-05-12,Retail,Northeast,completed,416.0
218,558,2025-04-06,Retail,Northeast,completed,99.9
219,1181,2025-05-27,Ecommerce,Southeast,completed,102.0
220,558,2025-04-11,Ecommerce,Northeast,completed,454.2
221,891,2025-04-25,Ecommerce,Southwest,completed,134.9
222,301,2025-08-12,Ecommerce,Midwest,completed,702.55
223,831,2025-11-28,Ecommerce,Southeast,completed,346.0
224,25,2025-01-16,Ecommerce,West,completed,208.4
225,972,2025-02-16,Ecommerce,Northeast,completed,72.2
226,316,2025-01-22,Ecommerce,West,completed,300.85
227,71,2025-09-12,Ecommerce,West,completed,264.0
228,220,2025-01-28,Wholesale,Southeast,completed,628.4
229,743,2025-01-07,Ecommerce,West,completed,656.1
230,269,2025-11-25,Wholesale,Southwest,completed,338.95
231,253,2025-12-10,Retail,Southeast,completed,222.0
232,192,2025-09-10,Ecommerce,West,completed,346.0
233,1121,2025-04-05,Ecommerce,Southwest,completed,208.0
234,221,2025-03-03,Ecommerce,Northeast,completed,52.0
235,141,2025-02-19,Wholesale,Southeast,completed,125.0
236,323,2025-11-27,Retail,Southeast,completed,204.0
237,388,2025-05-18,Ecommerce,Midwest,completed,189.55
238,55,2025-02-21,Ecommerce,Southeast,completed,153.0
239,877,2025-02-22,Ecommerce,Midwest,completed,409.0
240,953,2025-01-06,Retail,West,completed,343.4
241,975,2025-09-08,Retail,Northeast,completed,134.4
242,1084,2025-10-08,Ecommerce,Southeast,completed,520.0
243,1081,2025-05-02,Ecommerce,Northeast,completed,824.0
244,251,2025-01-10,Retail,Northeast,completed,54.0
245,561,2025-05-28,Ecommerce,Midwest,completed,709.4
246,1002,2025-10-06,Retail,Midwest,completed,240.0
247,271,2025-07-31,Wholesale,West,completed,105.0
248,21,2025-06-27,Ecommerce,Southeast,completed,302.9
249,123,2025-10-11,Ecommerce,West,completed,132.1
250,154,2025-11-03,Ecommerce,Northeast,completed,167.2
251,269,2025-03-27,Ecommerce,Southwest,completed,1020.0
252,1065,2025-04-22,Retail,Southeast,completed,229.35
253,471,2025-06-10,Ecommerce,Southwest,completed,411.0
254,896,2025-12-26,Ecommerce,West,completed,711.6
255,344,2025-08-25,Ecommerce,West,completed,149.9
256,152,2025-02-07,Ecommerce,Northeast,completed,214.6
257,536,2025-05-08,Wholesale,Southeast,completed,217.9
258,842,2025-09-13,Ecommerce,Southwest,completed,445.8
259,126,2025-03-02,Ecommerce,Midwest,completed,648.0
260,581,2025-07-31,Retail,Southeast,completed,583.4
261,82,2025-01-07,Retail,Midwest,completed,577.0
262,469,2025-04-14,Ecommerce,West,completed,114.0
263,853,2025-08-22,Ecommerce,Southwest,completed,157.4
264,1130,2025-07-10,Ecommerce,West,completed,89.4
265,521,2025-10-04,Ecommerce,Midwest,completed,57.0
266,988,2025-03-26,Ecommerce,Southeast,completed,359.6
267,664,2025-03-09,Ecommerce,Southwest,completed,381.0
268,232,2025-05-24,Ecommerce,Southeast,completed,646.5
269,342,2025-03-11,Retail,Midwest,completed,207.45
270,1122,2025-08-17,Ecommerce,Midwest,completed,591.0
271,205,2025-09-14,Ecommerce,West,completed,182.0
272,582,2025-12-17,Ecommerce,Southeast,completed,220.0
273,1120,2025-03-26,Ecommerce,Southeast,completed,358.0
274,31,2025-06-01,Retail,West,completed,660.45
275,86,2025-06-09,Ecommerce,Southeast,completed,226.95
276,203,2025-02-10,Wholesale,Southeast,completed,134.0
277,599,2025-11-21,Wholesale,Southeast,completed,294.0
278,45,2025-12-11,Ecommerce,Northeast,completed,327.0
279,375,2025-02-17,Retail,Southwest,completed,110.0
280,1085,2025-03-15,Retail,Northeast,completed,244.0
281,218,2025-10-01,Wholesale,Southeast,completed,758.2
282,289,2025-06-27,Ecommerce,West,completed,198.0
283,210,2025-08-30,Ecommerce,Southeast,completed,83.3
284,946,2025-04-28,Ecommerce,Southeast,completed,101.0
285,242,2025-07-31,Ecommerce,West,completed,116.45
286,32,2025-05-08,Ecommerce,Midwest,completed,590.0
287,85,2025-02-09,Retail,Southwest,completed,111.0
288,290,2025-06-19,Retail,Southwest,completed,425.4
289,1182,2025-04-29,Ecommerce,Midwest,completed,66.0
290,98,2025-12-02,Retail,Southeast,completed,449.8
291,254,2025-10-04,Retail,Midwest,completed,145.8
292,1126,2025-06-23,Ecommerce,Midwest,completed,204.0
293,732,2025-03-04,Retail,West,completed,370.0
294,1187,2025-05-27,Retail,Southwest,completed,417.4
295,1044,2025-03-18,Retail,Northeast,completed,250.7
296,440,2025-11-19,Retail,Southeast,completed,310.35
297,185,2025-10-21,Wholesale,West,completed,120.0
298,949,2025-07-22,Wholesale,West,completed,385.0
299,342,2025-07-17,Retail,Midwest,completed,326.0
300,451,2025-07-26,Ecommerce,West,completed,345.0
301,55,2025-01-30,Ecommerce,Southeast,completed,246.2
302,197,2025-07-19,Retail,West,completed,721.7
303,696,2025-04-20,Retail,Southeast,completed,275.0
304,1072,2025-04-18,Ecommerce,Southwest,completed,286.2
305,614,2025-03-07,Ecommerce,Midwest,completed,45.9
306,481,2025-08-28,Wholesale,Midwest,completed,67.45
307,500,2025-07-24,Wholesale,Northeast,completed,180.0
308,890,2025-01-10,Retail,Northeast,completed,237.5
309,870,2025-05-30,Ecommerce,Midwest,completed,681.0
310,1113,2025-02-10,Retail,Northeast,completed,503.0
311,57,2025-09-14,Wholesale,West,completed,360.0
312,426,2025-07-03,Ecommerce,Midwest,completed,110.0
313,336,2025-04-22,Retail,Southwest,completed,202.0
314,129,2025-10-17,Ecommerce,Southwest,completed,294.0
315,183,2025-10-31,Retail,Northeast,completed,55.1
316,1010,2025-11-02,Wholesale,Southeast,completed,287.25
317,868,2025-11-24,Ecommerce,Midwest,completed,224.9
318,1055,2025-01-07,Retail,West,completed,817.9
319,151,2025-07-07,Ecommerce,Northeast,completed,906.15
320,200,2025-02-08,Ecommerce,Northeast,completed,102.0
321,815,2025-05-12,Retail,Southwest,completed,116.0
322,5,2025-10-01,Ecommerce,West,completed,365.65
323,756,2025-08-20,Ecommerce,Southeast,completed,180.0
324,40,2025-04-04,Ecommerce,West,completed,215.6
325,1025,2025-11-10,Ecommerce,Southeast,completed,1090.7
326,430,2025-10-16,Ecommerce,West,completed,324.0
327,985,2025-11-29,Ecommerce,Northeast,completed,406.3
328,119,2025-10-17,Retail,West,completed,694.0
329,17,2025-04-13,Ecommerce,West,completed,441.0
330,72,2025-11-06,Ecommerce,Midwest,completed,331.0
331,1102,2025-08-01,Retail,Southwest,completed,59.0
332,127,2025-10-10,Retail,Midwest,completed,577.6
333,429,2025-06-18,Ecommerce,Northeast,completed,169.0
334,808,2025-02-26,Retail,Southeast,completed,630.0
335,1073,2025-05-21,Ecommerce,Midwest,completed,570.7
336,329,2025-09-06,Ecommerce,West,completed,359.4
337,750,2025-05-19,Retail,Southwest,completed,48.0
338,191,2025-04-06,Ecommerce,Midwest,completed,103.0
339,28,2025-07-07,Ecommerce,Northeast,completed,471.0
340,588,2025-12-13,Wholesale,Northeast,completed,120.0
341,1055,2025-02-25,Ecommerce,West,completed,137.0
342,946,2025-04-10,Ecommerce,Southeast,completed,383.0
343,499,2025-01-14,Wholesale,Midwest,completed,57.0
344,844,2025-09-24,Retail,West,completed,230.0
345,908,2025-03-10,Ecommerce,West,completed,91.8
346,233,2025-03-31,Ecommerce,Midwest,completed,256.0
347,876,2025-02-02,Ecommerce,Midwest,completed,438.35
348,1188,2025-05-11,Ecommerce,Northeast,completed,107.0
349,382,2025-07-01,Ecommerce,Northeast,completed,120.0
350,990,2025-02-16,Ecommerce,Northeast,completed,100.7
351,1087,2025-02-02,Ecommerce,Southwest,completed,266.2
352,142,2025-06-29,Retail,Southwest,completed,231.2
353,681,2025-11-16,Ecommerce,Southwest,completed,527.0
354,1193,2025-07-16,Ecommerce,Northeast,completed,276.0
355,289,2025-09-23,Ecommerce,West,completed,207.0
356,505,2025-11-09,Retail,Northeast,completed,424.8
357,953,2025-03-16,Ecommerce,West,completed,125.0
358,22,2025-08-06,Ecommerce,West,completed,506.2
359,738,2025-08-16,Ecommerce,West,completed,300.0
360,130,2025-10-02,Retail,Southwest,completed,71.25
361,966,2025-04-21,Ecommerce,Southeast,completed,1074.0
362,997,2025-04-30,Retail,Southwest,completed,294.0
363,1082,2025-08-02,Ecommerce,Southeast,completed,153.0
364,943,2025-03-19,Retail,Southeast,completed,117.8
365,133,2025-04-06,Retail,West,completed,781.4
366,776,2025-10-11,Retail,Southeast,completed,67.0
367,1104,2025-10-02,Retail,Southeast,completed,646.65
368,1125,2025-07-22,Ecommerce,Southeast,completed,323.15
369,719,2025-12-09,Retail,West,completed,90.0
370,871,2025-02-23,Ecommerce,Midwest,completed,54.9
371,1115,2025-03-23,Retail,Midwest,completed,251.0
372,231,2025-08-07,Ecommerce,Northeast,completed,206.6
373,326,2025-07-24,Ecommerce,Southwest,completed,198.0
374,516,2025-01-25,Ecommerce,West,completed,276.0
375,807,2025-07-01,Ecommerce,Southwest,completed,571.0
376,642,2025-04-22,Retail,Midwest,completed,216.0
377,138,2025-02-23,Wholesale,Northeast,completed,509.0
378,514,2025-10-11,Ecommerce,Midwest,completed,73.15
379,56,2025-03-21,Ecommerce,Northeast,completed,215.0
380,1029,2025-04-21,Ecommerce,Southeast,completed,448.85
381,880,2025-11-14,Ecommerce,West,completed,313.0
382,186,2025-06-07,Ecommerce,Southeast,completed,577.5
383,1160,2025-09-01,Ecommerce,Northeast,completed,470.1
384,174,2025-05-08,Ecommerce,Midwest,completed,354.8
385,1180,2025-08-05,Wholesale,West,completed,176.65
386,452,2025-10-14,Retail,Midwest,completed,345.0
387,1054,2025-09-21,Retail,Southwest,completed,110.0
388,492,2025-08-14,Ecommerce,Midwest,completed,771.0
389,978,2025-06-23,Ecommerce,Midwest,completed,522.75
390,375,2025-07-14,Ecommerce,Southwest,completed,300.0
391,1100,2025-12-23,Ecommerce,West,completed,493.25
392,455,2025-05-14,Ecommerce,Northeast,completed,506.0
393,277,2025-01-14,Ecommerce,Southwest,completed,111.95
394,111,2025-09-12,Ecommerce,Northeast,completed,234.0
395,869,2025-02-25,Retail,Southeast,completed,584.3
396,1108,2025-06-27,Retail,Northeast,completed,61.2
397,31,2025-12-06,Ecommerce,West,completed,76.5
398,231,2025-05-26,Retail,Northeast,completed,57.8
399,495,2025-05-01,Ecommerce,Northeast,completed,166.0
400,524,2025-08-10,Ecommerce,Southwest,completed,115.0
401,258,2025-06-14,Ecommerce,Midwest,completed,835.45
402,337,2025-01-13,Retail,Midwest,completed,352.0
403,112,2025-02-21,Ecommerce,West,completed,79.0
404,868,2025-09-05,Retail,Midwest,completed,300.0
405,680,2025-10-17,Ecommerce,Northeast,completed,225.0
406,682,2025-04-08,Retail,Southwest,completed,232.0
407,1065,2025-01-13,Ecommerce,Southeast,completed,422.0
408,339,2025-05-22,Ecommerce,Southeast,completed,54.0
409,864,2025-03-04,Retail,Northeast,completed,261.5
410,835,2025-10-24,Ecommerce,Northeast,completed,426.0
411,611,2025-05-28,Ecommerce,Midwest,completed,503.3
412,482,2025-05-08,Retail,Southeast,completed,283.0
413,282,2025-01-13,Retail,Southwest,completed,57.0
414,506,2025-01-10,Retail,Southwest,completed,246.0
415,107,2025-12-10,Ecommerce,Midwest,completed,174.0
416,207,2025-09-04,Ecommerce,Midwest,completed,483.4
417,195,2025-09-24,Wholesale,Southwest,completed,251.0
418,758,2025-04-29,Retail,Southeast,completed,147.0
419,997,2025-03-19,Ecommerce,Southwest,completed,100.0
420,604,2025-04-21,Ecommerce,Northeast,completed,69.0
421,1174,2025-05-27,Wholesale,West,completed,516.0
422,148,2025-10-03,Wholesale,Southwest,completed,172.9
423,130,2025-02-12,Ecommerce,Southwest,completed,52.0
424,1110,2025-02-23,Ecommerce,Northeast,completed,145.0
425,920,2025-06-21,Wholesale,Midwest,completed,126.0
426,260,2025-01-11,Retail,Northeast,completed,567.75
427,812,2025-10-18,Wholesale,Midwest,completed,477.25
428,783,2025-09-08,Ecommerce,Northeast,completed,825.15
429,964,2025-10-07,Ecommerce,Midwest,completed,107.0
430,988,2025-10-15,Wholesale,Southeast,completed,129.0
431,382,2025-10-06,Ecommerce,Northeast,completed,118.0
432,968,2025-05-14,Retail,Southeast,completed,55.0
433,1163,2025-08-01,Retail,West,completed,283.7
434,702,2025-05-24,Ecommerce,Southwest,completed,107.35
435,601,2025-03-21,Ecommerce,Southwest,completed,680.1
436,1020,2025-10-04,Wholesale,Southeast,completed,116.0
437,264,2025-09-02,Ecommerce,West,completed,325.0
438,647,2025-06-28,Ecommerce,Northeast,completed,225.0
439,248,2025-02-08,Retail,Northeast,completed,726.25
440,1185,2025-05-15,Ecommerce,West,completed,296.5
441,961,2025-10-05,Ecommerce,Southeast,completed,101.0
442,557,2025-03-04,Wholesale,Midwest,completed,104.5
443,986,2025-02-16,Retail,Southeast,completed,45.0
444,566,2025-09-05,Ecommerce,Northeast,completed,263.0
445,398,2025-12-24,Ecommerce,Midwest,completed,369.0
446,519,2025-06-03,Ecommerce,Southwest,completed,318.0
447,658,2025-11-05,Retail,Midwest,completed,55.0
448,1082,2025-07-30,Ecommerce,Southeast,completed,396.0
449,984,2025-01-24,Ecommerce,Northeast,completed,495.25
450,804,2025-08-10,Ecommerce,Northeast,completed,302.1
451,651,2025-05-29,Retail,Southeast,completed,655.1
452,1194,2025-03-21,Wholesale,West,completed,103.0
453,113,2025-11-08,Ecommerce,Northeast,completed,193.95
454,761,2025-11-20,Retail,West,completed,300.0
455,691,2025-05-31,Ecommerce,Southeast,completed,710.05
456,308,2025-09-01,Retail,West,completed,318.0
457,905,2025-10-04,Ecommerce,Midwest,completed,246.0
458,143,2025-04-01,Wholesale,Southwest,completed,266.0
459,723,2025-06-08,Ecommerce,Northeast,completed,556.0
460,690,2025-11-01,Ecommerce,Southwest,completed,821.25
461,520,2025-04-10,Ecommerce,Northeast,completed,306.8
462,1158,2025-09-17,Ecommerce,West,completed,258.0
463,78,2025-05-18,Wholesale,Southeast,completed,93.6
464,723,2025-09-01,Ecommerce,Northeast,completed,212.0
465,617,2025-10-10,Wholesale,Southeast,completed,415.0
466,275,2025-12-23,Ecommerce,Midwest,completed,591.0
467,1194,2025-04-16,Ecommerce,West,completed,685.2
468,629,2025-04-03,Retail,Northeast,completed,105.4
469,44,2025-08-08,Wholesale,West,completed,345.0
470,83,2025-01-30,Ecommerce,Midwest,completed,742.6
471,205,2025-03-21,Ecommerce,West,completed,238.0
472,909,2025-03-09,Retail,Northeast,completed,59.0
473,318,2025-02-18,Retail,Southwest,completed,110.5
474,707,2025-11-19,Ecommerce,Northeast,completed,265.2
475,835,2025-11-05,Ecommerce,Northeast,completed,480.0
476,1108,2025-01-31,Retail,Northeast,completed,119.0
477,1045,2025-07-01,Ecommerce,Northeast,completed,1443.2
478,689,2025-06-11,Ecommerce,Northeast,completed,202.0
479,1016,2025-11-24,Ecommerce,Southeast,completed,152.3
480,995,2025-02-07,Ecommerce,Northeast,completed,230.0
481,1064,2025-03-04,Retail,Northeast,completed,210.0
482,1130,2025-08-27,Ecommerce,West,completed,288.0
483,799,2025-01-09,Ecommerce,Southeast,completed,385.0
484,373,2025-09-07,Ecommerce,West,completed,238.1
485,279,2025-12-28,Retail,Southwest,completed,538.0
486,826,2025-11-30,Retail,Southwest,completed,521.2
487,395,2025-12-25,Ecommerce,Northeast,completed,192.0
488,399,2025-07-12,Wholesale,Southwest,completed,108.0
489,104,2025-11-17,Ecommerce,Southwest,completed,114.0
490,660,2025-08-06,Retail,Southeast,completed,96.9
491,1028,2025-11-21,Retail,Southwest,completed,499.65
492,435,2025-12-20,Ecommerce,Southwest,completed,601.3
493,1081,2025-10-30,Ecommerce,Northeast,completed,481.0
494,1125,2025-03-15,Ecommerce,Southeast,completed,339.0
495,425,2025-07-04,Retail,Southeast,completed,234.5
496,541,2025-05-25,Ecommerce,Midwest,completed,246.6
497,911,2025-07-12,Retail,Midwest,completed,259.2
498,278,2025-12-04,Retail,Southeast,completed,243.75
499,299,2025-07-22,Ecommerce,West,completed,110.0
500,54,2025-05-29,Ecommerce,Midwest,completed,390.0
501,1160,2025-08-08,Ecommerce,Northeast,completed,216.0
502,923,2025-02-04,Ecommerce,Northeast,completed,55.1
503,151,2025-09-04,Ecommerce,Northeast,completed,111.0
504,320,2025-06-05,Ecommerce,Northeast,completed,100.0
505,651,2025-03-21,Ecommerce,Southeast,completed,755.5
506,1170,2025-11-10,Retail,Midwest,completed,218.6
507,537,2025-02-01,Retail,West,completed,126.0
508,888,2025-05-16,Ecommerce,Midwest,completed,647.0
509,573,2025-01-02,Ecommerce,Southwest,completed,129.0
510,1011,2025-08-16,Retail,Northeast,completed,111.0
511,404,2025-12-28,Retail,Southeast,completed,597.5
512,613,2025-02-18,Wholesale,Southwest,completed,794.0
513,803,2025-07-04,Ecommerce,Southwest,completed,570.0
514,974,2025-05-17,Retail,Southwest,completed,72.2
515,492,2025-03-10,Ecommerce,Midwest,completed,116.0
516,788,2025-10-25,Ecommerce,Northeast,completed,239.0
517,588,2025-05-22,Wholesale,Northeast,completed,168.0
518,913,2025-01-13,Ecommerce,West,completed,170.0
519,1124,2025-03-07,Ecommerce,Southwest,completed,98.0
520,10,2025-09-24,Ecommerce,Southeast,completed,52.0
521,933,2025-01-14,Retail,West,completed,253.0
522,478,2025-12-19,Ecommerce,Northeast,completed,226.0
523,496,2025-02-04,Retail,Southwest,completed,473.25
524,84,2025-07-08,Retail,Southeast,completed,91.2
525,236,2025-01-10,Ecommerce,Midwest,completed,371.6
526,526,2025-03-09,Retail,Northeast,completed,175.6
527,852,2025-01-05,Ecommerce,Midwest,completed,232.0
528,306,2025-02-27,Ecommerce,Northeast,completed,443.0
529,1180,2025-02-08,Ecommerce,West,completed,57.8
530,549,2025-01-22,Ecommerce,Southwest,completed,259.0
531,719,2025-12-04,Retail,West,completed,383.6
532,77,2025-05-10,Ecommerce,Southeast,completed,488.1
533,1164,2025-03-30,Retail,Southeast,completed,253.4
534,816,2025-07-18,Retail,Southwest,completed,369.0
535,809,2025-05-07,Retail,Southeast,completed,110.0
536,247,2025-09-16,Ecommerce,Southwest,completed,863.2
537,846,2025-05-24,Ecommerce,Southwest,completed,144.6
538,706,2025-08-06,Ecommerce,Midwest,completed,67.0
539,863,2025-09-13,Retail,Midwest,completed,107.0
540,108,2025-09-06,Ecommerce,Southwest,completed,99.0
541,884,2025-02-18,Ecommerce,West,completed,195.7
542,659,2025-11-26,Ecommerce,Southeast,completed,197.1
543,878,2025-08-26,Retail,Southwest,completed,110.0
544,388,2025-12-29,Retail,Midwest,completed,301.0
545,23,2025-03-30,Ecommerce,Midwest,completed,153.4
546,528,2025-05-17,Retail,Southeast,completed,481.65
547,137,2025-12-06,Retail,Southeast,completed,112.0
548,318,2025-02-15,Ecommerce,Southwest,completed,247.6
549,393,2025-08-14,Retail,Southwest,completed,274.0
550,533,2025-05-10,Ecommerce,Southwest,completed,96.0
551,428,2025-05-11,Retail,Southwest,completed,213.0
552,242,2025-02-27,Ecommerce,West,completed,47.0
553,515,2025-06-15,Ecommerce,Southeast,completed,652.6
554,426,2025-04-07,Retail,Midwest,completed,581.0
555,865,2025-01-01,Wholesale,Southwest,completed,46.8
556,190,2025-08-26,Ecommerce,Midwest,completed,309.0
557,499,2025-08-28,Wholesale,Midwest,completed,740.0
558,308,2025-05-02,Ecommerce,West,completed,190.4
559,836,2025-08-20,Retail,Midwest,completed,90.0
560,822,2025-03-05,Ecommerce,Southeast,completed,959.85
561,831,2025-02-03,Wholesale,Southeast,completed,58.0
562,1029,2025-07-11,Wholesale,Southeast,completed,198.0
563,871,2025-07-25,Retail,Midwest,completed,178.0
564,776,2025-03-24,Ecommerce,Southeast,completed,63.9
565,139,2025-07-19,Retail,Northeast,completed,222.0
566,45,2025-02-24,Retail,Northeast,completed,101.0
567,575,2025-11-12,Ecommerce,West,completed,311.6
568,818,2025-12-12,Retail,Southwest,completed,106.0
569,431,2025-10-25,Retail,West,completed,110.0
570,429,2025-12-11,Ecommerce,Northeast,completed,59.0
571,1156,2025-07-10,Ecommerce,West,completed,57.0
572,567,2025-04-21,Ecommerce,Southwest,completed,242.0
573,554,2025-11-27,Ecommerce,Midwest,completed,265.2
574,250,2025-01-03,Retail,West,completed,266.0
575,624,2025-02-01,Ecommerce,Midwest,completed,388.0
576,1066,2025-11-24,Ecommerce,Northeast,completed,51.0
577,230,2025-04-16,Retail,West,completed,203.85
578,384,2025-05-17,Ecommerce,Southeast,completed,83.3
579,1073,2025-06-19,Retail,Midwest,completed,193.3
580,768,2025-09-08,Ecommerce,Southeast,completed,455.0
581,112,2025-11-09,Ecommerce,West,completed,71.0
582,228,2025-07-31,Ecommerce,Southeast,completed,99.45
583,718,2025-09-05,Ecommerce,West,completed,194.0
584,210,2025-12-03,Ecommerce,Southeast,completed,354.5
585,409,2025-03-26,Ecommerce,Southeast,completed,114.0
586,52,2025-07-06,Ecommerce,Southwest,completed,335.9
587,881,2025-07-09,Ecommerce,West,completed,187.2
588,881,2025-09-19,Retail,West,completed,500.8
589,171,2025-06-19,Retail,Southwest,completed,334.0
590,569,2025-10-27,Ecommerce,Northeast,completed,299.0
591,424,2025-10-06,Ecommerce,Northeast,completed,102.0
592,913,2025-05-22,Ecommerce,West,completed,304.8
593,323,2025-06-01,Ecommerce,Southeast,completed,542.0
594,264,2025-11-02,Wholesale,West,completed,49.0
595,1041,2025-10-16,Ecommerce,West,completed,75.05
596,163,2025-03-23,Retail,Midwest,completed,238.0
597,1178,2025-06-10,Ecommerce,Midwest,completed,122.0
598,1009,2025-01-17,Wholesale,Southeast,completed,168.0
599,269,2025-05-01,Retail,Southwest,completed,126.0
600,437,2025-02-15,Ecommerce,Northeast,completed,58.0
601,846,2025-10-26,Retail,Southwest,completed,250.0
602,911,2025-08-01,Wholesale,Midwest,completed,289.9
603,636,2025-06-05,Retail,Southwest,completed,81.0
604,492,2025-06-28,Ecommerce,Midwest,completed,158.7
605,453,2025-05-26,Ecommerce,Southeast,completed,570.0
606,90,2025-05-16,Retail,Southwest,completed,680.0
607,549,2025-09-01,Ecommerce,Southwest,completed,831.3
608,1160,2025-07-26,Ecommerce,Northeast,completed,117.0
609,984,2025-04-05,Retail,Northeast,completed,338.0
610,530,2025-09-04,Retail,Midwest,completed,279.0
611,562,2025-10-07,Retail,Southeast,completed,57.0
612,23,2025-12-27,Ecommerce,Midwest,completed,381.05
613,419,2025-12-12,Ecommerce,Southeast,completed,314.9
614,926,2025-10-06,Ecommerce,Northeast,completed,276.0
615,753,2025-12-07,Retail,Southeast,completed,162.0
616,325,2025-07-27,Retail,Northeast,completed,277.6
617,147,2025-07-31,Ecommerce,West,completed,361.0
618,905,2025-07-04,Ecommerce,Midwest,completed,118.0
619,134,2025-08-10,Ecommerce,West,completed,310.0
620,140,2025-06-27,Ecommerce,Midwest,completed,199.0
621,1019,2025-08-17,Ecommerce,Midwest,completed,90.4
622,241,2025-03-26,Wholesale,Midwest,completed,298.2
623,470,2025-04-21,Ecommerce,West,completed,162.4
624,755,2025-04-11,Ecommerce,Southwest,completed,214.55
625,161,2025-11-06,Ecommerce,Southeast,completed,327.0
626,507,2025-01-06,Retail,Southwest,completed,502.0
627,602,2025-05-15,Retail,West,completed,239.0
628,427,2025-06-08,Ecommerce,Southwest,completed,535.0
629,435,2025-04-14,Retail,Southwest,completed,594.0
630,693,2025-08-30,Retail,Midwest,completed,112.0
631,493,2025-10-15,Retail,Southeast,completed,188.0
632,369,2025-10-13,Ecommerce,Northeast,completed,123.0
633,284,2025-06-27,Ecommerce,Southwest,completed,773.95
634,691,2025-11-24,Ecommerce,Southeast,completed,903.0
635,883,2025-05-26,Ecommerce,Southwest,completed,362.5
636,84,2025-06-22,Ecommerce,Southeast,completed,496.2
637,17,2025-03-20,Ecommerce,West,completed,516.2
638,937,2025-10-23,Ecommerce,Midwest,completed,368.0
639,877,2025-04-08,Ecommerce,Midwest,completed,399.1
640,33,2025-02-01,Retail,Southwest,completed,405.6
641,822,2025-08-10,Retail,Southeast,completed,254.0
642,900,2025-10-20,Ecommerce,West,completed,271.25
643,1088,2025-05-16,Ecommerce,West,completed,846.55
644,219,2025-03-12,Retail,Southwest,completed,103.0
645,1,2025-03-24,Retail,Southwest,completed,296.4
646,1153,2025-06-27,Ecommerce,Southwest,completed,135.0
647,246,2025-09-23,Retail,Southeast,completed,154.0
648,1145,2025-04-19,Wholesale,Southwest,completed,134.0
649,1044,2025-09-03,Retail,Northeast,completed,530.0
650,22,2025-07-01,Retail,West,completed,45.6
651,837,2025-05-01,Retail,Midwest,completed,200.0
652,51,2025-10-05,Ecommerce,West,completed,119.7
653,1048,2025-07-21,Retail,Southeast,completed,358.45
654,129,2025-04-17,Retail,Southwest,completed,261.0
655,661,2025-07-02,Ecommerce,Southeast,completed,86.4
656,345,2025-11-06,Retail,West,completed,319.3
657,17,2025-09-25,Ecommerce,West,completed,1031.6
658,795,2025-10-06,Ecommerce,Southeast,completed,65.0
659,1127,2025-01-05,Wholesale,West,completed,289.4
660,1095,2025-06-08,Ecommerce,Southeast,completed,251.3
661,217,2025-01-02,Ecommerce,West,completed,211.0
662,390,2025-12-27,Wholesale,Midwest,completed,106.4
663,480,2025-02-15,Ecommerce,Midwest,completed,559.15
664,822,2025-05-19,Wholesale,Southeast,completed,535.9
665,534,2025-01-16,Ecommerce,West,completed,114.0
666,741,2025-08-24,Ecommerce,West,completed,248.3
667,1022,2025-12-19,Ecommerce,Southeast,completed,202.0
668,616,2025-06-06,Retail,West,completed,43.0
669,954,2025-03-09,Ecommerce,West,completed,62.0
670,464,2025-11-20,Ecommerce,West,completed,136.0
671,785,2025-10-13,Ecommerce,Southwest,completed,392.8
672,716,2025-02-20,Ecommerce,Southwest,completed,509.4
673,1155,2025-10-14,Ecommerce,Midwest,completed,270.0
674,1090,2025-02-07,Ecommerce,Southwest,completed,99.0
675,224,2025-07-12,Ecommerce,Southwest,completed,847.0
676,304,2025-08-02,Ecommerce,Northeast,completed,218.0
677,568,2025-08-23,Retail,Southwest,completed,289.0
678,614,2025-04-13,Retail,Midwest,completed,325.15
679,780,2025-06-18,Ecommerce,Midwest,completed,252.0
680,1019,2025-01-29,Ecommerce,Midwest,completed,333.45
681,561,2025-04-02,Retail,Midwest,completed,399.8
682,1177,2025-10-19,Ecommerce,West,completed,121.0
683,391,2025-04-01,Retail,Midwest,completed,458.0
684,533,2025-10-06,Ecommerce,Southwest,completed,128.0
685,215,2025-03-20,Ecommerce,West,completed,323.2
686,130,2025-06-15,Ecommerce,Southwest,completed,172.2
687,552,2025-10-07,Ecommerce,Southeast,completed,338.5
688,99,2025-11-11,Retail,West,completed,597.3
689,642,2025-03-15,Wholesale,Midwest,completed,291.6
690,806,2025-03-01,Ecommerce,Northeast,completed,196.0
691,977,2025-08-11,Retail,Midwest,completed,484.5
692,926,2025-08-06,Retail,Northeast,completed,640.6
693,833,2025-02-19,Ecommerce,Southeast,completed,552.25
694,1114,2025-04-05,Retail,Northeast,completed,249.25
695,30,2025-08-17,Ecommerce,Southeast,completed,669.0
696,638,2025-06-15,Wholesale,Southeast,completed,210.6
697,246,2025-06-28,Ecommerce,Southeast,completed,171.7
698,885,2025-12-03,Wholesale,Southwest,completed,108.0
699,754,2025-05-13,Ecommerce,Southwest,completed,796.6
700,456,2025-05-28,Ecommerce,Northeast,completed,202.0
701,810,2025-06-06,Ecommerce,Northeast,completed,126.0
702,351,2025-05-04,Ecommerce,Northeast,completed,226.1
703,391,2025-11-23,Ecommerce,Midwest,completed,177.0
704,553,2025-11-24,Ecommerce,Midwest,completed,454.6
705,924,2025-01-01,Wholesale,Southwest,completed,267.2
706,202,2025-09-28,Ecommerce,Midwest,completed,269.0
707,927,2025-07-29,Retail,Southwest,completed,187.4
708,738,2025-09-08,Ecommerce,West,completed,127.3
709,987,2025-07-22,Retail,Southwest,completed,133.2
710,971,2025-06-30,Wholesale,Southeast,completed,44.0
711,462,2025-11-09,Retail,Midwest,completed,317.0
712,2,2025-11-06,Wholesale,Southeast,completed,122.0
713,226,2025-11-29,Retail,Southeast,completed,397.0
714,38,2025-02-18,Ecommerce,Midwest,completed,124.0
715,40,2025-12-01,Ecommerce,West,completed,530.8
716,183,2025-04-13,Ecommerce,Northeast,completed,204.0
717,1008,2025-04-16,Ecommerce,Southeast,completed,474.0
718,304,2025-11-15,Ecommerce,Northeast,completed,343.0
719,887,2025-09-05,Retail,Midwest,completed,693.65
720,570,2025-08-04,Retail,Northeast,completed,429.0
721,277,2025-06-24,Retail,Southwest,completed,117.0
722,340,2025-02-27,Ecommerce,Southwest,completed,665.65
723,300,2025-03-29,Ecommerce,Northeast,completed,245.0
724,1190,2025-06-05,Retail,Midwest,completed,143.0
725,409,2025-01-15,Retail,Southeast,completed,401.0
726,575,2025-12-15,Ecommerce,West,completed,61.0
727,157,2025-12-20,Ecommerce,Southwest,completed,800.2
728,618,2025-11-27,Ecommerce,Southeast,completed,248.0
729,285,2025-05-09,Ecommerce,Midwest,completed,289.0
730,213,2025-02-20,Ecommerce,Northeast,completed,200.0
731,963,2025-01-05,Wholesale,Southwest,completed,579.0
732,38,2025-04-07,Ecommerce,Midwest,completed,89.25
733,305,2025-07-22,Ecommerce,West,completed,263.3
734,1124,2025-10-21,Wholesale,Southwest,completed,551.6
735,412,2025-03-26,Ecommerce,West,completed,246.3
736,34,2025-08-05,Retail,West,completed,62.0
737,1078,2025-06-29,Ecommerce,Southwest,completed,154.0
738,169,2025-09-01,Ecommerce,Northeast,completed,72.0
739,372,2025-12-24,Retail,Southeast,completed,230.0
740,475,2025-01-30,Ecommerce,West,completed,438.8
741,752,2025-02-22,Ecommerce,West,completed,120.65
742,114,2025-09-04,Retail,Southwest,completed,127.0
743,1175,2025-12-23,Retail,Southwest,completed,431.9
744,572,2025-01-29,Ecommerce,Northeast,completed,345.0
745,462,2025-12-08,Ecommerce,Midwest,completed,158.0
746,197,2025-06-18,Retail,West,completed,114.0
747,1186,2025-10-19,Ecommerce,Midwest,completed,174.0
748,205,2025-04-09,Ecommerce,West,completed,253.0
749,663,2025-11-09,Retail,Midwest,completed,234.0
750,548,2025-12-16,Ecommerce,West,completed,363.0
751,692,2025-07-10,Ecommerce,Southeast,completed,111.0
752,365,2025-08-09,Ecommerce,Southwest,completed,210.05
753,606,2025-11-30,Ecommerce,Midwest,completed,245.0
754,729,2025-06-28,Retail,Northeast,completed,684.4
755,480,2025-04-02,Ecommerce,Midwest,completed,666.0
756,1123,2025-08-02,Ecommerce,Midwest,completed,312.0
757,1185,2025-03-10,Ecommerce,West,completed,101.2
758,564,2025-02-24,Ecommerce,Southeast,completed,106.2
759,79,2025-11-28,Ecommerce,Southwest,completed,610.0
760,223,2025-03-21,Ecommerce,Midwest,completed,45.0
761,749,2025-04-10,Ecommerce,Midwest,completed,205.6
762,258,2025-01-20,Ecommerce,Midwest,completed,406.0
763,646,2025-10-14,Retail,Northeast,completed,55.25
764,829,2025-04-22,Retail,Northeast,completed,117.9
765,1148,2025-03-21,Ecommerce,Northeast,completed,86.4
766,189,2025-01-23,Ecommerce,West,completed,104.0
767,364,2025-01-21,Retail,West,completed,127.0
768,846,2025-07-14,Ecommerce,Southwest,completed,565.75
769,228,2025-10-05,Ecommerce,Southeast,completed,783.0
770,595,2025-02-24,Wholesale,Northeast,completed,981.0
771,1105,2025-01-28,Ecommerce,Southeast,completed,99.0
772,240,2025-07-22,Wholesale,Southeast,completed,160.0
773,434,2025-10-09,Wholesale,Midwest,completed,499.0
774,1112,2025-11-01,Ecommerce,Northeast,completed,132.0
775,219,2025-03-05,Retail,Southwest,completed,152.0
776,78,2025-07-17,Ecommerce,Southeast,completed,164.9
777,1126,2025-08-02,Ecommerce,Midwest,completed,122.0
778,943,2025-10-15,Ecommerce,Southeast,completed,217.2
779,1171,2025-04-30,Retail,West,completed,110.0
780,735,2025-01-20,Retail,Southeast,completed,538.0
781,137,2025-09-06,Retail,Southeast,completed,455.5
782,102,2025-01-20,Ecommerce,West,completed,840.85
783,498,2025-12-06,Ecommerce,Southeast,completed,249.8
784,768,2025-09-26,Ecommerce,Southeast,completed,429.0
785,1024,2025-12-24,Wholesale,Southwest,completed,136.0
786,843,2025-07-09,Ecommerce,Midwest,completed,419.9
787,372,2025-04-22,Ecommerce,Southeast,completed,363.4
788,195,2025-01-21,Retail,Southwest,completed,209.0
789,109,2025-11-29,Ecommerce,West,completed,290.2
790,766,2025-07-02,Ecommerce,Midwest,completed,363.8
791,836,2025-09-18,Ecommerce,Midwest,completed,709.0
792,337,2025-11-10,Ecommerce,Midwest,completed,698.8
793,1176,2025-02-11,Ecommerce,West,completed,247.5
794,868,2025-06-11,Ecommerce,Midwest,completed,64.0
795,863,2025-03-13,Retail,Midwest,completed,472.0
796,978,2025-05-20,Retail,Midwest,completed,96.0
797,809,2025-12-26,Ecommerce,Southeast,completed,57.0
798,740,2025-11-25,Retail,Southeast,completed,383.4
799,666,2025-10-07,Retail,West,completed,55.0
800,375,2025-12-29,Ecommerce,Southwest,completed,520.0
801,404,2025-03-20,Retail,Southeast,completed,297.0
802,54,2025-05-04,Ecommerce,Midwest,completed,743.7
803,1045,2025-12-10,Ecommerce,Northeast,completed,494.95
804,7,2025-09-17,Wholesale,West,completed,54.0
805,607,2025-02-05,Ecommerce,Southwest,completed,272.0
806,752,2025-08-01,Ecommerce,West,completed,49.0
807,1152,2025-10-01,Ecommerce,Northeast,completed,310.0
808,71,2025-08-28,Ecommerce,West,completed,144.0
809,760,2025-01-19,Ecommerce,Northeast,completed,240.0
810,589,2025-09-14,Retail,Southwest,completed,112.0
811,724,2025-03-02,Ecommerce,Southwest,completed,214.0
812,1080,2025-12-12,Ecommerce,Northeast,completed,400.0
813,1179,2025-12-18,Ecommerce,Midwest,completed,274.0
814,109,2025-03-15,Retail,West,completed,116.0
815,1049,2025-07-10,Retail,Southeast,completed,272.2
816,457,2025-07-03,Ecommerce,Southwest,completed,267.0
817,182,2025-12-27,Ecommerce,Northeast,completed,93.6
818,1038,2025-04-24,Retail,Southeast,completed,164.0
819,1116,2025-01-11,Ecommerce,West,completed,136.0
820,416,2025-09-10,Retail,Southeast,completed,70.0
821,785,2025-04-14,Ecommerce,Southwest,completed,585.95
822,203,2025-12-29,Ecommerce,Southeast,completed,281.0
823,147,2025-01-11,Retail,West,completed,64.0
824,724,2025-09-02,Wholesale,Southwest,completed,48.0
825,211,2025-09-23,Ecommerce,Northeast,completed,448.0
826,1,2025-08-04,Retail,Southwest,completed,149.0
827,1114,2025-11-17,Ecommerce,Northeast,completed,324.0
828,434,2025-12-13,Ecommerce,Midwest,completed,201.0
829,616,2025-06-06,Ecommerce,West,completed,196.0
830,335,2025-09-19,Retail,Northeast,completed,805.8
831,181,2025-11-19,Retail,Southeast,completed,296.0
832,421,2025-09-03,Ecommerce,Southwest,completed,216.0
833,1166,2025-07-16,Ecommerce,Midwest,completed,359.25
834,303,2025-10-15,Ecommerce,West,completed,51.0
835,189,2025-09-17,Ecommerce,West,completed,108.0
836,409,2025-02-02,Ecommerce,Southeast,completed,860.85
837,672,2025-08-09,Retail,Northeast,completed,684.0
838,1009,2025-02-16,Ecommerce,Southeast,completed,230.0
839,66,2025-06-21,Ecommerce,Northeast,completed,197.0
840,982,2025-07-14,Wholesale,Southwest,completed,1006.3
841,857,2025-12-09,Ecommerce,Southeast,completed,220.0
842,638,2025-07-06,Ecommerce,Southeast,completed,828.0
843,808,2025-11-20,Wholesale,Southeast,completed,54.15
844,69,2025-01-05,Ecommerce,Midwest,completed,118.75
845,180,2025-12-24,Ecommerce,Midwest,completed,138.0
846,1025,2025-05-20,Wholesale,Southeast,completed,565.0
847,646,2025-06-17,Ecommerce,Northeast,completed,512.1
848,298,2025-04-09,Wholesale,Southwest,completed,548.0
849,312,2025-12-15,Retail,West,completed,173.25
850,895,2025-10-15,Ecommerce,Midwest,completed,207.4
851,1173,2025-11-13,Ecommerce,Southwest,completed,682.0
852,745,2025-06-07,Ecommerce,Southwest,completed,331.2
853,729,2025-04-05,Retail,Northeast,completed,518.0
854,408,2025-10-03,Ecommerce,Northeast,completed,259.55
855,376,2025-03-14,Retail,Southeast,completed,94.35
856,464,2025-04-28,Ecommerce,West,completed,872.6
857,911,2025-06-07,Ecommerce,Midwest,completed,60.0
858,296,2025-12-09,Retail,Northeast,completed,598.6
859,726,2025-12-02,Retail,West,completed,104.0
860,514,2025-05-10,Ecommerce,Midwest,completed,112.0
861,540,2025-07-11,Wholesale,Southwest,completed,94.0
862,380,2025-12-15,Ecommerce,Midwest,completed,262.8
863,90,2025-12-07,Ecommerce,Southwest,completed,107.0
864,145,2025-01-08,Retail,Northeast,completed,270.0
865,681,2025-08-05,Retail,Southwest,completed,422.0
866,164,2025-04-27,Retail,Southeast,completed,497.75
867,372,2025-09-09,Wholesale,Southeast,completed,387.0
868,1179,2025-09-14,Ecommerce,Midwest,completed,477.0
869,720,2025-03-15,Wholesale,Midwest,completed,59.0
870,597,2025-02-12,Retail,Northeast,completed,114.0
871,262,2025-03-16,Ecommerce,Southwest,completed,560.1
872,711,2025-02-27,Ecommerce,Northeast,completed,389.2
873,484,2025-06-30,Retail,Southwest,completed,453.1
874,908,2025-07-02,Ecommerce,West,completed,157.0
875,1127,2025-08-28,Retail,West,completed,238.0
876,905,2025-06-04,Ecommerce,Midwest,completed,119.0
877,758,2025-01-26,Ecommerce,Southeast,completed,178.0
878,561,2025-09-26,Ecommerce,Midwest,completed,1001.0
879,877,2025-09-15,Wholesale,Midwest,completed,729.0
880,996,2025-10-20,Retail,Southeast,completed,220.4
881,317,2025-01-05,Retail,Northeast,completed,357.0
882,428,2025-05-30,Retail,Southwest,completed,560.4
883,672,2025-01-15,Ecommerce,Northeast,completed,885.0
884,150,2025-01-30,Ecommerce,Northeast,completed,408.1
885,569,2025-03-09,Ecommerce,Northeast,completed,577.2
886,61,2025-08-16,Ecommerce,Midwest,completed,98.0
887,338,2025-04-12,Retail,Midwest,completed,122.0
888,208,2025-05-20,Ecommerce,Northeast,completed,123.0
889,206,2025-07-26,Retail,Southwest,completed,222.4
890,912,2025-07-09,Retail,Northeast,completed,62.0
891,170,2025-05-21,Retail,Southeast,completed,111.0
892,289,2025-11-12,Ecommerce,West,completed,96.0
893,1192,2025-04-25,Retail,Northeast,completed,853.7
894,1091,2025-11-16,Ecommerce,Northeast,completed,178.0
895,114,2025-09-05,Wholesale,Southwest,completed,384.0
896,1189,2025-03-31,Wholesale,Northeast,completed,99.0
897,1011,2025-02-05,Retail,Northeast,completed,243.0
898,750,2025-07-12,Ecommerce,Southwest,completed,564.45
899,1074,2025-06-02,Retail,Midwest,completed,519.2
900,138,2025-02-07,Ecommerce,Northeast,completed,300.0
901,337,2025-12-03,Ecommerce,Midwest,completed,228.0
902,1172,2025-12-11,Retail,West,completed,527.4
903,1054,2025-07-27,Retail,Southwest,completed,64.0
904,166,2025-10-09,Wholesale,Southwest,completed,229.1
905,1134,2025-03-01,Retail,Northeast,completed,266.0
906,962,2025-02-26,Ecommerce,Midwest,completed,784.8
907,761,2025-11-10,Ecommerce,West,completed,123.5
908,701,2025-07-14,Ecommerce,Southwest,completed,169.0
909,43,2025-11-07,Ecommerce,Northeast,completed,128.0
910,957,2025-03-23,Ecommerce,West,completed,155.0
911,307,2025-04-06,Ecommerce,Southwest,completed,187.75
912,782,2025-12-12,Ecommerce,Midwest,completed,467.0
913,413,2025-08-27,Ecommerce,Midwest,completed,665.0
914,138,2025-12-03,Wholesale,Northeast,completed,43.0
915,1100,2025-10-16,Wholesale,West,completed,622.7
916,108,2025-03-27,Retail,Southwest,completed,593.9
917,956,2025-04-21,Ecommerce,Southeast,completed,544.0
918,887,2025-03-10,Ecommerce,Midwest,completed,389.7
919,1145,2025-03-11,Ecommerce,Southwest,completed,120.0
920,1087,2025-08-05,Retail,Southwest,completed,101.0
921,935,2025-09-13,Retail,Southwest,completed,535.0
922,661,2025-08-19,Wholesale,Southeast,completed,432.0
923,354,2025-06-02,Ecommerce,West,completed,115.0
924,444,2025-01-11,Retail,Northeast,completed,103.0
925,1101,2025-01-22,Retail,Midwest,completed,41.6
926,662,2025-09-18,Ecommerce,Southeast,completed,624.6
927,1114,2025-10-27,Retail,Northeast,completed,189.0
928,366,2025-06-14,Ecommerce,West,completed,264.3
929,455,2025-02-27,Ecommerce,Northeast,completed,220.0
930,388,2025-10-22,Ecommerce,Midwest,completed,895.4
931,55,2025-07-16,Ecommerce,Southeast,completed,44.0
932,513,2025-09-09,Retail,Midwest,completed,222.0
933,618,2025-06-23,Retail,Southeast,completed,1108.5
934,765,2025-01-01,Ecommerce,West,completed,362.0
935,304,2025-05-19,Ecommerce,Northeast,completed,116.85
936,174,2025-01-30,Ecommerce,Midwest,completed,57.0
937,116,2025-08-15,Ecommerce,Northeast,completed,236.0
938,52,2025-04-05,Retail,Southwest,completed,183.0
939,170,2025-03-25,Ecommerce,Southeast,completed,53.55
940,41,2025-03-29,Retail,Northeast,completed,202.0
941,559,2025-09-28,Ecommerce,Midwest,completed,169.0
942,955,2025-04-23,Wholesale,Southwest,completed,54.0
943,173,2025-04-17,Ecommerce,Southwest,completed,104.0
944,698,2025-10-04,Retail,West,completed,208.0
945,688,2025-05-14,Ecommerce,West,completed,446.0
946,1035,2025-01-31,Ecommerce,Midwest,completed,102.5
947,682,2025-03-05,Ecommerce,Southwest,completed,498.0
948,814,2025-04-02,Ecommerce,Northeast,completed,291.2
949,228,2025-12-26,Ecommerce,Southeast,completed,231.8
950,1105,2025-08-21,Ecommerce,Southeast,completed,123.0
951,1087,2025-10-18,Retail,Southwest,completed,578.95
952,19,2025-06-04,Retail,Northeast,completed,217.4
953,1139,2025-07-29,Wholesale,Northeast,completed,343.2
954,383,2025-02-16,Retail,Midwest,completed,596.05
955,800,2025-10-12,Retail,Southeast,completed,355.1
956,1027,2025-09-26,Ecommerce,West,completed,249.0
957,1091,2025-09-10,Retail,Northeast,completed,108.0
958,654,2025-07-27,Ecommerce,West,completed,356.0
959,515,2025-09-01,Ecommerce,Southeast,completed,111.0
960,555,2025-10-05,Ecommerce,Northeast,completed,162.0
961,1041,2025-03-04,Retail,West,completed,147.0
962,351,2025-12-14,Ecommerce,Northeast,completed,351.0
963,177,2025-08-05,Ecommerce,Midwest,completed,564.0
964,126,2025-08-10,Ecommerce,Midwest,completed,60.0
965,68,2025-10-28,Ecommerce,West,completed,342.0
966,728,2025-01-13,Ecommerce,Midwest,completed,125.4
967,1131,2025-01-06,Ecommerce,Northeast,completed,256.0
968,605,2025-07-29,Wholesale,Midwest,completed,216.0
969,616,2025-03-25,Retail,West,completed,156.8
970,1130,2025-09-12,Retail,West,completed,77.0
971,262,2025-06-05,Ecommerce,Southwest,completed,148.0
972,350,2025-03-26,Retail,Northeast,completed,116.0
973,176,2025-01-11,Retail,Southeast,completed,151.0
974,779,2025-01-10,Wholesale,Northeast,completed,356.4
975,227,2025-02-20,Ecommerce,Midwest,completed,344.5
976,1092,2025-11-11,Retail,Southwest,completed,441.35
977,193,2025-11-09,Ecommerce,Midwest,completed,705.0
978,98,2025-07-29,Ecommerce,Southeast,completed,534.0
979,336,2025-08-13,Retail,Southwest,completed,125.0
980,284,2025-09-20,Ecommerce,Southwest,completed,174.0
981,281,2025-07-23,Ecommerce,West,completed,314.0
982,570,2025-05-01,Ecommerce,Northeast,completed,106.0
983,425,2025-05-23,Ecommerce,Southeast,completed,239.95
984,852,2025-04-09,Retail,Midwest,completed,458.0
985,1109,2025-06-24,Retail,Southeast,completed,195.0
986,238,2025-08-21,Ecommerce,Southeast,completed,57.8
987,581,2025-10-31,Retail,Southeast,completed,232.0
988,682,2025-04-07,Ecommerce,Southwest,completed,512.2
989,288,2025-05-06,Ecommerce,Southeast,completed,52.0
990,1001,2025-08-28,Retail,Southwest,completed,233.15
991,67,2025-09-27,Ecommerce,Midwest,completed,183.25
992,584,2025-04-16,Ecommerce,Southeast,completed,174.0
993,559,2025-07-07,Ecommerce,Midwest,completed,424.9
994,174,2025-02-23,Ecommerce,Midwest,completed,614.75
995,357,2025-03-11,Ecommerce,Southeast,completed,393.0
996,287,2025-09-06,Ecommerce,Midwest,completed,284.6
997,238,2025-05-28,Ecommerce,Southeast,completed,264.0
998,1152,2025-08-26,Ecommerce,Northeast,completed,140.65
999,620,2025-01-23,Ecommerce,Southeast,completed,391.7
1000,252,2025-02-13,Retail,Midwest,completed,354.15
1001,781,2025-06-28,Wholesale,Southwest,completed,324.55
1002,127,2025-07-05,Ecommerce,Midwest,completed,783.0
1003,1087,2025-02-14,Ecommerce,Southwest,completed,387.0
1004,920,2025-07-29,Ecommerce,Midwest,completed,135.0
1005,899,2025-06-09,Ecommerce,Midwest,completed,700.8
1006,612,2025-04-08,Ecommerce,Midwest,completed,207.0
1007,862,2025-05-25,Ecommerce,Northeast,completed,177.65
1008,512,2025-04-20,Ecommerce,Southeast,completed,194.4
1009,625,2025-02-15,Ecommerce,Southeast,completed,199.5
1010,301,2025-06-28,Retail,Midwest,completed,822.0
1011,547,2025-11-12,Retail,West,completed,107.0
1012,122,2025-10-22,Ecommerce,Northeast,completed,138.0
1013,73,2025-12-30,Retail,West,completed,321.0
1014,299,2025-08-18,Ecommerce,West,completed,492.95
1015,696,2025-03-27,Retail,Southeast,completed,59.0
1016,59,2025-09-14,Retail,West,completed,147.0
1017,274,2025-07-02,Ecommerce,Midwest,completed,330.0
1018,385,2025-12-27,Ecommerce,Northeast,completed,340.9
1019,284,2025-10-01,Ecommerce,Southwest,completed,170.0
1020,780,2025-06-22,Ecommerce,Midwest,completed,765.0
1021,146,2025-11-03,Wholesale,Southwest,completed,351.0
1022,971,2025-02-09,Retail,Southeast,completed,100.0
1023,1034,2025-01-14,Wholesale,Midwest,completed,212.0
1024,842,2025-05-20,Ecommerce,Southwest,completed,290.0
1025,673,2025-04-09,Wholesale,Southwest,completed,238.4
1026,741,2025-05-08,Ecommerce,West,completed,180.0
1027,1198,2025-03-04,Retail,Midwest,completed,163.0
1028,919,2025-11-13,Ecommerce,West,completed,606.0
1029,163,2025-01-23,Retail,Midwest,completed,252.9
1030,1040,2025-05-09,Retail,Southwest,completed,362.6
1031,137,2025-10-03,Ecommerce,Southeast,completed,202.0
1032,289,2025-09-29,Retail,West,completed,148.0
1033,314,2025-12-31,Ecommerce,Southwest,completed,126.0
1034,117,2025-07-18,Wholesale,Southwest,completed,195.0
1035,272,2025-06-17,Ecommerce,Southeast,completed,204.35
1036,189,2025-08-21,Ecommerce,West,completed,219.55
1037,1071,2025-01-18,Ecommerce,Southwest,completed,124.2
1038,292,2025-09-13,Ecommerce,Midwest,completed,448.8
1039,838,2025-06-16,Retail,Midwest,completed,198.0
1040,606,2025-08-29,Wholesale,Midwest,completed,125.0
1041,111,2025-06-24,Ecommerce,Northeast,completed,339.0
1042,63,2025-06-20,Ecommerce,Southeast,completed,305.5
1043,702,2025-12-08,Ecommerce,Southwest,completed,294.0
1044,502,2025-12-06,Ecommerce,Southwest,completed,239.0
1045,1143,2025-08-12,Retail,Midwest,completed,43.2
1046,85,2025-03-08,Ecommerce,Southwest,completed,364.6
1047,191,2025-04-23,Retail,Midwest,completed,58.0
1048,338,2025-04-05,Ecommerce,Midwest,completed,140.25
1049,271,2025-01-07,Wholesale,West,completed,397.0
1050,983,2025-10-30,Ecommerce,Northeast,completed,656.0
1051,666,2025-01-20,Retail,West,completed,61.0
1052,296,2025-09-26,Ecommerce,Northeast,completed,341.0
1053,59,2025-04-12,Ecommerce,West,completed,108.0
1054,746,2025-12-29,Ecommerce,Southwest,completed,493.8
1055,394,2025-07-24,Ecommerce,Southwest,completed,114.0
1056,146,2025-01-06,Ecommerce,Southwest,completed,213.8
1057,736,2025-11-10,Ecommerce,Midwest,completed,50.0
1058,1077,2025-08-20,Ecommerce,Northeast,completed,324.0
1059,115,2025-08-07,Retail,Midwest,completed,231.0
1060,1163,2025-12-23,Ecommerce,West,completed,146.0
1061,1012,2025-06-14,Ecommerce,Midwest,completed,433.6
1062,251,2025-08-28,Ecommerce,Northeast,completed,180.0
1063,1044,2025-05-04,Ecommerce,Northeast,completed,244.0
1064,994,2025-11-23,Wholesale,Southeast,completed,132.0
1065,596,2025-01-03,Ecommerce,West,completed,540.1
1066,234,2025-04-28,Ecommerce,Southwest,completed,152.0
1067,1137,2025-11-15,Retail,Northeast,completed,318.0
1068,1110,2025-08-04,Wholesale,Northeast,completed,348.0
1069,916,2025-09-08,Ecommerce,Northeast,completed,57.0
1070,96,2025-06-27,Ecommerce,West,completed,710.95
1071,945,2025-11-30,Retail,Midwest,completed,462.1
1072,375,2025-09-26,Retail,Southwest,completed,56.0
1073,508,2025-06-10,Ecommerce,Southeast,completed,64.0
1074,296,2025-04-20,Wholesale,Northeast,completed,360.0
1075,887,2025-07-30,Ecommerce,Midwest,completed,197.5
1076,648,2025-11-28,Ecommerce,Southeast,completed,374.0
1077,298,2025-08-10,Retail,Southwest,completed,61.6
1078,207,2025-10-17,Retail,Midwest,completed,368.0
1079,750,2025-06-27,Ecommerce,Southwest,completed,68.0
1080,407,2025-06-20,Ecommerce,West,completed,104.0
1081,693,2025-08-05,Ecommerce,Midwest,completed,133.0
1082,784,2025-10-21,Ecommerce,Midwest,completed,363.0
1083,487,2025-12-01,Retail,Southeast,completed,60.0
1084,265,2025-07-15,Ecommerce,Midwest,completed,221.0
1085,444,2025-03-20,Wholesale,Northeast,completed,327.0
1086,235,2025-05-08,Retail,West,completed,407.0
1087,831,2025-09-04,Retail,Southeast,completed,104.0
1088,107,2025-11-01,Ecommerce,Midwest,completed,63.0
1089,472,2025-03-14,Ecommerce,Northeast,completed,466.6
1090,492,2025-08-02,Ecommerce,Midwest,completed,126.0
1091,548,2025-09-11,Retail,West,completed,85.0
1092,967,2025-09-27,Ecommerce,Southeast,completed,397.0
1093,869,2025-01-20,Retail,Southeast,completed,230.1
1094,516,2025-04-07,Ecommerce,West,completed,713.9
1095,483,2025-12-20,Ecommerce,Southwest,completed,89.0
1096,720,2025-06-05,Ecommerce,Midwest,completed,784.95
1097,980,2025-06-04,Retail,Midwest,completed,109.0
1098,82,2025-10-01,Ecommerce,Midwest,completed,338.0
1099,490,2025-12-20,Ecommerce,Midwest,completed,355.0
1100,743,2025-02-06,Retail,West,completed,250.0
1101,918,2025-05-15,Wholesale,Midwest,completed,234.0
1102,109,2025-09-30,Wholesale,West,completed,387.0
1103,180,2025-11-08,Ecommerce,Midwest,completed,546.8
1104,642,2025-10-15,Ecommerce,Midwest,completed,92.0
1105,66,2025-05-27,Wholesale,Northeast,completed,191.1
1106,283,2025-10-17,Ecommerce,West,completed,192.0
1107,119,2025-02-07,Ecommerce,West,completed,192.0
1108,12,2025-01-23,Wholesale,Northeast,completed,69.3
1109,85,2025-10-30,Wholesale,Southwest,completed,315.0
1110,236,2025-05-16,Ecommerce,Midwest,completed,446.0
1111,606,2025-08-04,Retail,Midwest,completed,191.0
1112,786,2025-10-28,Ecommerce,Southeast,completed,528.0
1113,1037,2025-02-08,Retail,West,completed,44.8
1114,1176,2025-05-25,Ecommerce,West,completed,437.0
1115,120,2025-12-22,Ecommerce,West,completed,625.6
1116,258,2025-08-13,Retail,Midwest,completed,450.7
1117,678,2025-04-14,Ecommerce,Southeast,completed,552.65
1118,273,2025-05-29,Ecommerce,Southwest,completed,59.0
1119,749,2025-10-04,Ecommerce,Midwest,completed,327.95
1120,20,2025-03-09,Wholesale,Northeast,completed,321.0
1121,697,2025-12-09,Ecommerce,Midwest,completed,432.0
1122,797,2025-07-31,Wholesale,Northeast,completed,98.1
1123,285,2025-05-02,Ecommerce,Midwest,completed,603.0
1124,1008,2025-02-24,Ecommerce,Southeast,completed,74.0
1125,217,2025-12-27,Ecommerce,West,completed,213.0
1126,283,2025-02-10,Ecommerce,West,completed,531.9
1127,1114,2025-08-08,Ecommerce,Northeast,completed,221.55
1128,422,2025-02-28,Ecommerce,Northeast,completed,400.0
1129,17,2025-03-21,Ecommerce,West,completed,296.7
1130,1054,2025-11-06,Wholesale,Southwest,completed,641.6
1131,650,2025-02-03,Ecommerce,Northeast,completed,419.25
1132,678,2025-09-18,Ecommerce,Southeast,completed,681.0
1133,419,2025-07-22,Ecommerce,Southeast,completed,640.9
1134,363,2025-04-11,Ecommerce,Southwest,completed,90.0
1135,673,2025-02-08,Ecommerce,Southwest,completed,83.2
1136,1089,2025-05-25,Ecommerce,Northeast,completed,518.0
1137,388,2025-03-26,Wholesale,Midwest,completed,250.0
1138,28,2025-11-03,Retail,Northeast,completed,472.0
1139,484,2025-04-13,Ecommerce,Southwest,completed,261.0
1140,219,2025-08-10,Ecommerce,Southwest,completed,428.0
1141,78,2025-01-26,Wholesale,Southeast,completed,533.35
1142,641,2025-07-08,Wholesale,Midwest,completed,298.2
1143,1194,2025-01-13,Ecommerce,West,completed,621.0
1144,347,2025-01-16,Ecommerce,Southwest,completed,375.0
1145,316,2025-11-14,Ecommerce,West,completed,180.0
1146,217,2025-09-30,Ecommerce,West,completed,340.2
1147,846,2025-04-25,Ecommerce,Southwest,completed,132.0
1148,921,2025-05-13,Ecommerce,West,completed,145.0
1149,672,2025-04-16,Retail,Northeast,completed,202.2
1150,184,2025-02-27,Ecommerce,Southwest,completed,121.0
1151,793,2025-10-26,Ecommerce,Southeast,completed,525.3
1152,394,2025-04-29,Retail,Southwest,completed,236.8
1153,159,2025-05-08,Ecommerce,Midwest,completed,432.75
1154,803,2025-03-04,Retail,Southwest,completed,100.0
1155,1026,2025-01-27,Retail,West,completed,268.0
1156,4,2025-06-14,Ecommerce,Southeast,completed,399.0
1157,767,2025-10-03,Ecommerce,Southeast,completed,39.2
1158,49,2025-10-03,Ecommerce,Midwest,completed,351.0
1159,375,2025-07-20,Retail,Southwest,completed,88.2
1160,495,2025-07-22,Ecommerce,Northeast,completed,706.2
1161,331,2025-07-25,Ecommerce,Midwest,completed,331.8
1162,37,2025-12-12,Ecommerce,West,completed,55.25
1163,1163,2025-07-10,Wholesale,West,completed,489.5
1164,550,2025-03-16,Retail,Midwest,completed,105.6
1165,1052,2025-10-03,Retail,Midwest,completed,45.9
1166,509,2025-10-27,Ecommerce,Midwest,completed,118.0
1167,118,2025-11-11,Ecommerce,Southwest,completed,669.6
1168,605,2025-09-14,Wholesale,Midwest,completed,432.4
1169,333,2025-01-09,Ecommerce,Northeast,completed,204.0
1170,27,2025-04-01,Ecommerce,West,completed,219.0
1171,334,2025-12-19,Ecommerce,Southeast,completed,88.2
1172,398,2025-12-24,Wholesale,Midwest,completed,123.0
1173,749,2025-08-05,Wholesale,Midwest,completed,378.2
1174,567,2025-09-14,Ecommerce,Southwest,completed,318.0
1175,1146,2025-12-27,Ecommerce,Southeast,completed,205.2
1176,871,2025-10-02,Ecommerce,Midwest,completed,110.0
1177,806,2025-09-28,Retail,Northeast,completed,514.0
1178,1050,2025-07-21,Retail,Midwest,completed,437.5
1179,21,2025-02-22,Ecommerce,Southeast,completed,76.8
1180,492,2025-10-31,Ecommerce,Midwest,completed,150.0
1181,1151,2025-03-29,Ecommerce,West,completed,217.0
1182,392,2025-10-03,Ecommerce,Midwest,completed,146.8
1183,216,2025-07-24,Retail,Northeast,completed,415.0
1184,825,2025-05-10,Ecommerce,Midwest,completed,144.0
1185,1181,2025-09-10,Ecommerce,Southeast,completed,142.0
1186,535,2025-01-03,Ecommerce,Southeast,completed,152.0
1187,636,2025-04-19,Wholesale,Southwest,completed,334.9
1188,1142,2025-04-06,Wholesale,West,completed,201.6
1189,407,2025-07-04,Ecommerce,West,completed,686.0
1190,483,2025-05-28,Ecommerce,Southwest,completed,244.0
1191,387,2025-02-21,Ecommerce,Southeast,completed,107.0
1192,160,2025-12-10,Ecommerce,Southeast,completed,125.0
1193,478,2025-05-04,Wholesale,Northeast,completed,843.65
1194,294,2025-07-04,Ecommerce,West,completed,415.0
1195,1046,2025-06-11,Wholesale,Midwest,completed,315.3
1196,743,2025-11-07,Retail,West,completed,821.7
1197,964,2025-03-30,Retail,Midwest,completed,566.0
1198,451,2025-03-24,Ecommerce,West,completed,605.0
1199,475,2025-10-24,Wholesale,West,completed,64.0
1200,257,2025-06-09,Retail,West,completed,428.65
1201,1053,2025-02-26,Ecommerce,Northeast,completed,971.35
1202,695,2025-01-18,Ecommerce,Midwest,completed,210.0
1203,468,2025-12-04,Ecommerce,Midwest,completed,40.5
1204,47,2025-08-30,Retail,Midwest,completed,285.2
1205,439,2025-11-10,Ecommerce,West,completed,671.0
1206,732,2025-12-11,Ecommerce,West,completed,411.0
1207,143,2025-03-16,Retail,Southwest,completed,71.0
1208,1007,2025-08-11,Ecommerce,Southeast,completed,137.0
1209,326,2025-02-06,Ecommerce,Southwest,completed,325.2
1210,158,2025-06-01,Retail,West,completed,704.7
1211,624,2025-03-15,Wholesale,Midwest,completed,297.4
1212,880,2025-09-19,Retail,West,completed,333.0
1213,1098,2025-09-12,Retail,Northeast,completed,260.0
1214,614,2025-11-19,Ecommerce,Midwest,completed,176.0
1215,1170,2025-01-24,Ecommerce,Midwest,completed,456.05
1216,529,2025-06-22,Ecommerce,Northeast,completed,356.0
1217,74,2025-09-04,Ecommerce,Southwest,completed,202.0
1218,537,2025-12-15,Ecommerce,West,completed,49.0
1219,490,2025-08-17,Ecommerce,Midwest,completed,422.6
1220,19,2025-08-21,Ecommerce,Northeast,completed,90.0
1221,1079,2025-06-14,Ecommerce,Southeast,completed,126.0
1222,528,2025-01-24,Ecommerce,Southeast,completed,112.0
1223,920,2025-12-03,Ecommerce,Midwest,completed,161.0
1224,920,2025-05-22,Ecommerce,Midwest,completed,755.8
1225,1148,2025-01-31,Retail,Northeast,completed,443.4
1226,130,2025-04-05,Retail,Southwest,completed,102.85
1227,601,2025-08-26,Retail,Southwest,completed,731.3
1228,702,2025-06-29,Ecommerce,Southwest,completed,643.0
1229,235,2025-12-23,Ecommerce,West,completed,114.0
1230,66,2025-06-12,Retail,Northeast,completed,722.0
1231,757,2025-05-30,Ecommerce,Southeast,completed,265.2
1232,531,2025-11-18,Ecommerce,Southwest,completed,438.05
1233,999,2025-12-28,Ecommerce,Midwest,completed,136.8
1234,959,2025-05-31,Ecommerce,Southwest,completed,206.0
1235,548,2025-04-02,Ecommerce,West,completed,617.4
1236,850,2025-11-17,Ecommerce,Northeast,completed,779.05
1237,779,2025-03-21,Ecommerce,Northeast,completed,411.9
1238,487,2025-10-17,Wholesale,Southeast,completed,235.35
1239,1104,2025-02-13,Ecommerce,Southeast,completed,194.0
1240,519,2025-08-11,Retail,Southwest,completed,110.0
1241,21,2025-06-27,Ecommerce,Southeast,completed,106.25
1242,1131,2025-04-30,Ecommerce,Northeast,completed,177.0
1243,688,2025-06-22,Ecommerce,West,completed,224.25
1244,797,2025-09-05,Ecommerce,Northeast,completed,248.0
1245,797,2025-12-26,Retail,Northeast,completed,406.25
1246,251,2025-06-22,Wholesale,Northeast,completed,160.0
1247,292,2025-11-29,Retail,Midwest,completed,720.5
1248,477,2025-08-20,Ecommerce,Southeast,completed,55.0
1249,403,2025-08-21,Ecommerce,Southwest,completed,111.0
1250,763,2025-03-12,Retail,West,completed,56.95
1251,1200,2025-08-31,Ecommerce,West,completed,328.15
1252,937,2025-12-26,Wholesale,Midwest,completed,465.25
1253,1155,2025-09-21,Ecommerce,Midwest,completed,180.0
1254,274,2025-06-04,Retail,Midwest,completed,318.0
1255,634,2025-08-31,Ecommerce,Southeast,completed,129.6
1256,957,2025-10-13,Retail,West,completed,108.0
1257,1123,2025-01-29,Wholesale,Midwest,completed,270.0
1258,822,2025-03-29,Ecommerce,Southeast,completed,129.0
1259,55,2025-11-10,Ecommerce,Southeast,completed,127.3
1260,914,2025-04-29,Ecommerce,Southeast,completed,241.0
1261,481,2025-04-24,Ecommerce,Midwest,completed,428.5
1262,417,2025-02-19,Retail,Midwest,completed,364.6
1263,1108,2025-11-28,Ecommerce,Northeast,completed,687.2
1264,817,2025-04-30,Ecommerce,Southwest,completed,367.5
1265,924,2025-01-23,Retail,Southwest,completed,595.0
1266,85,2025-11-02,Retail,Southwest,completed,463.25
1267,330,2025-06-08,Ecommerce,Southwest,completed,624.1
1268,118,2025-02-09,Ecommerce,Southwest,completed,630.0
1269,643,2025-07-19,Ecommerce,West,completed,266.0
1270,819,2025-01-21,Retail,Northeast,completed,539.0
1271,2,2025-06-22,Ecommerce,Southeast,completed,432.3
1272,401,2025-12-02,Ecommerce,Northeast,completed,669.15
1273,297,2025-03-29,Retail,Northeast,completed,100.0
1274,1090,2025-12-21,Retail,Southwest,completed,189.0
1275,124,2025-06-14,Ecommerce,Southwest,completed,120.0
1276,193,2025-08-08,Wholesale,Midwest,completed,170.0
1277,636,2025-11-28,Ecommerce,Southwest,completed,345.0
1278,977,2025-09-21,Ecommerce,Midwest,completed,240.0
1279,1200,2025-06-06,Wholesale,West,completed,118.75
1280,146,2025-03-21,Ecommerce,Southwest,completed,374.2
1281,447,2025-06-07,Ecommerce,Southwest,completed,315.2
1282,179,2025-05-11,Ecommerce,Southwest,completed,204.0
1283,564,2025-02-22,Ecommerce,Southeast,completed,165.75
1284,221,2025-10-20,Ecommerce,Northeast,completed,1114.8
1285,975,2025-10-13,Ecommerce,Northeast,completed,119.0
1286,336,2025-04-12,Retail,Southwest,completed,229.35
1287,856,2025-05-12,Wholesale,Southeast,completed,107.0
1288,723,2025-08-16,Ecommerce,Northeast,completed,246.4
1289,561,2025-01-16,Retail,Midwest,completed,673.2
1290,176,2025-10-27,Ecommerce,Southeast,completed,125.0
1291,279,2025-03-10,Ecommerce,Southwest,completed,248.0
1292,792,2025-01-03,Ecommerce,Southwest,completed,212.0
1293,864,2025-08-15,Ecommerce,Northeast,completed,585.0
1294,917,2025-05-19,Wholesale,West,completed,106.2
1295,413,2025-02-01,Ecommerce,Midwest,completed,657.0
1296,836,2025-07-26,Retail,Midwest,completed,108.0
1297,81,2025-01-11,Ecommerce,Northeast,completed,124.0
1298,898,2025-05-03,Ecommerce,Southwest,completed,552.0
1299,728,2025-06-04,Ecommerce,Midwest,completed,230.0
1300,35,2025-04-11,Retail,Northeast,completed,338.0
1301,1193,2025-08-15,Retail,Northeast,completed,129.0
1302,276,2025-02-25,Ecommerce,Southwest,completed,311.0
1303,960,2025-07-31,Retail,Southwest,completed,843.9
1304,961,2025-10-07,Ecommerce,Southeast,completed,156.0
1305,483,2025-01-08,Retail,Southwest,completed,452.0
1306,345,2025-03-04,Retail,West,completed,586.1
1307,241,2025-11-22,Ecommerce,Midwest,completed,106.0
1308,1104,2025-02-07,Ecommerce,Southeast,completed,537.0
1309,239,2025-05-31,Ecommerce,West,completed,299.25
1310,110,2025-06-21,Retail,Southwest,completed,371.1
1311,1076,2025-06-04,Wholesale,West,completed,106.0
1312,609,2025-01-22,Retail,Southwest,completed,123.25
1313,827,2025-02-03,Ecommerce,Southeast,completed,314.0
1314,720,2025-10-24,Ecommerce,Midwest,completed,119.0
1315,223,2025-01-19,Retail,Midwest,completed,124.0
1316,73,2025-04-28,Retail,West,completed,439.4
1317,461,2025-05-03,Retail,Northeast,completed,391.2
1318,312,2025-09-28,Retail,West,completed,218.0
1319,680,2025-09-28,Retail,Northeast,completed,325.6
1320,638,2025-08-23,Retail,Southeast,completed,664.2
1321,15,2025-07-06,Ecommerce,Northeast,completed,271.8
1322,1128,2025-07-31,Ecommerce,Northeast,completed,1327.0
1323,234,2025-04-11,Ecommerce,Southwest,completed,624.0
1324,524,2025-11-12,Ecommerce,Southwest,completed,785.85
1325,1046,2025-05-21,Ecommerce,Midwest,completed,264.0
1326,661,2025-11-20,Ecommerce,Southeast,completed,352.8
1327,1000,2025-09-19,Ecommerce,Midwest,completed,200.0
1328,221,2025-10-28,Ecommerce,Northeast,completed,85.0
1329,779,2025-06-07,Ecommerce,Northeast,completed,94.4
1330,602,2025-11-06,Retail,West,completed,656.4
1331,868,2025-07-07,Ecommerce,Midwest,completed,553.6
1332,636,2025-11-21,Ecommerce,Southwest,completed,301.6
1333,109,2025-10-19,Ecommerce,West,completed,48.45
1334,972,2025-04-27,Retail,Northeast,completed,418.0
1335,35,2025-09-01,Ecommerce,Northeast,completed,693.25
1336,1075,2025-05-23,Retail,West,completed,393.0
1337,654,2025-11-20,Retail,West,completed,351.15
1338,1105,2025-01-13,Ecommerce,Southeast,completed,240.0
1339,424,2025-04-23,Ecommerce,Northeast,completed,94.0
1340,49,2025-10-19,Ecommerce,Midwest,completed,400.0
1341,1158,2025-05-24,Ecommerce,West,completed,395.0
1342,941,2025-10-03,Ecommerce,Southwest,completed,238.0
1343,718,2025-03-09,Wholesale,West,completed,207.0
1344,480,2025-12-12,Ecommerce,Midwest,completed,73.0
1345,18,2025-07-24,Retail,Southeast,completed,278.0
1346,1083,2025-02-13,Ecommerce,Southwest,completed,123.0
1347,940,2025-06-22,Ecommerce,Southwest,completed,98.0
1348,1050,2025-09-01,Ecommerce,Midwest,completed,810.3
1349,98,2025-02-10,Ecommerce,Southeast,completed,179.1
1350,1134,2025-12-23,Ecommerce,Northeast,completed,177.0
1351,656,2025-12-05,Ecommerce,Midwest,completed,124.0
1352,795,2025-04-21,Ecommerce,Southeast,completed,325.0
1353,503,2025-11-03,Retail,Northeast,completed,338.2
1354,1180,2025-04-25,Retail,West,completed,77.0
1355,250,2025-01-13,Ecommerce,West,completed,164.0
1356,1027,2025-07-02,Ecommerce,West,completed,235.0
1357,380,2025-09-09,Retail,Midwest,completed,46.55
1358,499,2025-08-28,Retail,Midwest,completed,71.0
1359,323,2025-03-31,Retail,Southeast,completed,569.1
1360,582,2025-12-18,Retail,Southeast,completed,437.0
1361,265,2025-06-29,Ecommerce,Midwest,completed,95.65
1362,327,2025-06-27,Ecommerce,Southwest,completed,289.0
1363,387,2025-02-23,Ecommerce,Southeast,completed,248.0
1364,1124,2025-09-05,Retail,Southwest,completed,847.05
1365,312,2025-05-08,Ecommerce,West,completed,147.0
1366,487,2025-10-11,Ecommerce,Southeast,completed,707.95
1367,1161,2025-02-27,Ecommerce,Southwest,completed,675.6
1368,510,2025-04-16,Ecommerce,Northeast,completed,257.2
1369,412,2025-10-15,Ecommerce,West,completed,332.0
1370,101,2025-12-04,Ecommerce,Northeast,completed,736.1
1371,225,2025-12-14,Ecommerce,Northeast,completed,106.25
1372,608,2025-07-29,Ecommerce,Southwest,completed,350.0
1373,954,2025-12-27,Wholesale,West,completed,204.0
1374,1006,2025-03-01,Ecommerce,Northeast,completed,754.2
1375,1040,2025-10-14,Retail,Southwest,completed,569.4
1376,237,2025-07-26,Ecommerce,Northeast,completed,272.0
1377,650,2025-11-10,Ecommerce,Northeast,completed,552.0
1378,1200,2025-11-25,Retail,West,completed,237.0
1379,714,2025-03-03,Ecommerce,West,completed,162.9
1380,248,2025-07-22,Ecommerce,Northeast,completed,62.0
1381,644,2025-10-23,Ecommerce,Southeast,completed,262.45
1382,346,2025-05-11,Ecommerce,West,completed,81.7
1383,1089,2025-05-14,Ecommerce,Northeast,completed,391.0
1384,1161,2025-03-15,Ecommerce,Southwest,completed,99.0
1385,934,2025-02-05,Retail,Southeast,completed,634.15
1386,754,2025-05-08,Ecommerce,Southwest,completed,669.3
1387,60,2025-06-17,Wholesale,Southeast,completed,71.0
1388,928,2025-06-24,Wholesale,Midwest,completed,106.0
1389,427,2025-02-19,Ecommerce,Southwest,completed,794.45
1390,92,2025-10-11,Ecommerce,Southwest,completed,110.5
1391,877,2025-03-23,Ecommerce,Midwest,completed,96.0
1392,344,2025-05-27,Retail,West,completed,146.8
1393,63,2025-06-05,Ecommerce,Southeast,completed,124.0
1394,687,2025-08-03,Ecommerce,Southeast,completed,202.0
1395,22,2025-02-05,Ecommerce,West,completed,320.65
1396,1072,2025-06-01,Ecommerce,Southwest,completed,570.4
1397,601,2025-11-05,Retail,Southwest,completed,339.0
1398,899,2025-02-09,Ecommerce,Midwest,completed,910.8
1399,555,2025-07-25,Ecommerce,Northeast,completed,504.0
1400,213,2025-10-19,Ecommerce,Northeast,completed,203.15
1401,98,2025-11-23,Ecommerce,Southeast,completed,397.7
1402,997,2025-03-25,Ecommerce,Southwest,completed,706.85
1403,402,2025-09-03,Ecommerce,Southeast,completed,130.0
1404,66,2025-07-29,Retail,Northeast,completed,99.2
1405,138,2025-08-13,Wholesale,Northeast,completed,170.0
1406,403,2025-07-26,Retail,Southwest,completed,385.0
1407,931,2025-10-25,Ecommerce,Southwest,completed,445.8
1408,177,2025-03-20,Retail,Midwest,completed,66.0
1409,864,2025-07-31,Ecommerce,Northeast,completed,57.95
1410,124,2025-07-14,Ecommerce,Southwest,completed,421.0
1411,772,2025-07-21,Ecommerce,Southeast,completed,228.0
1412,604,2025-06-04,Ecommerce,Northeast,completed,513.0
1413,534,2025-12-02,Retail,West,completed,233.0
1414,900,2025-11-22,Ecommerce,West,completed,124.0
1415,29,2025-08-22,Ecommerce,Southwest,completed,342.6
1416,1149,2025-07-11,Ecommerce,West,completed,210.8
1417,501,2025-03-24,Ecommerce,Southeast,completed,379.0
1418,330,2025-11-06,Ecommerce,Southwest,completed,185.0
1419,193,2025-10-27,Ecommerce,Midwest,completed,218.0
1420,46,2025-10-13,Retail,Midwest,completed,171.0
1421,464,2025-02-27,Retail,West,completed,361.6
1422,929,2025-03-30,Ecommerce,Southwest,completed,272.0
1423,103,2025-04-12,Ecommerce,Southeast,completed,197.9
1424,894,2025-09-25,Retail,West,completed,90.9
1425,538,2025-03-22,Ecommerce,Southeast,completed,270.0
1426,61,2025-04-04,Wholesale,Midwest,completed,390.05
1427,218,2025-08-12,Wholesale,Southeast,completed,384.35
1428,953,2025-10-30,Retail,West,completed,435.9
1429,870,2025-12-19,Ecommerce,Midwest,completed,211.8
1430,91,2025-11-11,Ecommerce,West,completed,142.8
1431,499,2025-04-11,Ecommerce,Midwest,completed,110.5
1432,547,2025-12-29,Ecommerce,West,completed,155.0
1433,673,2025-12-18,Retail,Southwest,completed,279.6
1434,252,2025-10-04,Ecommerce,Midwest,completed,354.0
1435,577,2025-05-08,Ecommerce,Southwest,completed,232.0
1436,595,2025-07-16,Ecommerce,Northeast,completed,231.6
1437,650,2025-08-26,Ecommerce,Northeast,completed,55.0
1438,365,2025-01-03,Retail,Southwest,completed,639.6
1439,206,2025-03-27,Ecommerce,Southwest,completed,522.0
1440,264,2025-05-02,Ecommerce,West,completed,61.2
1441,646,2025-09-22,Ecommerce,Northeast,completed,498.25
1442,368,2025-06-06,Wholesale,Southwest,completed,423.6
1443,905,2025-11-19,Ecommerce,Midwest,completed,308.1
1444,120,2025-08-10,Ecommerce,West,completed,144.0
1445,151,2025-08-05,Ecommerce,Northeast,completed,301.85
1446,244,2025-12-13,Retail,Southeast,completed,498.0
1447,466,2025-06-29,Ecommerce,Southwest,completed,533.95
1448,773,2025-12-27,Ecommerce,Southwest,completed,48.8
1449,919,2025-12-01,Ecommerce,West,completed,193.8
1450,741,2025-03-26,Wholesale,West,completed,648.5
1451,620,2025-12-16,Ecommerce,Southeast,completed,497.8
1452,747,2025-02-02,Wholesale,West,completed,717.4
1453,438,2025-01-28,Ecommerce,Southwest,completed,61.0
1454,900,2025-11-03,Wholesale,West,completed,216.0
1455,49,2025-06-11,Wholesale,Midwest,completed,266.0
1456,443,2025-08-23,Wholesale,Southwest,completed,125.0
1457,1125,2025-11-15,Retail,Southeast,completed,43.7
1458,768,2025-02-01,Ecommerce,Southeast,completed,418.5
1459,226,2025-06-09,Retail,Southeast,completed,126.0
1460,185,2025-12-15,Ecommerce,West,completed,289.0
1461,55,2025-09-20,Retail,Southeast,completed,46.55
1462,731,2025-03-27,Ecommerce,Southeast,completed,426.0
1463,413,2025-01-21,Ecommerce,Midwest,completed,95.0
1464,1127,2025-11-21,Retail,West,completed,58.0
1465,592,2025-02-15,Ecommerce,Southeast,completed,307.8
1466,704,2025-01-20,Ecommerce,West,completed,570.0
1467,152,2025-02-04,Ecommerce,Northeast,completed,477.0
1468,38,2025-03-17,Retail,Midwest,completed,224.0
1469,1093,2025-11-27,Ecommerce,Southeast,completed,211.2
1470,280,2025-06-25,Ecommerce,Southeast,completed,262.8
1471,463,2025-11-30,Ecommerce,Northeast,completed,100.0
1472,600,2025-12-17,Retail,Northeast,completed,577.75
1473,82,2025-08-08,Ecommerce,Midwest,completed,356.0
1474,166,2025-03-08,Retail,Southwest,completed,163.2
1475,937,2025-07-28,Retail,Midwest,completed,581.05
1476,928,2025-11-09,Ecommerce,Midwest,completed,242.0
1477,936,2025-01-28,Ecommerce,Southeast,completed,895.6
1478,368,2025-09-20,Ecommerce,Southwest,completed,323.4
1479,1119,2025-06-14,Retail,Southeast,completed,241.0
1480,1070,2025-12-13,Ecommerce,Southwest,completed,112.0
1481,797,2025-07-24,Ecommerce,Northeast,completed,52.0
1482,877,2025-09-02,Ecommerce,Midwest,completed,214.0
1483,862,2025-08-31,Ecommerce,Northeast,completed,324.0
1484,670,2025-11-11,Retail,West,completed,340.2
1485,707,2025-06-27,Ecommerce,Northeast,completed,552.4
1486,1080,2025-08-12,Ecommerce,Northeast,completed,315.9
1487,71,2025-03-03,Retail,West,completed,419.0
1488,759,2025-12-30,Wholesale,Southeast,completed,58.4
1489,1005,2025-06-18,Ecommerce,West,completed,110.2
1490,637,2025-11-19,Ecommerce,Southwest,completed,536.0
1491,602,2025-12-05,Retail,West,completed,441.0
1492,618,2025-05-14,Ecommerce,Southeast,completed,823.0
1493,1012,2025-09-12,Ecommerce,Midwest,completed,131.0
1494,1138,2025-06-16,Retail,Northeast,completed,345.25
1495,621,2025-01-13,Retail,Southeast,completed,131.0
1496,112,2025-01-27,Ecommerce,West,completed,667.3
1497,644,2025-03-19,Retail,Southeast,completed,614.7
1498,935,2025-01-11,Ecommerce,Southwest,completed,410.6
1499,996,2025-08-09,Wholesale,Southeast,completed,226.0
1500,750,2025-07-30,Ecommerce,Southwest,completed,183.0
1501,1192,2025-06-19,Ecommerce,Northeast,completed,117.8
1502,833,2025-07-27,Ecommerce,Southeast,completed,211.95
1503,1182,2025-12-06,Ecommerce,Midwest,completed,255.7
1504,461,2025-06-09,Retail,Northeast,completed,468.4
1505,1091,2025-07-19,Ecommerce,Northeast,completed,236.3
1506,80,2025-02-20,Retail,Midwest,completed,502.8
1507,893,2025-06-11,Ecommerce,Northeast,completed,510.3
1508,468,2025-01-06,Ecommerce,Midwest,completed,542.5
1509,1020,2025-09-15,Ecommerce,Southeast,completed,301.0
1510,936,2025-10-28,Retail,Southeast,completed,99.2
1511,1018,2025-02-09,Wholesale,West,completed,65.0
1512,18,2025-03-05,Retail,Southeast,completed,177.6
1513,389,2025-01-18,Retail,Northeast,completed,64.0
1514,191,2025-02-24,Wholesale,Midwest,completed,298.0
1515,890,2025-10-24,Retail,Northeast,completed,364.0
1516,176,2025-07-02,Ecommerce,Southeast,completed,484.2
1517,942,2025-03-30,Ecommerce,West,completed,39.9
1518,1067,2025-06-09,Ecommerce,Midwest,completed,490.0
1519,128,2025-03-18,Retail,Southwest,completed,888.75
1520,806,2025-05-03,Retail,Northeast,completed,64.0
1521,859,2025-03-14,Ecommerce,Northeast,completed,178.0
1522,577,2025-02-23,Ecommerce,Southwest,completed,93.5
1523,1041,2025-10-05,Retail,West,completed,422.0
1524,1011,2025-09-04,Ecommerce,Northeast,completed,125.0
1525,1065,2025-03-22,Retail,Southeast,completed,605.0
1526,53,2025-04-11,Retail,West,completed,146.1
1527,543,2025-12-20,Ecommerce,Northeast,completed,271.95
1528,182,2025-04-12,Ecommerce,Northeast,completed,228.0
1529,948,2025-05-31,Retail,Northeast,completed,126.0
1530,712,2025-12-31,Ecommerce,Northeast,completed,662.6
1531,478,2025-01-15,Ecommerce,Northeast,completed,766.1
1532,1128,2025-04-12,Retail,Northeast,completed,109.0
1533,929,2025-08-03,Ecommerce,Southwest,completed,198.0
1534,1082,2025-02-26,Retail,Southeast,completed,560.4
1535,304,2025-09-25,Ecommerce,Northeast,completed,270.4
1536,16,2025-01-08,Retail,Southwest,completed,647.95
1537,840,2025-10-11,Wholesale,Southeast,completed,123.3
1538,433,2025-03-12,Retail,Midwest,completed,847.35
1539,232,2025-11-07,Retail,Southeast,completed,709.1
1540,463,2025-01-22,Ecommerce,Northeast,completed,329.7
1541,279,2025-08-07,Wholesale,Southwest,completed,64.6
1542,1105,2025-10-29,Ecommerce,Southeast,completed,49.5
1543,815,2025-02-02,Ecommerce,Southwest,completed,684.6
1544,1142,2025-05-18,Ecommerce,West,completed,274.1
1545,1131,2025-02-20,Ecommerce,Northeast,completed,514.5
1546,376,2025-07-20,Ecommerce,Southeast,completed,441.0
1547,530,2025-02-03,Retail,Midwest,completed,188.1
1548,443,2025-07-06,Ecommerce,Southwest,completed,671.5
1549,1,2025-02-22,Ecommerce,Southwest,completed,56.1
1550,293,2025-05-26,Ecommerce,Southwest,completed,215.5
1551,202,2025-12-18,Ecommerce,Midwest,completed,225.7
1552,664,2025-12-20,Retail,Southwest,completed,392.0
1553,193,2025-03-09,Ecommerce,Midwest,completed,546.0
1554,237,2025-11-26,Ecommerce,Northeast,completed,290.2
1555,1004,2025-06-10,Ecommerce,Midwest,completed,119.0
1556,238,2025-01-15,Retail,Southeast,completed,203.4
1557,50,2025-05-29,Ecommerce,Southeast,completed,724.45
1558,845,2025-07-07,Ecommerce,Northeast,completed,348.3
1559,212,2025-09-29,Ecommerce,Southeast,completed,55.0
1560,242,2025-02-09,Wholesale,West,completed,290.1
1561,831,2025-05-20,Retail,Southeast,completed,107.1
1562,562,2025-08-19,Retail,Southeast,completed,59.0
1563,576,2025-03-18,Retail,Northeast,completed,320.0
1564,511,2025-07-17,Ecommerce,Southwest,completed,150.0
1565,882,2025-04-30,Ecommerce,Southwest,completed,136.0
1566,506,2025-12-24,Retail,Southwest,completed,120.0
1567,1164,2025-12-05,Ecommerce,Southeast,completed,272.0
1568,664,2025-05-11,Retail,Southwest,completed,631.95
1569,629,2025-01-15,Ecommerce,Northeast,completed,130.0
1570,596,2025-02-01,Wholesale,West,completed,238.0
1571,189,2025-03-18,Retail,West,completed,374.0
1572,801,2025-07-12,Wholesale,West,completed,368.0
1573,175,2025-12-16,Wholesale,Southeast,completed,551.0
1574,733,2025-04-09,Ecommerce,Southeast,completed,550.8
1575,1068,2025-01-23,Ecommerce,Southwest,completed,142.0
1576,663,2025-10-18,Ecommerce,Midwest,completed,186.0
1577,1094,2025-08-03,Ecommerce,Southwest,completed,193.8
1578,834,2025-05-19,Ecommerce,West,completed,1056.0
1579,167,2025-12-30,Ecommerce,Midwest,completed,160.0
1580,919,2025-04-11,Retail,West,completed,58.0
1581,951,2025-10-04,Ecommerce,Northeast,completed,126.0
1582,104,2025-12-01,Ecommerce,Southwest,completed,488.0
1583,460,2025-02-07,Ecommerce,Midwest,completed,387.15
1584,658,2025-10-26,Retail,Midwest,completed,257.0
1585,322,2025-12-11,Wholesale,Midwest,completed,114.0
1586,889,2025-03-14,Ecommerce,Southwest,completed,106.0
1587,988,2025-03-30,Ecommerce,Southeast,completed,223.6
1588,1005,2025-10-05,Ecommerce,West,completed,285.8
1589,1198,2025-12-08,Ecommerce,Midwest,completed,158.1
1590,489,2025-12-25,Ecommerce,Southwest,completed,49.0
1591,345,2025-12-02,Ecommerce,West,completed,282.0
1592,585,2025-02-28,Ecommerce,Southwest,completed,374.0
1593,428,2025-05-29,Ecommerce,Southwest,completed,393.0
1594,785,2025-07-23,Ecommerce,Southwest,completed,58.0
1595,293,2025-09-27,Ecommerce,Southwest,completed,488.0
1596,333,2025-01-18,Retail,Northeast,completed,79.9
1597,155,2025-10-25,Ecommerce,Southeast,completed,651.0
1598,291,2025-04-21,Wholesale,Northeast,completed,536.6
1599,877,2025-04-23,Ecommerce,Midwest,completed,422.2
1600,447,2025-05-27,Ecommerce,Southwest,completed,103.0
1601,1031,2025-10-07,Retail,West,completed,116.0
1602,983,2025-04-03,Ecommerce,Northeast,completed,465.55
1603,288,2025-10-20,Ecommerce,Southeast,completed,236.0
1604,72,2025-10-25,Retail,Midwest,completed,210.0
1605,11,2025-04-17,Ecommerce,Northeast,completed,158.0
1606,440,2025-12-11,Retail,Southeast,completed,64.0
1607,591,2025-07-17,Retail,Midwest,completed,115.0
1608,210,2025-08-13,Ecommerce,Southeast,completed,752.4
1609,571,2025-10-23,Ecommerce,Southeast,completed,48.0
1610,823,2025-01-28,Retail,West,completed,85.0
1611,1142,2025-11-22,Ecommerce,West,completed,267.0
1612,605,2025-03-14,Ecommerce,Midwest,completed,660.65
1613,644,2025-01-21,Ecommerce,Southeast,completed,121.0
1614,580,2025-03-02,Retail,West,completed,130.15
1615,1191,2025-12-24,Wholesale,Southeast,completed,426.25
1616,496,2025-08-06,Retail,Southwest,completed,142.0
1617,556,2025-06-08,Ecommerce,West,completed,685.5
1618,797,2025-11-15,Retail,Northeast,completed,373.5
1619,987,2025-01-06,Wholesale,Southwest,completed,218.0
1620,1069,2025-11-20,Ecommerce,Southeast,completed,161.0
1621,663,2025-07-29,Ecommerce,Midwest,completed,185.6
1622,467,2025-11-22,Ecommerce,West,completed,248.0
1623,150,2025-05-03,Wholesale,Northeast,completed,492.2
1624,1182,2025-06-27,Ecommerce,Midwest,completed,624.5
1625,275,2025-03-07,Retail,Midwest,completed,534.2
1626,830,2025-10-19,Ecommerce,Midwest,completed,64.0
1627,831,2025-11-15,Wholesale,Southeast,completed,153.0
1628,742,2025-01-08,Retail,Midwest,completed,721.8
1629,857,2025-01-05,Ecommerce,Southeast,completed,626.9
1630,716,2025-12-18,Ecommerce,Southwest,completed,588.0
1631,650,2025-08-04,Retail,Northeast,completed,393.0
1632,289,2025-11-12,Ecommerce,West,completed,354.2
1633,1007,2025-09-01,Ecommerce,Southeast,completed,339.0
1634,1013,2025-10-23,Ecommerce,Southwest,completed,50.0
1635,245,2025-04-14,Ecommerce,Southwest,completed,100.0
1636,584,2025-04-01,Ecommerce,Southeast,completed,110.0
1637,569,2025-12-09,Retail,Northeast,completed,158.0
1638,1111,2025-10-19,Ecommerce,Northeast,completed,225.0
1639,443,2025-02-16,Ecommerce,Southwest,completed,264.0
1640,1163,2025-12-02,Retail,West,completed,513.95
1641,56,2025-01-13,Wholesale,Northeast,completed,388.6
1642,918,2025-01-24,Retail,Midwest,completed,459.8
1643,976,2025-08-24,Ecommerce,Southwest,completed,491.55
1644,593,2025-02-07,Ecommerce,Midwest,completed,49.0
1645,576,2025-11-18,Ecommerce,Northeast,completed,463.0
1646,342,2025-09-11,Wholesale,Midwest,completed,59.0
1647,477,2025-09-20,Retail,Southeast,completed,77.0
1648,875,2025-05-15,Wholesale,West,completed,44.2
1649,1198,2025-06-16,Ecommerce,Midwest,completed,540.5
1650,1024,2025-09-25,Ecommerce,Southwest,completed,117.0
1651,1139,2025-09-19,Ecommerce,Northeast,completed,109.8
1652,186,2025-01-11,Retail,Southeast,completed,127.0
1653,1032,2025-08-01,Ecommerce,Northeast,completed,222.8
1654,1158,2025-08-24,Ecommerce,West,completed,616.75
1655,1149,2025-04-08,Retail,West,completed,53.0
1656,1186,2025-11-12,Retail,Midwest,completed,62.7
1657,889,2025-05-26,Retail,Southwest,completed,308.55
1658,836,2025-01-31,Ecommerce,Midwest,completed,653.0
1659,819,2025-01-09,Wholesale,Northeast,completed,385.9
1660,998,2025-09-30,Ecommerce,Southwest,completed,539.0
1661,251,2025-03-18,Ecommerce,Northeast,completed,123.0
1662,914,2025-10-27,Ecommerce,Southeast,completed,169.0
1663,585,2025-03-06,Wholesale,Southwest,completed,398.0
1664,895,2025-04-27,Ecommerce,Midwest,completed,108.0
1665,144,2025-02-08,Ecommerce,Southeast,completed,374.3
1666,139,2025-01-04,Ecommerce,Northeast,completed,333.45
1667,940,2025-06-23,Ecommerce,Southwest,completed,76.0
1668,548,2025-12-07,Wholesale,West,completed,724.0
1669,637,2025-07-17,Ecommerce,Southwest,completed,429.15
1670,642,2025-07-09,Ecommerce,Midwest,completed,303.0
1671,789,2025-06-03,Retail,Northeast,completed,1156.1
1672,918,2025-03-19,Ecommerce,Midwest,completed,587.8
1673,637,2025-03-09,Ecommerce,Southwest,completed,343.0
1674,213,2025-01-10,Retail,Northeast,completed,64.0
1675,1019,2025-10-19,Ecommerce,Midwest,completed,60.0
1676,1138,2025-08-01,Ecommerce,Northeast,completed,424.0
1677,385,2025-11-27,Wholesale,Northeast,completed,248.6
1678,944,2025-12-12,Ecommerce,Southeast,completed,322.05
1679,930,2025-02-10,Wholesale,Southeast,completed,47.0
1680,977,2025-04-11,Ecommerce,Midwest,completed,207.0
1681,1020,2025-10-15,Retail,Southeast,completed,342.0
1682,1045,2025-09-26,Ecommerce,Northeast,completed,258.4
1683,846,2025-09-29,Ecommerce,Southwest,completed,698.2
1684,88,2025-02-08,Retail,Southeast,completed,124.0
1685,299,2025-01-12,Ecommerce,West,completed,108.0
1686,634,2025-12-06,Retail,Southeast,completed,568.0
1687,1173,2025-09-30,Ecommerce,Southwest,completed,276.35
1688,1198,2025-12-06,Ecommerce,Midwest,completed,70.0
1689,164,2025-06-29,Ecommerce,Southeast,completed,64.0
1690,946,2025-04-13,Retail,Southeast,completed,233.0
1691,855,2025-09-25,Retail,Southeast,completed,138.6
1692,185,2025-05-30,Ecommerce,West,completed,56.0
1693,645,2025-09-16,Ecommerce,Southeast,completed,411.0
1694,840,2025-04-09,Wholesale,Southeast,completed,275.0
1695,1098,2025-06-03,Retail,Northeast,completed,126.0
1696,340,2025-05-13,Retail,Southwest,completed,333.0
1697,414,2025-03-01,Ecommerce,Northeast,completed,353.0
1698,1119,2025-07-24,Ecommerce,Southeast,completed,220.3
1699,1014,2025-04-18,Ecommerce,West,completed,66.0
1700,510,2025-10-01,Retail,Northeast,completed,340.25
1701,524,2025-11-04,Wholesale,Southwest,completed,186.0
1702,141,2025-08-25,Ecommerce,Southeast,completed,196.2
1703,804,2025-06-08,Ecommerce,Northeast,completed,112.0
1704,989,2025-04-08,Ecommerce,Northeast,completed,464.4
1705,210,2025-10-16,Ecommerce,Southeast,completed,328.5
1706,454,2025-06-03,Ecommerce,Southeast,completed,270.65
1707,1100,2025-09-06,Ecommerce,West,completed,90.1
1708,954,2025-03-07,Ecommerce,West,completed,305.55
1709,228,2025-07-12,Ecommerce,Southeast,completed,174.0
1710,335,2025-02-10,Ecommerce,Northeast,completed,369.6
1711,442,2025-07-14,Ecommerce,Southwest,completed,168.0
1712,225,2025-09-03,Ecommerce,Northeast,completed,114.0
1713,489,2025-10-06,Ecommerce,Southwest,completed,358.0
1714,217,2025-03-12,Wholesale,West,completed,621.2
1715,798,2025-03-18,Ecommerce,West,completed,243.45
1716,804,2025-12-12,Ecommerce,Northeast,completed,371.0
1717,714,2025-11-22,Ecommerce,West,completed,234.0
1718,52,2025-09-13,Ecommerce,Southwest,completed,108.0
1719,260,2025-05-19,Ecommerce,Northeast,completed,282.2
1720,1085,2025-03-16,Ecommerce,Northeast,completed,494.1
1721,13,2025-01-26,Retail,Southwest,completed,693.3
1722,322,2025-12-17,Retail,Midwest,completed,300.0
1723,560,2025-08-30,Ecommerce,Northeast,completed,60.0
1724,295,2025-10-19,Ecommerce,Midwest,completed,253.65
1725,533,2025-01-16,Ecommerce,Southwest,completed,113.0
1726,903,2025-02-19,Retail,Southeast,completed,132.0
1727,252,2025-12-19,Ecommerce,Midwest,completed,411.0
1728,1129,2025-04-08,Retail,Southwest,completed,243.0
1729,362,2025-03-08,Ecommerce,Midwest,completed,548.25
1730,883,2025-01-03,Ecommerce,Southwest,completed,104.0
1731,989,2025-08-08,Ecommerce,Northeast,completed,578.95
1732,176,2025-05-28,Ecommerce,Southeast,completed,118.75
1733,217,2025-03-12,Ecommerce,West,completed,568.0
1734,1103,2025-09-14,Ecommerce,Southeast,completed,364.2
1735,1061,2025-05-23,Retail,Southeast,completed,106.25
1736,1086,2025-12-28,Ecommerce,Northeast,completed,428.2
1737,1018,2025-08-23,Retail,West,completed,138.0
1738,535,2025-12-03,Retail,Southeast,completed,635.8
1739,1117,2025-02-25,Ecommerce,Southeast,completed,258.0
1740,538,2025-11-20,Ecommerce,Southeast,completed,112.0
1741,725,2025-05-26,Ecommerce,Northeast,completed,421.0
1742,131,2025-08-26,Ecommerce,West,completed,267.0
1743,794,2025-03-01,Ecommerce,Midwest,completed,344.5
1744,219,2025-02-21,Retail,Southwest,completed,189.8
1745,798,2025-05-15,Retail,West,completed,175.8
1746,713,2025-03-05,Retail,Southeast,completed,156.6
1747,511,2025-07-04,Ecommerce,Southwest,completed,571.3
1748,1114,2025-03-13,Ecommerce,Northeast,completed,284.2
1749,1193,2025-01-04,Ecommerce,Northeast,completed,256.0
1750,1042,2025-08-18,Retail,Midwest,completed,322.0
1751,950,2025-01-19,Retail,Southwest,completed,69.35
1752,612,2025-05-13,Wholesale,Midwest,completed,526.0
1753,372,2025-08-27,Ecommerce,Southeast,completed,234.0
1754,1086,2025-09-23,Retail,Northeast,completed,348.3
1755,633,2025-09-16,Ecommerce,Midwest,completed,318.9
1756,1027,2025-10-09,Wholesale,West,completed,490.55
1757,849,2025-07-01,Ecommerce,Southwest,completed,187.0
1758,101,2025-07-16,Ecommerce,Northeast,completed,113.4
1759,789,2025-01-03,Ecommerce,Northeast,completed,96.8
1760,554,2025-03-20,Ecommerce,Midwest,completed,402.0
1761,157,2025-10-26,Ecommerce,Southwest,completed,450.0
1762,647,2025-08-18,Retail,Northeast,completed,70.3
1763,1000,2025-02-22,Ecommerce,Midwest,completed,303.0
1764,658,2025-05-08,Ecommerce,Midwest,completed,156.0
1765,1058,2025-03-05,Ecommerce,Southwest,completed,456.2
1766,246,2025-03-25,Ecommerce,Southeast,completed,99.0
1767,724,2025-08-12,Ecommerce,Southwest,completed,244.65
1768,818,2025-07-15,Ecommerce,Southwest,completed,509.85
1769,224,2025-04-19,Wholesale,Southwest,completed,217.25
1770,735,2025-05-25,Wholesale,Southeast,completed,550.7
1771,1022,2025-06-17,Wholesale,Southeast,completed,432.85
1772,534,2025-10-05,Retail,West,completed,780.0
1773,959,2025-08-24,Ecommerce,Southwest,completed,257.0
1774,440,2025-11-10,Ecommerce,Southeast,completed,279.2
1775,1154,2025-08-19,Wholesale,West,completed,380.85
1776,787,2025-01-22,Ecommerce,Southwest,completed,417.1
1777,36,2025-04-23,Wholesale,Northeast,completed,436.4
1778,1133,2025-03-25,Wholesale,West,completed,437.4
1779,851,2025-08-26,Ecommerce,Midwest,completed,410.65
1780,237,2025-02-14,Ecommerce,Northeast,completed,486.0
1781,817,2025-04-03,Ecommerce,Southwest,completed,372.6
1782,534,2025-09-29,Ecommerce,West,completed,715.8
1783,1160,2025-09-01,Ecommerce,Northeast,completed,682.6
1784,879,2025-08-08,Wholesale,Southeast,completed,203.95
1785,508,2025-06-19,Ecommerce,Southeast,completed,446.0
1786,11,2025-05-06,Ecommerce,Northeast,completed,111.0
1787,117,2025-02-03,Retail,Southwest,completed,352.0
1788,20,2025-05-19,Ecommerce,Northeast,completed,333.85
1789,919,2025-02-07,Ecommerce,West,completed,98.0
1790,228,2025-05-15,Retail,Southeast,completed,362.0
1791,649,2025-03-21,Wholesale,Northeast,completed,138.0
1792,824,2025-01-03,Ecommerce,Northeast,completed,204.0
1793,961,2025-05-13,Wholesale,Southeast,completed,109.0
1794,880,2025-08-20,Ecommerce,West,completed,96.9
1795,800,2025-04-05,Retail,Southeast,completed,333.0
1796,273,2025-11-13,Retail,Southwest,completed,980.45
1797,320,2025-09-28,Retail,Northeast,completed,799.0
1798,924,2025-10-24,Retail,Southwest,completed,106.25
1799,380,2025-10-15,Ecommerce,Midwest,completed,408.2
1800,661,2025-10-31,Retail,Southeast,completed,246.9
1801,1184,2025-12-13,Ecommerce,Southwest,completed,778.0
1802,560,2025-10-28,Ecommerce,Northeast,completed,863.1
1803,988,2025-03-25,Ecommerce,Southeast,completed,244.0
1804,613,2025-03-26,Retail,Southwest,completed,114.0
1805,647,2025-06-14,Ecommerce,Northeast,completed,127.3
1806,810,2025-02-21,Retail,Northeast,completed,122.0
1807,354,2025-10-20,Ecommerce,West,completed,114.0
1808,281,2025-05-04,Retail,West,completed,301.0
1809,189,2025-11-15,Ecommerce,West,completed,59.0
1810,130,2025-06-21,Ecommerce,Southwest,completed,397.1
1811,592,2025-01-26,Ecommerce,Southeast,completed,125.0
1812,454,2025-03-16,Retail,Southeast,completed,200.0
1813,1104,2025-12-18,Retail,Southeast,completed,89.3
1814,1043,2025-08-10,Ecommerce,Northeast,completed,142.0
1815,976,2025-09-25,Ecommerce,Southwest,completed,506.0
1816,528,2025-05-20,Ecommerce,Southeast,completed,51.3
1817,566,2025-10-16,Ecommerce,Northeast,completed,138.0
1818,624,2025-12-10,Ecommerce,Midwest,completed,359.0
1819,855,2025-02-07,Wholesale,Southeast,completed,101.6
1820,988,2025-12-08,Ecommerce,Southeast,completed,318.0
1821,666,2025-04-02,Ecommerce,West,completed,212.8
1822,1166,2025-08-11,Ecommerce,Midwest,completed,519.0
1823,988,2025-02-27,Ecommerce,Southeast,completed,554.8
1824,307,2025-07-23,Ecommerce,Southwest,completed,47.5
1825,296,2025-01-13,Wholesale,Northeast,completed,57.0
1826,730,2025-04-22,Retail,Southeast,completed,645.0
1827,81,2025-04-25,Ecommerce,Northeast,completed,460.0
1828,625,2025-01-02,Ecommerce,Southeast,completed,429.0
1829,149,2025-08-26,Ecommerce,Northeast,completed,671.0
1830,394,2025-09-04,Ecommerce,Southwest,completed,534.8
1831,389,2025-04-26,Retail,Northeast,completed,102.0
1832,390,2025-03-26,Ecommerce,Midwest,completed,201.6
1833,840,2025-04-02,Ecommerce,Southeast,completed,454.0
1834,1096,2025-02-07,Ecommerce,Southeast,completed,585.7
1835,315,2025-05-11,Wholesale,Northeast,completed,180.0
1836,205,2025-09-08,Retail,West,completed,124.0
1837,959,2025-04-26,Ecommerce,Southwest,completed,281.4
1838,273,2025-07-09,Ecommerce,Southwest,completed,645.2
1839,847,2025-09-05,Wholesale,Midwest,completed,123.0
1840,420,2025-07-25,Retail,West,completed,66.0
1841,330,2025-06-03,Ecommerce,Southwest,completed,266.65
1842,1121,2025-11-27,Wholesale,Southwest,completed,607.15
1843,233,2025-02-10,Ecommerce,Midwest,completed,116.4
1844,894,2025-10-06,Retail,West,completed,133.0
1845,981,2025-09-29,Ecommerce,Southwest,completed,544.0
1846,546,2025-11-15,Ecommerce,Midwest,completed,325.0
1847,409,2025-01-29,Ecommerce,Southeast,completed,166.6
1848,276,2025-10-17,Retail,Southwest,completed,236.0
1849,34,2025-12-24,Ecommerce,West,completed,865.4
1850,214,2025-05-26,Retail,Northeast,completed,122.0
1851,367,2025-08-24,Ecommerce,Northeast,completed,93.5
1852,883,2025-02-16,Ecommerce,Southwest,completed,132.0
1853,631,2025-01-25,Ecommerce,Southwest,completed,365.7
1854,502,2025-04-30,Ecommerce,Southwest,completed,112.0
1855,805,2025-01-10,Retail,West,completed,226.1
1856,1025,2025-07-17,Retail,Southeast,completed,180.0
1857,954,2025-08-27,Retail,West,completed,134.0
1858,609,2025-03-01,Retail,Southwest,completed,216.0
1859,998,2025-05-20,Ecommerce,Southwest,completed,134.0
1860,705,2025-09-25,Ecommerce,Northeast,completed,137.0
1861,730,2025-12-28,Ecommerce,Southeast,completed,316.0
1862,815,2025-06-01,Retail,Southwest,completed,198.0
1863,850,2025-12-12,Wholesale,Northeast,completed,125.0
1864,222,2025-10-09,Ecommerce,Southwest,completed,426.0
1865,120,2025-12-09,Ecommerce,West,completed,188.0
1866,390,2025-02-24,Ecommerce,Midwest,completed,115.0
1867,1019,2025-10-20,Ecommerce,Midwest,completed,275.35
1868,433,2025-12-09,Ecommerce,Midwest,completed,103.7
1869,1016,2025-03-04,Ecommerce,Southeast,completed,222.7
1870,673,2025-03-10,Retail,Southwest,completed,234.0
1871,1188,2025-02-13,Ecommerce,Northeast,completed,100.0
1872,505,2025-10-21,Ecommerce,Northeast,completed,237.65
1873,901,2025-09-09,Retail,West,completed,505.4
1874,1018,2025-08-11,Ecommerce,West,completed,240.0
1875,1044,2025-01-13,Retail,Northeast,completed,153.0
1876,665,2025-03-26,Retail,Northeast,completed,523.0
1877,717,2025-02-20,Ecommerce,West,completed,163.0
1878,963,2025-04-17,Retail,Southwest,completed,103.7
1879,414,2025-03-14,Ecommerce,Northeast,completed,453.0
1880,91,2025-02-27,Retail,West,completed,1051.0
1881,84,2025-12-18,Ecommerce,Southeast,completed,186.0
1882,174,2025-06-27,Retail,Midwest,completed,292.0
1883,489,2025-03-12,Wholesale,Southwest,completed,205.0
1884,698,2025-03-25,Retail,West,completed,304.0
1885,785,2025-07-14,Retail,Southwest,completed,212.0
1886,22,2025-12-09,Retail,West,completed,114.0
1887,158,2025-04-23,Retail,West,completed,254.0
1888,268,2025-02-10,Retail,West,completed,473.0
1889,1102,2025-10-15,Wholesale,Southwest,completed,221.95
1890,106,2025-02-09,Ecommerce,Northeast,completed,192.15
1891,636,2025-05-30,Ecommerce,Southwest,completed,126.0
1892,801,2025-01-07,Retail,West,completed,384.0
1893,967,2025-05-30,Retail,Southeast,completed,313.2
1894,1034,2025-06-23,Ecommerce,Midwest,completed,354.0
1895,999,2025-03-22,Ecommerce,Midwest,completed,111.0
1896,555,2025-04-27,Ecommerce,Northeast,completed,260.0
1897,923,2025-05-29,Ecommerce,Northeast,completed,387.3
1898,1053,2025-08-18,Wholesale,Northeast,completed,146.0
1899,1100,2025-10-25,Wholesale,West,completed,134.0
1900,865,2025-01-22,Ecommerce,Southwest,completed,680.95
1901,568,2025-04-14,Ecommerce,Southwest,completed,445.2
1902,868,2025-11-03,Ecommerce,Midwest,completed,1029.4
1903,908,2025-05-03,Ecommerce,West,completed,318.0
1904,247,2025-07-12,Retail,Southwest,completed,675.5
1905,485,2025-02-14,Ecommerce,Southeast,completed,190.0
1906,335,2025-10-14,Ecommerce,Northeast,completed,333.0
1907,423,2025-04-01,Wholesale,Southwest,completed,115.9
1908,608,2025-02-16,Ecommerce,Southwest,completed,300.0
1909,1153,2025-09-14,Ecommerce,Southwest,completed,354.0
1910,494,2025-05-04,Retail,Southeast,completed,378.0
1911,104,2025-12-06,Ecommerce,Southwest,completed,402.5
1912,883,2025-02-11,Wholesale,Southwest,completed,43.35
1913,1020,2025-11-23,Ecommerce,Southeast,completed,455.9
1914,1069,2025-03-04,Ecommerce,Southeast,completed,244.8
1915,396,2025-01-19,Retail,West,completed,393.95
1916,683,2025-01-31,Wholesale,Midwest,completed,458.0
1917,940,2025-04-01,Ecommerce,Southwest,completed,749.2
1918,520,2025-02-13,Retail,Northeast,completed,99.0
1919,300,2025-10-18,Ecommerce,Northeast,completed,188.0
1920,377,2025-10-30,Retail,Southeast,completed,214.7
1921,204,2025-05-11,Ecommerce,Southeast,completed,642.4
1922,510,2025-10-08,Ecommerce,Northeast,completed,348.75
1923,592,2025-03-02,Ecommerce,Southeast,completed,50.0
1924,892,2025-02-09,Ecommerce,West,completed,169.2
1925,1107,2025-10-12,Retail,West,completed,135.0
1926,1091,2025-01-09,Ecommerce,Northeast,completed,147.0
1927,275,2025-10-25,Ecommerce,Midwest,completed,60.0
1928,237,2025-07-12,Ecommerce,Northeast,completed,489.3
1929,992,2025-01-01,Wholesale,Southwest,completed,477.0
1930,236,2025-07-23,Retail,Midwest,completed,494.0
1931,113,2025-02-23,Ecommerce,Northeast,completed,214.0
1932,579,2025-04-20,Ecommerce,Southeast,completed,464.0
1933,269,2025-05-02,Retail,Southwest,completed,222.3
1934,456,2025-09-18,Retail,Northeast,completed,108.0
1935,691,2025-06-07,Ecommerce,Southeast,completed,232.0
1936,1008,2025-04-21,Retail,Southeast,completed,60.3
1937,712,2025-06-07,Ecommerce,Northeast,completed,235.0
1938,499,2025-08-11,Retail,Midwest,completed,275.0
1939,42,2025-11-21,Ecommerce,Midwest,completed,348.0
1940,830,2025-12-29,Ecommerce,Midwest,completed,380.85
1941,414,2025-12-22,Wholesale,Northeast,completed,388.2
1942,536,2025-06-09,Retail,Southeast,completed,568.35
1943,547,2025-05-25,Ecommerce,West,completed,48.0
1944,740,2025-06-10,Retail,Southeast,completed,220.8
1945,244,2025-07-17,Ecommerce,Southeast,completed,277.0
1946,1070,2025-08-15,Retail,Southwest,completed,680.9
1947,840,2025-01-09,Retail,Southeast,completed,65.0
1948,1091,2025-01-27,Retail,Northeast,completed,478.6
1949,661,2025-05-08,Ecommerce,Southeast,completed,57.0
1950,115,2025-05-31,Retail,Midwest,completed,325.4
1951,645,2025-10-28,Retail,Southeast,completed,561.0
1952,967,2025-11-17,Retail,Southeast,completed,638.4
1953,280,2025-08-25,Retail,Southeast,completed,288.15
1954,10,2025-09-02,Retail,Southeast,completed,662.4
1955,31,2025-02-10,Retail,West,completed,421.1
1956,432,2025-04-23,Retail,Northeast,completed,140.0
1957,1010,2025-10-25,Ecommerce,Southeast,completed,822.0
1958,1113,2025-12-29,Retail,Northeast,completed,516.8
1959,870,2025-03-19,Ecommerce,Midwest,completed,338.2
1960,749,2025-07-13,Ecommerce,Midwest,completed,129.2
1961,689,2025-03-05,Retail,Northeast,completed,86.4
1962,800,2025-10-05,Ecommerce,Southeast,completed,218.0
1963,995,2025-01-20,Wholesale,Northeast,completed,411.4
1964,212,2025-07-31,Ecommerce,Southeast,completed,588.8
1965,1039,2025-11-18,Retail,Northeast,completed,391.0
1966,564,2025-05-29,Retail,Southeast,completed,926.1
1967,617,2025-01-06,Ecommerce,Southeast,completed,110.0
1968,943,2025-05-23,Ecommerce,Southeast,completed,442.0
1969,653,2025-11-13,Ecommerce,West,completed,296.45
1970,198,2025-07-31,Ecommerce,Northeast,completed,217.6
1971,196,2025-08-04,Ecommerce,Midwest,completed,173.0
1972,375,2025-07-31,Ecommerce,Southwest,completed,357.0
1973,743,2025-01-10,Retail,West,completed,122.0
1974,534,2025-04-11,Ecommerce,West,completed,120.0
1975,745,2025-04-01,Ecommerce,Southwest,completed,106.0
1976,1133,2025-07-20,Ecommerce,West,completed,75.65
1977,391,2025-06-10,Wholesale,Midwest,completed,939.2
1978,629,2025-10-13,Retail,Northeast,completed,116.0
1979,536,2025-11-17,Ecommerce,Southeast,completed,65.0
1980,125,2025-06-10,Ecommerce,Southeast,completed,110.0
1981,681,2025-01-10,Ecommerce,Southwest,completed,681.6
1982,280,2025-10-17,Wholesale,Southeast,completed,117.0
1983,229,2025-04-05,Ecommerce,Midwest,completed,576.6
1984,1079,2025-01-20,Retail,Southeast,completed,715.0
1985,17,2025-05-07,Ecommerce,West,completed,236.0
1986,211,2025-11-06,Wholesale,Northeast,completed,206.0
1987,1131,2025-12-26,Ecommerce,Northeast,completed,805.1
1988,774,2025-06-26,Ecommerce,Midwest,completed,408.65
1989,946,2025-09-27,Ecommerce,Southeast,completed,229.0
1990,335,2025-06-19,Ecommerce,Northeast,completed,162.3
1991,605,2025-04-23,Retail,Midwest,completed,330.6
1992,550,2025-07-16,Ecommerce,Midwest,completed,118.0
1993,511,2025-01-12,Retail,Southwest,completed,318.0
1994,485,2025-04-05,Retail,Southeast,completed,234.0
1995,236,2025-04-10,Retail,Midwest,completed,549.4
1996,846,2025-08-20,Ecommerce,Southwest,completed,186.0
1997,126,2025-10-21,Retail,Midwest,completed,518.0
1998,55,2025-02-17,Ecommerce,Southeast,completed,495.05
1999,600,2025-06-11,Ecommerce,Northeast,completed,558.8
2000,1025,2025-12-19,Ecommerce,Southeast,completed,250.1
2001,863,2025-09-03,Ecommerce,Midwest,completed,213.8
2002,756,2025-03-31,Ecommerce,Southeast,completed,273.6
2003,105,2025-10-13,Retail,Midwest,completed,797.8
2004,713,2025-07-01,Ecommerce,Southeast,completed,104.4
2005,640,2025-08-25,Ecommerce,Northeast,completed,748.4
2006,679,2025-05-02,Ecommerce,Southwest,completed,643.6
2007,674,2025-07-18,Ecommerce,Southeast,completed,641.6
2008,232,2025-10-23,Ecommerce,Southeast,completed,45.0
2009,1196,2025-05-08,Ecommerce,Northeast,completed,429.55
2010,509,2025-03-03,Retail,Midwest,completed,234.75
2011,386,2025-03-14,Ecommerce,West,completed,53.0
2012,7,2025-03-27,Ecommerce,West,completed,535.25
2013,1173,2025-02-02,Ecommerce,Southwest,completed,959.85
2014,371,2025-09-28,Retail,Midwest,completed,118.0
2015,250,2025-04-28,Ecommerce,West,completed,217.0
2016,353,2025-08-07,Ecommerce,Midwest,completed,339.0
2017,319,2025-05-10,Wholesale,Midwest,completed,71.0
2018,1093,2025-07-22,Retail,Southeast,completed,180.0
2019,1193,2025-03-17,Ecommerce,Northeast,completed,370.0
2020,165,2025-07-26,Wholesale,Southeast,completed,270.1
2021,692,2025-01-04,Ecommerce,Southeast,completed,178.0
2022,211,2025-03-31,Retail,Northeast,completed,804.45
2023,480,2025-06-28,Retail,Midwest,completed,591.45
2024,1130,2025-11-12,Ecommerce,West,completed,230.0
2025,616,2025-03-22,Ecommerce,West,completed,398.6
2026,651,2025-09-15,Ecommerce,Southeast,completed,120.0
2027,40,2025-09-21,Ecommerce,West,completed,291.15
2028,299,2025-04-24,Wholesale,West,completed,559.4
2029,516,2025-06-23,Ecommerce,West,completed,202.0
2030,1060,2025-02-18,Ecommerce,West,completed,136.8
2031,914,2025-04-25,Retail,Southeast,completed,95.0
2032,144,2025-08-16,Ecommerce,Southeast,completed,625.3
2033,252,2025-11-06,Retail,Midwest,completed,180.0
2034,60,2025-08-11,Ecommerce,Southeast,completed,86.4
2035,141,2025-06-24,Wholesale,Southeast,completed,498.0
2036,183,2025-04-27,Ecommerce,Northeast,completed,113.0
2037,972,2025-08-07,Wholesale,Northeast,completed,226.0
2038,183,2025-08-22,Wholesale,Northeast,completed,411.0
2039,371,2025-06-29,Ecommerce,Midwest,completed,202.0
2040,271,2025-09-27,Ecommerce,West,completed,189.0
2041,1072,2025-04-10,Ecommerce,Southwest,completed,126.0
2042,18,2025-10-09,Ecommerce,Southeast,completed,369.7
2043,321,2025-03-23,Ecommerce,Northeast,completed,121.0
2044,502,2025-08-18,Ecommerce,Southwest,completed,226.0
2045,33,2025-05-25,Retail,Southwest,completed,282.25
2046,587,2025-09-29,Ecommerce,Southwest,completed,82.45
2047,6,2025-12-29,Retail,Southwest,completed,107.35
2048,1100,2025-03-09,Ecommerce,West,completed,562.6
2049,1145,2025-08-16,Ecommerce,Southwest,completed,33.6
2050,1141,2025-08-19,Ecommerce,West,completed,212.0
2051,911,2025-02-09,Retail,Midwest,completed,132.6
2052,184,2025-03-04,Ecommerce,Southwest,completed,289.0
2053,1098,2025-03-28,Retail,Northeast,completed,221.0
2054,767,2025-08-19,Ecommerce,Southeast,completed,124.95
2055,608,2025-09-29,Ecommerce,Southwest,completed,196.8
2056,597,2025-07-13,Wholesale,Northeast,completed,502.75
2057,129,2025-03-04,Retail,Southwest,completed,58.0
2058,635,2025-09-19,Retail,Southwest,completed,415.5
2059,217,2025-08-05,Retail,West,completed,492.2
2060,464,2025-03-29,Ecommerce,West,completed,216.0
2061,679,2025-04-08,Retail,Southwest,completed,124.0
2062,697,2025-01-12,Ecommerce,Midwest,completed,110.0
2063,755,2025-10-05,Ecommerce,Southwest,completed,355.4
2064,1194,2025-06-22,Retail,West,completed,119.0
2065,154,2025-08-12,Ecommerce,Northeast,completed,103.0
2066,583,2025-12-14,Ecommerce,Southwest,completed,473.0
2067,1106,2025-12-26,Ecommerce,Northeast,completed,444.0
2068,17,2025-12-06,Ecommerce,West,completed,561.0
2069,352,2025-12-14,Wholesale,Midwest,completed,510.0
2070,731,2025-09-20,Wholesale,Southeast,completed,133.0
2071,109,2025-11-09,Wholesale,West,completed,232.0
2072,1010,2025-05-04,Ecommerce,Southeast,completed,249.6
2073,801,2025-12-24,Ecommerce,West,completed,272.6
2074,999,2025-01-12,Retail,Midwest,completed,332.0
2075,197,2025-07-06,Retail,West,completed,109.35
2076,1064,2025-11-03,Wholesale,Northeast,completed,50.0
2077,697,2025-02-27,Ecommerce,Midwest,completed,357.0
2078,789,2025-09-08,Ecommerce,Northeast,completed,309.8
2079,305,2025-07-28,Ecommerce,West,completed,121.2
2080,451,2025-10-24,Ecommerce,West,completed,615.6
2081,899,2025-10-17,Ecommerce,Midwest,completed,492.0
2082,936,2025-06-10,Retail,Southeast,completed,272.0
2083,58,2025-06-14,Retail,Midwest,completed,178.5
2084,11,2025-11-08,Ecommerce,Northeast,completed,109.0
2085,34,2025-04-25,Ecommerce,West,completed,208.0
2086,157,2025-03-06,Ecommerce,Southwest,completed,53.2
2087,719,2025-08-09,Ecommerce,West,completed,172.9
2088,1189,2025-02-07,Wholesale,Northeast,completed,907.0
2089,780,2025-03-25,Ecommerce,Midwest,completed,632.0
2090,604,2025-10-28,Ecommerce,Northeast,completed,590.0
2091,714,2025-05-09,Ecommerce,West,completed,291.0
2092,903,2025-04-29,Ecommerce,Southeast,completed,632.0
2093,684,2025-02-15,Ecommerce,Midwest,completed,765.9
2094,371,2025-03-05,Ecommerce,Midwest,completed,216.0
2095,288,2025-01-12,Ecommerce,Southeast,completed,318.0
2096,245,2025-12-07,Retail,Southwest,completed,495.0
2097,994,2025-08-19,Ecommerce,Southeast,completed,311.0
2098,519,2025-09-08,Ecommerce,Southwest,completed,112.0
2099,1177,2025-05-11,Retail,West,completed,50.4
2100,510,2025-09-07,Retail,Northeast,completed,430.0
2101,1127,2025-10-02,Ecommerce,West,completed,339.0
2102,866,2025-07-27,Retail,Midwest,completed,688.5
2103,119,2025-09-11,Retail,West,completed,653.0
2104,921,2025-01-20,Ecommerce,West,completed,106.4
2105,316,2025-06-06,Ecommerce,West,completed,58.0
2106,943,2025-09-06,Wholesale,Southeast,completed,71.0
2107,1118,2025-10-22,Retail,Midwest,completed,975.5
2108,212,2025-10-30,Ecommerce,Southeast,completed,474.0
2109,220,2025-06-27,Retail,Southeast,completed,180.55
2110,855,2025-04-20,Ecommerce,Southeast,completed,65.0
2111,254,2025-12-16,Wholesale,Midwest,completed,316.9
2112,1065,2025-12-01,Retail,Southeast,completed,239.4
2113,66,2025-04-05,Wholesale,Northeast,completed,414.15
2114,1003,2025-10-12,Retail,Southwest,completed,137.0
2115,1068,2025-09-24,Retail,Southwest,completed,407.7
2116,1189,2025-07-11,Retail,Northeast,completed,394.0
2117,983,2025-11-18,Ecommerce,Northeast,completed,102.85
2118,387,2025-04-26,Ecommerce,Southeast,completed,121.25
2119,373,2025-05-18,Retail,West,completed,834.0
2120,84,2025-05-03,Retail,Southeast,completed,182.0
2121,8,2025-03-15,Ecommerce,Northeast,completed,111.6
2122,181,2025-01-23,Ecommerce,Southeast,completed,420.4
2123,35,2025-10-07,Retail,Northeast,completed,417.3
2124,479,2025-04-02,Ecommerce,Southwest,completed,469.2
2125,1161,2025-02-07,Ecommerce,Southwest,completed,303.0
2126,270,2025-01-12,Ecommerce,Midwest,completed,251.6
2127,1193,2025-08-17,Ecommerce,Northeast,completed,216.75
2128,761,2025-06-13,Wholesale,West,completed,77.0
2129,797,2025-08-01,Retail,Northeast,completed,293.0
2130,413,2025-07-05,Ecommerce,Midwest,completed,804.35
2131,476,2025-02-25,Ecommerce,Southwest,completed,328.6
2132,774,2025-12-21,Ecommerce,Midwest,completed,332.4
2133,1197,2025-04-27,Ecommerce,Southeast,completed,180.0
2134,1000,2025-08-29,Ecommerce,Midwest,completed,67.0
2135,397,2025-11-28,Retail,Southeast,completed,268.0
2136,38,2025-06-17,Ecommerce,Midwest,completed,379.9
2137,181,2025-04-02,Ecommerce,Southeast,completed,573.9
2138,794,2025-01-04,Wholesale,Midwest,completed,156.0
2139,800,2025-01-22,Ecommerce,Southeast,completed,375.0
2140,577,2025-09-16,Retail,Southwest,completed,327.0
2141,274,2025-08-23,Wholesale,Midwest,completed,335.6
2142,611,2025-04-18,Wholesale,Midwest,completed,327.3
2143,581,2025-04-01,Retail,Southeast,completed,338.0
2144,874,2025-11-17,Retail,West,completed,220.0
2145,955,2025-11-25,Retail,Southwest,completed,702.75
2146,996,2025-03-01,Ecommerce,Southeast,completed,62.1
2147,568,2025-08-31,Ecommerce,Southwest,completed,232.2
2148,944,2025-10-06,Retail,Southeast,completed,237.0
2149,460,2025-06-08,Retail,Midwest,completed,242.0
2150,81,2025-12-15,Ecommerce,Northeast,completed,217.7
2151,374,2025-12-26,Wholesale,Midwest,completed,579.0
2152,803,2025-05-18,Retail,Southwest,completed,198.0
2153,10,2025-08-01,Ecommerce,Southeast,completed,151.55
2154,1162,2025-04-04,Retail,West,completed,224.6
2155,811,2025-01-04,Retail,West,completed,413.4
2156,851,2025-04-18,Retail,Midwest,completed,192.8
2157,397,2025-09-22,Ecommerce,Southeast,completed,422.2
2158,699,2025-08-04,Ecommerce,Northeast,completed,262.0
2159,1024,2025-10-14,Ecommerce,Southwest,completed,181.0
2160,1138,2025-05-16,Retail,Northeast,completed,308.4
2161,1173,2025-12-28,Ecommerce,Southwest,completed,143.0
2162,685,2025-03-02,Retail,Southeast,completed,248.0
2163,714,2025-08-28,Wholesale,West,completed,232.0
2164,505,2025-12-28,Retail,Northeast,completed,603.2
2165,577,2025-05-28,Retail,Southwest,completed,284.0
2166,643,2025-02-01,Ecommerce,West,completed,118.0
2167,633,2025-09-21,Retail,Midwest,completed,72.0
2168,1141,2025-08-05,Ecommerce,West,completed,100.0
2169,1016,2025-10-16,Ecommerce,Southeast,completed,635.0
2170,813,2025-08-21,Wholesale,Southeast,completed,1034.0
2171,1196,2025-05-31,Ecommerce,Northeast,completed,423.6
2172,483,2025-08-12,Ecommerce,Southwest,completed,516.0
2173,313,2025-09-20,Wholesale,West,completed,257.75
2174,104,2025-03-05,Ecommerce,Southwest,completed,360.1
2175,485,2025-04-13,Retail,Southeast,completed,110.0
2176,1,2025-01-09,Ecommerce,Southwest,completed,210.0
2177,911,2025-11-01,Ecommerce,Midwest,completed,453.0
2178,1043,2025-05-01,Ecommerce,Northeast,completed,132.6
2179,713,2025-11-29,Wholesale,Southeast,completed,510.0
2180,938,2025-01-04,Ecommerce,Southwest,completed,69.0
2181,163,2025-06-17,Ecommerce,Midwest,completed,343.9
2182,571,2025-01-26,Ecommerce,Southeast,completed,62.0
2183,585,2025-11-13,Wholesale,Southwest,completed,724.0
2184,203,2025-07-18,Ecommerce,Southeast,completed,222.0
2185,568,2025-06-03,Wholesale,Southwest,completed,524.0
2186,205,2025-11-14,Ecommerce,West,completed,212.8
2187,104,2025-06-17,Ecommerce,Southwest,completed,225.6
2188,519,2025-01-05,Ecommerce,Southwest,completed,453.0
2189,1023,2025-08-11,Ecommerce,Midwest,completed,496.4
2190,1001,2025-10-10,Ecommerce,Southwest,completed,198.0
2191,821,2025-12-23,Ecommerce,Northeast,completed,165.0
2192,36,2025-03-11,Retail,Northeast,completed,658.0
2193,1149,2025-06-06,Ecommerce,West,completed,46.75
2194,194,2025-04-02,Wholesale,Midwest,completed,652.4
2195,994,2025-07-16,Retail,Southeast,completed,1051.6
2196,273,2025-06-21,Ecommerce,Southwest,completed,100.0
2197,166,2025-02-28,Ecommerce,Southwest,completed,758.45
2198,264,2025-07-03,Ecommerce,West,completed,95.2
2199,909,2025-08-29,Ecommerce,Northeast,completed,764.0
2200,903,2025-11-28,Ecommerce,Southeast,completed,232.3
2201,900,2025-05-27,Ecommerce,West,completed,270.0
2202,647,2025-10-14,Retail,Northeast,completed,365.0
2203,242,2025-10-09,Ecommerce,West,completed,202.15
2204,224,2025-12-15,Ecommerce,Southwest,completed,326.0
2205,749,2025-08-14,Ecommerce,Midwest,completed,337.0
2206,530,2025-09-07,Retail,Midwest,completed,324.0
2207,892,2025-11-27,Ecommerce,West,completed,136.0
2208,416,2025-01-06,Ecommerce,Southeast,completed,460.1
2209,390,2025-04-09,Ecommerce,Midwest,completed,359.0
2210,640,2025-08-30,Ecommerce,Northeast,completed,243.0
2211,1069,2025-12-25,Ecommerce,Southeast,completed,532.0
2212,278,2025-07-03,Ecommerce,Southeast,completed,215.8
2213,132,2025-09-10,Retail,Northeast,completed,67.45
2214,288,2025-06-19,Retail,Southeast,completed,466.3
2215,1167,2025-08-21,Ecommerce,Midwest,completed,110.0
2216,929,2025-11-28,Ecommerce,Southwest,completed,120.0
2217,114,2025-05-29,Retail,Southwest,completed,438.1
2218,18,2025-07-31,Ecommerce,Southeast,completed,300.3
2219,668,2025-06-24,Ecommerce,Northeast,completed,162.4
2220,816,2025-12-01,Wholesale,Southwest,completed,188.7
2221,640,2025-05-06,Ecommerce,Northeast,completed,104.4
2222,281,2025-07-09,Ecommerce,West,completed,104.5
2223,1191,2025-04-18,Ecommerce,Southeast,completed,231.25
2224,1094,2025-06-02,Ecommerce,Southwest,completed,476.7
2225,156,2025-12-28,Retail,Northeast,completed,590.0
2226,1054,2025-03-20,Retail,Southwest,completed,100.0
2227,671,2025-02-27,Wholesale,Southeast,completed,221.8
2228,941,2025-09-25,Retail,Southwest,completed,283.3
2229,153,2025-02-23,Retail,Southwest,completed,285.9
2230,603,2025-11-19,Ecommerce,Southeast,completed,124.0
2231,110,2025-03-18,Retail,Southwest,completed,375.0
2232,749,2025-09-13,Ecommerce,Midwest,completed,98.0
2233,118,2025-03-23,Retail,Southwest,completed,532.9
2234,393,2025-08-10,Retail,Southwest,completed,112.0
2235,57,2025-08-16,Retail,West,completed,71.25
2236,765,2025-10-12,Ecommerce,West,completed,142.0
2237,32,2025-05-31,Ecommerce,Midwest,completed,350.0
2238,204,2025-11-10,Ecommerce,Southeast,completed,518.2
2239,393,2025-11-27,Ecommerce,Southwest,completed,366.0
2240,69,2025-08-20,Retail,Midwest,completed,88.2
2241,1151,2025-01-08,Ecommerce,West,completed,124.0
2242,56,2025-10-04,Ecommerce,Northeast,completed,414.0
2243,481,2025-12-04,Retail,Midwest,completed,396.0
2244,313,2025-02-03,Wholesale,West,completed,97.0
2245,126,2025-10-30,Ecommerce,Midwest,completed,52.0
2246,954,2025-09-19,Ecommerce,West,completed,385.0
2247,699,2025-03-29,Ecommerce,Northeast,completed,167.0
2248,861,2025-10-08,Ecommerce,Northeast,completed,242.0
2249,1005,2025-12-14,Retail,West,completed,722.0
2250,712,2025-10-03,Ecommerce,Northeast,completed,243.0
2251,231,2025-11-02,Wholesale,Northeast,completed,381.7
2252,1077,2025-12-23,Retail,Northeast,completed,114.0
2253,830,2025-04-07,Wholesale,Midwest,completed,414.0
2254,247,2025-03-19,Ecommerce,Southwest,completed,396.0
2255,274,2025-03-01,Retail,Midwest,completed,616.0
2256,224,2025-12-04,Ecommerce,Southwest,completed,54.0
2257,318,2025-03-09,Ecommerce,Southwest,completed,166.0
2258,999,2025-10-05,Retail,Midwest,completed,92.65
2259,469,2025-11-02,Ecommerce,West,completed,182.0
2260,748,2025-10-22,Ecommerce,Southwest,completed,563.0
2261,999,2025-07-01,Ecommerce,Midwest,completed,233.0
2262,578,2025-08-17,Retail,West,completed,112.1
2263,1172,2025-02-04,Ecommerce,West,completed,75.0
2264,857,2025-12-16,Retail,Southeast,completed,353.0
2265,580,2025-05-20,Ecommerce,West,completed,74.0
2266,710,2025-06-20,Ecommerce,Southwest,completed,424.0
2267,292,2025-05-30,Ecommerce,Midwest,completed,131.2
2268,1128,2025-06-30,Ecommerce,Northeast,completed,348.0
2269,864,2025-07-23,Ecommerce,Northeast,completed,170.8
2270,949,2025-07-04,Ecommerce,West,completed,55.0
2271,242,2025-07-19,Retail,West,completed,141.95
2272,472,2025-12-13,Retail,Northeast,completed,132.3
2273,1110,2025-06-25,Ecommerce,Northeast,completed,45.9
2274,608,2025-07-26,Ecommerce,Southwest,completed,125.4
2275,138,2025-07-11,Retail,Northeast,completed,100.0
2276,927,2025-07-18,Retail,Southwest,completed,161.0
2277,1016,2025-05-16,Retail,Southeast,completed,488.0
2278,943,2025-01-28,Ecommerce,Southeast,completed,114.0
2279,438,2025-09-22,Retail,Southwest,completed,104.8
2280,317,2025-04-29,Wholesale,Northeast,completed,438.0
2281,573,2025-05-03,Retail,Southwest,completed,577.5
2282,439,2025-08-24,Ecommerce,West,completed,136.0
2283,518,2025-11-13,Ecommerce,Midwest,completed,639.9
2284,854,2025-11-19,Ecommerce,West,completed,499.0
2285,941,2025-12-15,Ecommerce,Southwest,completed,483.4
2286,1193,2025-08-12,Retail,Northeast,completed,226.1
2287,481,2025-04-04,Ecommerce,Midwest,completed,349.6
2288,1130,2025-08-22,Retail,West,completed,120.0
2289,339,2025-04-13,Wholesale,Southeast,completed,45.0
2290,90,2025-10-23,Ecommerce,Southwest,completed,572.6
2291,757,2025-10-25,Ecommerce,Southeast,completed,187.2
2292,410,2025-09-21,Retail,Midwest,completed,401.85
2293,911,2025-06-11,Ecommerce,Midwest,completed,115.0
2294,375,2025-01-29,Ecommerce,Southwest,completed,554.0
2295,1105,2025-03-12,Ecommerce,Southeast,completed,429.0
2296,951,2025-06-22,Wholesale,Northeast,completed,218.0
2297,842,2025-02-25,Ecommerce,Southwest,completed,504.65
2298,241,2025-04-28,Ecommerce,Midwest,completed,480.35
2299,548,2025-07-18,Ecommerce,West,completed,264.0
2300,752,2025-02-19,Ecommerce,West,completed,58.0
2301,1183,2025-12-22,Retail,West,completed,219.6
2302,949,2025-02-27,Ecommerce,West,completed,376.7
2303,316,2025-08-13,Retail,West,completed,870.0
2304,671,2025-12-04,Ecommerce,Southeast,completed,148.5
2305,60,2025-12-02,Ecommerce,Southeast,completed,605.0
2306,185,2025-12-31,Ecommerce,West,completed,419.15
2307,788,2025-06-14,Ecommerce,Northeast,completed,663.9
2308,648,2025-07-10,Ecommerce,Southeast,completed,231.4
2309,382,2025-07-05,Retail,Northeast,completed,208.8
2310,138,2025-12-18,Ecommerce,Northeast,completed,242.0
2311,909,2025-07-18,Retail,Northeast,completed,640.75
2312,189,2025-12-13,Ecommerce,West,completed,604.7
2313,736,2025-01-13,Ecommerce,Midwest,completed,540.0
2314,493,2025-09-22,Ecommerce,Southeast,completed,581.85
2315,910,2025-08-11,Ecommerce,Southeast,completed,232.6
2316,1178,2025-02-17,Ecommerce,Midwest,completed,137.0
2317,987,2025-12-17,Ecommerce,Southwest,completed,222.9
2318,741,2025-09-27,Ecommerce,West,completed,165.0
2319,493,2025-04-01,Ecommerce,Southeast,completed,448.45
2320,406,2025-02-01,Ecommerce,West,completed,134.0
2321,601,2025-04-05,Ecommerce,Southwest,completed,173.0
2322,856,2025-11-12,Ecommerce,Southeast,completed,330.0
2323,818,2025-08-10,Ecommerce,Southwest,completed,220.0
2324,1005,2025-11-20,Ecommerce,West,completed,418.55
2325,417,2025-06-24,Ecommerce,Midwest,completed,117.0
2326,302,2025-06-15,Ecommerce,West,completed,623.7
2327,1024,2025-11-15,Wholesale,Southwest,completed,255.3
2328,1035,2025-08-08,Ecommerce,Midwest,completed,73.15
2329,1120,2025-03-22,Ecommerce,Southeast,completed,701.0
2330,739,2025-06-24,Retail,Northeast,completed,558.0
2331,82,2025-01-14,Ecommerce,Midwest,completed,162.0
2332,1058,2025-10-29,Ecommerce,Southwest,completed,37.0
2333,898,2025-08-17,Ecommerce,Southwest,completed,91.2
2334,424,2025-03-16,Ecommerce,Northeast,completed,49.0
2335,545,2025-10-26,Ecommerce,Northeast,completed,283.5
2336,148,2025-02-07,Ecommerce,Southwest,completed,248.4
2337,252,2025-03-23,Retail,Midwest,completed,254.8
2338,17,2025-12-10,Ecommerce,West,completed,320.0
2339,463,2025-06-09,Ecommerce,Northeast,completed,286.0
2340,1196,2025-07-09,Ecommerce,Northeast,completed,171.9
2341,120,2025-12-10,Retail,West,completed,509.0
2342,589,2025-06-17,Ecommerce,Southwest,completed,243.0
2343,507,2025-03-11,Retail,Southwest,completed,144.0
2344,337,2025-05-29,Ecommerce,Midwest,completed,351.0
2345,345,2025-08-02,Ecommerce,West,completed,404.4
2346,1173,2025-06-25,Wholesale,Southwest,completed,387.5
2347,108,2025-12-14,Retail,Southwest,completed,200.45
2348,594,2025-06-27,Ecommerce,Southwest,completed,137.85
2349,199,2025-06-22,Ecommerce,West,completed,1124.0
2350,394,2025-06-01,Ecommerce,Southwest,completed,639.0
2351,959,2025-07-23,Retail,Southwest,completed,194.0
2352,1028,2025-10-11,Retail,Southwest,completed,895.1
2353,1026,2025-03-26,Ecommerce,West,completed,351.5
2354,390,2025-02-22,Ecommerce,Midwest,completed,186.2
2355,271,2025-05-19,Ecommerce,West,completed,200.0
2356,939,2025-07-01,Ecommerce,Southwest,completed,256.0
2357,403,2025-06-22,Retail,Southwest,completed,88.5
2358,166,2025-01-12,Ecommerce,Southwest,completed,129.0
2359,216,2025-07-29,Ecommerce,Northeast,completed,121.6
2360,571,2025-06-15,Ecommerce,Southeast,completed,116.0
2361,1133,2025-10-18,Ecommerce,West,completed,366.4
2362,172,2025-09-23,Wholesale,West,completed,129.2
2363,925,2025-03-24,Ecommerce,Southeast,completed,324.65
2364,889,2025-06-05,Ecommerce,Southwest,completed,79.0
2365,834,2025-01-23,Wholesale,West,completed,120.6
2366,1143,2025-05-11,Ecommerce,Midwest,completed,517.3
2367,795,2025-05-01,Retail,Southeast,completed,601.0
2368,561,2025-11-26,Retail,Midwest,completed,618.0
2369,109,2025-01-04,Retail,West,completed,444.9
2370,256,2025-02-19,Retail,Southeast,completed,53.6
2371,739,2025-03-19,Ecommerce,Northeast,completed,319.6
2372,668,2025-11-30,Ecommerce,Northeast,completed,57.0
2373,634,2025-03-24,Ecommerce,Southeast,completed,299.7
2374,248,2025-02-19,Ecommerce,Northeast,completed,159.0
2375,496,2025-01-14,Retail,Southwest,completed,213.0
2376,923,2025-01-07,Ecommerce,Northeast,completed,147.0
2377,1167,2025-08-04,Ecommerce,Midwest,completed,248.0
2378,358,2025-03-13,Retail,Northeast,completed,417.0
2379,821,2025-06-28,Ecommerce,Northeast,completed,198.0
2380,619,2025-07-17,Ecommerce,Midwest,completed,144.0
2381,1014,2025-09-24,Ecommerce,West,completed,392.75
2382,506,2025-03-25,Ecommerce,Southwest,completed,179.0
2383,409,2025-07-19,Ecommerce,Southeast,completed,99.0
2384,744,2025-03-14,Retail,West,completed,109.0
2385,616,2025-11-16,Ecommerce,West,completed,122.0
2386,584,2025-12-21,Retail,Southeast,completed,134.0
2387,1063,2025-10-28,Ecommerce,Northeast,completed,129.0
2388,749,2025-02-13,Retail,Midwest,completed,240.0
2389,775,2025-11-04,Ecommerce,Southwest,completed,108.0
2390,1102,2025-06-27,Ecommerce,Southwest,completed,136.0
2391,893,2025-12-21,Retail,Northeast,completed,672.0
2392,503,2025-06-24,Retail,Northeast,completed,684.0
2393,577,2025-11-17,Ecommerce,Southwest,completed,628.6
2394,738,2025-05-15,Ecommerce,West,completed,209.0
2395,537,2025-09-26,Retail,West,completed,54.0
2396,973,2025-06-28,Ecommerce,Southeast,completed,107.95
2397,563,2025-11-15,Ecommerce,Southwest,completed,63.0
2398,668,2025-11-06,Ecommerce,Northeast,completed,241.3
2399,476,2025-03-06,Retail,Southwest,completed,361.9
2400,403,2025-10-10,Ecommerce,Southwest,completed,701.0
2401,114,2025-06-15,Retail,Southwest,completed,664.4
2402,869,2025-11-04,Ecommerce,Southeast,completed,453.1
2403,19,2025-10-26,Ecommerce,Northeast,completed,37.0
2404,336,2025-02-09,Ecommerce,Southwest,completed,94.35
2405,673,2025-09-18,Ecommerce,Southwest,completed,558.8
2406,1010,2025-11-03,Ecommerce,Southeast,completed,68.0
2407,412,2025-01-17,Ecommerce,West,completed,258.55
2408,888,2025-04-27,Retail,Midwest,completed,48.45
2409,979,2025-11-18,Ecommerce,Southwest,completed,389.6
2410,331,2025-01-31,Ecommerce,Midwest,completed,392.3
2411,185,2025-01-15,Ecommerce,West,completed,86.4
2412,390,2025-02-16,Retail,Midwest,completed,216.0
2413,619,2025-08-30,Ecommerce,Midwest,completed,660.3
2414,238,2025-04-20,Retail,Southeast,completed,520.0
2415,543,2025-01-14,Ecommerce,Northeast,completed,570.0
2416,1035,2025-04-23,Retail,Midwest,completed,116.0
2417,397,2025-04-21,Ecommerce,Southeast,completed,586.0
2418,551,2025-12-16,Ecommerce,Southeast,completed,858.3
2419,201,2025-05-08,Ecommerce,Midwest,completed,130.0
2420,262,2025-11-27,Retail,Southwest,completed,101.7
2421,1044,2025-08-15,Wholesale,Northeast,completed,358.9
2422,870,2025-01-12,Retail,Midwest,completed,578.6
2423,478,2025-07-25,Ecommerce,Northeast,completed,374.0
2424,119,2025-01-16,Ecommerce,West,completed,114.95
2425,769,2025-06-12,Wholesale,Southwest,completed,208.0
2426,1053,2025-11-10,Ecommerce,Northeast,completed,238.0
2427,1025,2025-07-14,Ecommerce,Southeast,completed,63.0
2428,1028,2025-08-13,Ecommerce,Southwest,completed,313.0
2429,1096,2025-10-20,Retail,Southeast,completed,654.8
2430,580,2025-01-16,Ecommerce,West,completed,313.5
2431,525,2025-06-17,Retail,Southeast,completed,449.65
2432,379,2025-03-23,Ecommerce,Southwest,completed,117.3
2433,603,2025-12-18,Retail,Southeast,completed,79.2
2434,230,2025-10-07,Wholesale,West,completed,609.0
2435,698,2025-08-15,Ecommerce,West,completed,186.0
2436,942,2025-09-21,Ecommerce,West,completed,305.6
2437,123,2025-12-18,Ecommerce,West,completed,140.0
2438,800,2025-02-12,Ecommerce,Southeast,completed,677.65
2439,344,2025-04-06,Retail,West,completed,440.0
2440,771,2025-03-25,Retail,West,completed,312.0
2441,339,2025-01-07,Ecommerce,Southeast,completed,686.5
2442,144,2025-09-06,Ecommerce,Southeast,completed,114.0
2443,284,2025-09-09,Ecommerce,Southwest,completed,241.0
2444,780,2025-06-10,Ecommerce,Midwest,completed,113.4
2445,1003,2025-02-20,Retail,Southwest,completed,95.2
2446,8,2025-11-14,Retail,Northeast,completed,471.8
2447,708,2025-10-09,Retail,Northeast,completed,99.0
2448,1177,2025-08-13,Ecommerce,West,completed,100.7
2449,548,2025-07-04,Ecommerce,West,completed,227.8
2450,452,2025-02-13,Ecommerce,Midwest,completed,92.0
2451,835,2025-12-18,Ecommerce,Northeast,completed,362.0
2452,980,2025-04-04,Ecommerce,Midwest,completed,190.0
2453,315,2025-12-09,Retail,Northeast,completed,61.2
2454,542,2025-07-21,Ecommerce,Northeast,completed,260.3
2455,1045,2025-12-18,Ecommerce,Northeast,completed,418.0
2456,1153,2025-10-04,Retail,Southwest,completed,106.0
2457,1014,2025-04-27,Retail,West,completed,315.0
2458,868,2025-11-14,Ecommerce,Midwest,completed,165.0
2459,17,2025-01-13,Ecommerce,West,completed,110.2
2460,690,2025-11-09,Retail,Southwest,completed,292.2
2461,606,2025-08-22,Ecommerce,Midwest,completed,62.0
2462,837,2025-01-16,Retail,Midwest,completed,99.0
2463,1166,2025-12-05,Ecommerce,Midwest,completed,222.0
2464,1028,2025-09-12,Ecommerce,Southwest,completed,49.0
2465,966,2025-12-19,Retail,Southeast,completed,115.0
2466,203,2025-01-06,Wholesale,Southeast,completed,840.3
2467,621,2025-04-16,Ecommerce,Southeast,completed,181.15
2468,911,2025-06-30,Retail,Midwest,completed,416.0
2469,643,2025-10-05,Retail,West,completed,362.0
2470,1079,2025-09-23,Retail,Southeast,completed,340.1
2471,377,2025-07-10,Wholesale,Southeast,completed,438.0
2472,193,2025-05-04,Ecommerce,Midwest,completed,353.75
2473,884,2025-11-15,Retail,West,completed,362.65
2474,199,2025-08-18,Ecommerce,West,completed,714.0
2475,204,2025-08-06,Retail,Southeast,completed,131.1
2476,1045,2025-08-02,Ecommerce,Northeast,completed,163.9
2477,1087,2025-03-27,Ecommerce,Southwest,completed,385.1
2478,1155,2025-08-09,Ecommerce,Midwest,completed,476.1
2479,704,2025-09-06,Retail,West,completed,302.0
2480,799,2025-04-24,Retail,Southeast,completed,580.8
2481,788,2025-03-08,Ecommerce,Northeast,completed,240.0
2482,632,2025-12-16,Ecommerce,Southeast,completed,201.0
2483,426,2025-07-28,Retail,Midwest,completed,154.0
2484,580,2025-10-27,Ecommerce,West,completed,55.8
2485,834,2025-11-15,Retail,West,completed,552.0
2486,591,2025-01-11,Retail,Midwest,completed,167.0
2487,504,2025-05-26,Retail,Southwest,completed,356.0
2488,1160,2025-07-24,Ecommerce,Northeast,completed,322.0
2489,593,2025-10-10,Retail,Midwest,completed,364.4
2490,345,2025-01-05,Ecommerce,West,completed,101.0
2491,279,2025-10-14,Ecommerce,Southwest,completed,67.0
2492,882,2025-06-23,Ecommerce,Southwest,completed,217.8
2493,728,2025-04-06,Ecommerce,Midwest,completed,54.0
2494,203,2025-05-04,Ecommerce,Southeast,completed,60.3
2495,959,2025-01-07,Ecommerce,Southwest,completed,324.0
2496,768,2025-12-29,Retail,Southeast,completed,64.0
2497,348,2025-11-08,Ecommerce,West,completed,614.6
2498,922,2025-07-09,Retail,Southwest,completed,423.3
2499,27,2025-05-27,Ecommerce,West,completed,529.0
2500,649,2025-04-21,Ecommerce,Northeast,completed,144.0
2501,592,2025-07-05,Ecommerce,Southeast,completed,133.0
2502,236,2025-02-26,Retail,Midwest,completed,195.0
2503,735,2025-06-11,Retail,Southeast,completed,137.0
2504,109,2025-01-19,Ecommerce,West,completed,105.0
2505,472,2025-03-25,Retail,Northeast,completed,170.0
2506,15,2025-07-25,Ecommerce,Northeast,completed,166.0
2507,972,2025-06-13,Retail,Northeast,completed,134.0
2508,894,2025-06-19,Ecommerce,West,completed,748.7
2509,868,2025-08-13,Retail,Midwest,completed,98.1
2510,790,2025-03-07,Ecommerce,Southeast,completed,282.0
2511,90,2025-07-29,Ecommerce,Southwest,completed,57.8
2512,1155,2025-10-06,Wholesale,Midwest,completed,242.0
2513,566,2025-06-22,Retail,Northeast,completed,381.7
2514,389,2025-07-12,Ecommerce,Northeast,completed,49.5
2515,761,2025-02-06,Ecommerce,West,completed,299.4
2516,1060,2025-09-01,Ecommerce,West,completed,715.0
2517,130,2025-02-25,Ecommerce,Southwest,completed,144.0
2518,633,2025-05-05,Retail,Midwest,completed,97.85
2519,767,2025-09-04,Ecommerce,Southeast,completed,398.0
2520,254,2025-01-14,Wholesale,Midwest,completed,235.0
2521,156,2025-10-23,Wholesale,Northeast,completed,74.0
2522,339,2025-12-07,Retail,Southeast,completed,100.3
2523,848,2025-08-31,Retail,Southeast,completed,293.4
2524,787,2025-06-22,Retail,Southwest,completed,137.0
2525,1098,2025-02-18,Wholesale,Northeast,completed,210.85
2526,1043,2025-06-21,Ecommerce,Northeast,completed,399.0
2527,485,2025-11-17,Wholesale,Southeast,completed,159.75
2528,228,2025-07-13,Ecommerce,Southeast,completed,238.0
2529,359,2025-11-03,Retail,Southeast,completed,418.0
2530,113,2025-06-01,Ecommerce,Northeast,completed,509.2
2531,885,2025-07-20,Retail,Southwest,completed,643.4
2532,427,2025-07-21,Wholesale,Southwest,completed,262.2
2533,922,2025-06-13,Ecommerce,Southwest,completed,355.8
2534,180,2025-10-24,Ecommerce,Midwest,completed,284.0
2535,544,2025-07-03,Ecommerce,Southwest,completed,65.0
2536,380,2025-06-30,Ecommerce,Midwest,completed,370.9
2537,343,2025-11-20,Ecommerce,West,completed,211.0
2538,779,2025-02-19,Wholesale,Northeast,completed,102.85
2539,838,2025-03-28,Ecommerce,Midwest,completed,54.4
2540,506,2025-03-22,Retail,Southwest,completed,84.0
2541,149,2025-07-02,Retail,Northeast,completed,197.0
2542,603,2025-01-19,Retail,Southeast,completed,427.0
2543,858,2025-04-02,Ecommerce,Southeast,completed,115.0
2544,173,2025-07-28,Retail,Southwest,completed,343.4
2545,1152,2025-10-14,Retail,Northeast,completed,323.2
2546,961,2025-05-12,Wholesale,Southeast,completed,57.0
2547,943,2025-06-15,Ecommerce,Southeast,completed,104.0
2548,212,2025-06-29,Ecommerce,Southeast,completed,656.0
2549,1115,2025-07-08,Ecommerce,Midwest,completed,79.0
2550,516,2025-12-01,Retail,West,completed,145.35
2551,844,2025-01-02,Ecommerce,West,completed,534.05
2552,958,2025-05-24,Ecommerce,West,completed,275.8
2553,532,2025-04-15,Ecommerce,Southeast,completed,117.3
2554,560,2025-10-22,Ecommerce,Northeast,completed,136.0
2555,370,2025-06-24,Ecommerce,West,completed,446.05
2556,582,2025-06-22,Retail,Southeast,completed,695.85
2557,461,2025-03-07,Retail,Northeast,completed,406.0
2558,935,2025-03-23,Ecommerce,Southwest,completed,197.2
2559,600,2025-07-20,Retail,Northeast,completed,186.0
2560,678,2025-12-26,Retail,Southeast,completed,305.0
2561,519,2025-07-03,Retail,Southwest,completed,70.0
2562,592,2025-11-09,Retail,Southeast,completed,53.0
2563,8,2025-02-01,Ecommerce,Northeast,completed,119.7
2564,814,2025-12-10,Ecommerce,Northeast,completed,382.6
2565,470,2025-11-04,Ecommerce,West,completed,144.0
2566,1060,2025-12-05,Retail,West,completed,205.2
2567,390,2025-07-05,Ecommerce,Midwest,completed,198.0
2568,1016,2025-04-15,Ecommerce,Southeast,completed,656.65
2569,904,2025-10-21,Ecommerce,Southwest,completed,89.0
2570,620,2025-09-12,Ecommerce,Southeast,completed,220.9
2571,499,2025-12-10,Wholesale,Midwest,completed,64.0
2572,61,2025-09-23,Retail,Midwest,completed,518.0
2573,464,2025-07-05,Retail,West,completed,486.0
2574,108,2025-02-21,Ecommerce,Southwest,completed,318.8
2575,308,2025-03-31,Ecommerce,West,completed,96.0
2576,1137,2025-06-08,Ecommerce,Northeast,completed,515.4
2577,968,2025-08-29,Ecommerce,Southeast,completed,193.0
2578,534,2025-05-30,Retail,West,completed,148.0
2579,1189,2025-05-22,Ecommerce,Northeast,completed,612.2
2580,393,2025-07-06,Retail,Southwest,completed,59.0
2581,607,2025-05-09,Retail,Southwest,completed,556.8
2582,200,2025-07-30,Wholesale,Northeast,completed,598.2
2583,464,2025-12-15,Ecommerce,West,completed,146.0
2584,664,2025-07-13,Retail,Southwest,completed,49.5
2585,231,2025-03-02,Retail,Northeast,completed,389.7
2586,125,2025-12-28,Ecommerce,Southeast,completed,521.0
2587,213,2025-01-04,Ecommerce,Northeast,completed,184.45
2588,1088,2025-03-05,Ecommerce,West,completed,475.0
2589,475,2025-02-05,Retail,West,completed,522.8
2590,680,2025-04-09,Wholesale,Northeast,completed,116.0
2591,703,2025-09-19,Ecommerce,West,completed,786.0
2592,1114,2025-11-14,Retail,Northeast,completed,177.0
2593,1133,2025-11-06,Ecommerce,West,completed,69.0
2594,1029,2025-06-12,Wholesale,Southeast,completed,559.7
2595,182,2025-01-05,Ecommerce,Northeast,completed,59.0
2596,109,2025-10-02,Ecommerce,West,completed,104.0
2597,277,2025-08-20,Ecommerce,Southwest,completed,119.0
2598,708,2025-10-17,Ecommerce,Northeast,completed,68.0
2599,485,2025-01-26,Ecommerce,Southeast,completed,171.0
2600,344,2025-12-17,Ecommerce,West,completed,216.2
2601,220,2025-07-18,Ecommerce,Southeast,completed,777.95
2602,927,2025-02-16,Ecommerce,Southwest,completed,174.0
2603,128,2025-03-02,Ecommerce,Southwest,completed,213.0
2604,231,2025-11-16,Ecommerce,Northeast,completed,523.0
2605,550,2025-06-24,Retail,Midwest,completed,476.85
2606,813,2025-02-18,Wholesale,Southeast,completed,222.0
2607,576,2025-05-04,Ecommerce,Northeast,completed,100.8
2608,511,2025-01-14,Retail,Southwest,completed,419.1
2609,473,2025-07-14,Ecommerce,Northeast,completed,432.0
2610,387,2025-11-14,Ecommerce,Southeast,completed,189.0
2611,84,2025-01-24,Ecommerce,Southeast,completed,338.8
2612,636,2025-11-02,Ecommerce,Southwest,completed,335.0
2613,579,2025-08-12,Retail,Southeast,completed,165.95
2614,488,2025-01-07,Wholesale,West,completed,418.75
2615,915,2025-05-04,Retail,Northeast,completed,392.8
2616,86,2025-09-23,Ecommerce,Southeast,completed,268.0
2617,822,2025-09-12,Ecommerce,Southeast,completed,101.0
2618,459,2025-10-11,Ecommerce,Southeast,completed,371.0
2619,499,2025-04-08,Ecommerce,Midwest,completed,444.0
2620,1107,2025-04-10,Wholesale,West,completed,106.0
2621,958,2025-06-17,Ecommerce,West,completed,298.0
2622,79,2025-09-12,Ecommerce,Southwest,completed,795.0
2623,210,2025-12-11,Ecommerce,Southeast,completed,1237.25
2624,934,2025-08-02,Ecommerce,Southeast,completed,355.2
2625,291,2025-08-25,Ecommerce,Northeast,completed,181.8
2626,472,2025-02-04,Retail,Northeast,completed,404.0
2627,1070,2025-01-22,Ecommerce,Southwest,completed,543.6
2628,851,2025-01-22,Ecommerce,Midwest,completed,932.1
2629,1025,2025-03-20,Ecommerce,Southeast,completed,416.6
2630,624,2025-02-13,Ecommerce,Midwest,completed,527.0
2631,696,2025-03-15,Wholesale,Southeast,completed,244.9
2632,728,2025-06-25,Retail,Midwest,completed,201.4
2633,996,2025-08-11,Retail,Southeast,completed,992.1
2634,913,2025-11-09,Retail,West,completed,188.0
2635,205,2025-12-10,Ecommerce,West,completed,414.0
2636,594,2025-06-04,Retail,Southwest,completed,234.0
2637,885,2025-01-26,Ecommerce,Southwest,completed,109.8
2638,284,2025-05-18,Ecommerce,Southwest,completed,228.0
2639,51,2025-06-25,Wholesale,West,completed,193.8
2640,892,2025-09-02,Ecommerce,West,completed,412.0
2641,293,2025-05-18,Ecommerce,Southwest,completed,105.0
2642,130,2025-03-14,Ecommerce,Southwest,completed,525.4
2643,919,2025-04-06,Retail,West,completed,252.15
2644,1151,2025-04-17,Ecommerce,West,completed,67.0
2645,4,2025-09-08,Retail,Southeast,completed,343.2
2646,583,2025-11-11,Retail,Southwest,completed,371.0
2647,1186,2025-01-29,Ecommerce,Midwest,completed,64.0
2648,448,2025-11-20,Ecommerce,Northeast,completed,586.9
2649,431,2025-02-02,Retail,West,completed,71.25
2650,553,2025-08-01,Retail,Midwest,completed,868.8
2651,1195,2025-02-24,Ecommerce,Northeast,completed,120.6
2652,245,2025-08-15,Retail,Southwest,completed,126.0
2653,679,2025-09-30,Ecommerce,Southwest,completed,502.1
2654,144,2025-01-13,Ecommerce,Southeast,completed,116.0
2655,271,2025-08-11,Ecommerce,West,completed,57.95
2656,67,2025-12-21,Ecommerce,Midwest,completed,710.0
2657,630,2025-06-06,Ecommerce,Midwest,completed,750.0
2658,105,2025-06-01,Retail,Midwest,completed,413.8
2659,769,2025-05-08,Retail,Southwest,completed,438.0
2660,938,2025-10-13,Ecommerce,Southwest,completed,278.5
2661,315,2025-11-13,Ecommerce,Northeast,completed,168.3
2662,1140,2025-04-13,Ecommerce,Southeast,completed,115.0
2663,1168,2025-03-22,Wholesale,West,completed,189.0
2664,1167,2025-01-26,Ecommerce,Midwest,completed,118.0
2665,1113,2025-12-13,Retail,Northeast,completed,336.0
2666,741,2025-01-25,Ecommerce,West,completed,589.0
2667,1042,2025-01-13,Wholesale,Midwest,completed,164.3
2668,591,2025-11-12,Ecommerce,Midwest,completed,199.8
2669,99,2025-06-04,Ecommerce,West,completed,500.8
2670,664,2025-05-27,Ecommerce,Southwest,completed,120.0
2671,47,2025-04-12,Ecommerce,Midwest,completed,120.0
2672,665,2025-01-05,Ecommerce,Northeast,completed,249.0
2673,45,2025-05-07,Wholesale,Northeast,completed,232.0
2674,248,2025-07-08,Wholesale,Northeast,completed,101.7
2675,1093,2025-02-26,Ecommerce,Southeast,completed,112.0
2676,484,2025-08-26,Ecommerce,Southwest,completed,69.0
2677,658,2025-04-07,Ecommerce,Midwest,completed,311.0
2678,48,2025-10-19,Ecommerce,Southeast,completed,126.0
2679,433,2025-03-20,Ecommerce,Midwest,completed,257.4
2680,307,2025-10-17,Ecommerce,Southwest,completed,181.0
2681,8,2025-03-01,Ecommerce,Northeast,completed,250.0
2682,560,2025-03-30,Ecommerce,Northeast,completed,544.5
2683,353,2025-04-12,Ecommerce,Midwest,completed,346.0
2684,964,2025-01-14,Ecommerce,Midwest,completed,302.0
2685,1099,2025-04-24,Ecommerce,Southeast,completed,29.0
2686,167,2025-09-19,Wholesale,Midwest,completed,393.0
2687,123,2025-09-09,Retail,West,completed,183.0
2688,904,2025-10-06,Wholesale,Southwest,completed,391.4
2689,447,2025-08-23,Ecommerce,Southwest,completed,100.0
2690,762,2025-10-21,Ecommerce,Midwest,completed,142.5
2691,463,2025-08-15,Ecommerce,Northeast,completed,62.0
2692,638,2025-06-07,Ecommerce,Southeast,completed,117.3
2693,428,2025-08-24,Ecommerce,Southwest,completed,131.0
2694,900,2025-03-23,Retail,West,completed,564.1
2695,48,2025-07-11,Ecommerce,Southeast,completed,333.0
2696,251,2025-06-10,Ecommerce,Northeast,completed,187.3
2697,338,2025-12-13,Ecommerce,Midwest,completed,32.3
2698,122,2025-11-04,Ecommerce,Northeast,completed,147.0
2699,820,2025-12-18,Ecommerce,Southeast,completed,105.8
2700,1178,2025-05-10,Ecommerce,Midwest,completed,259.15
2701,1044,2025-09-06,Ecommerce,Northeast,completed,62.0
2702,803,2025-05-23,Wholesale,Southwest,completed,372.0
2703,1121,2025-03-29,Retail,Southwest,completed,382.0
2704,35,2025-07-26,Retail,Northeast,completed,145.0
2705,570,2025-06-14,Ecommerce,Northeast,completed,520.0
2706,66,2025-02-22,Retail,Northeast,completed,180.45
2707,942,2025-12-17,Retail,West,completed,58.0
2708,680,2025-10-02,Retail,Northeast,completed,135.0
2709,920,2025-08-15,Ecommerce,Midwest,completed,535.2
2710,867,2025-04-20,Ecommerce,Southeast,completed,442.2
2711,174,2025-03-10,Wholesale,Midwest,completed,106.0
2712,51,2025-12-28,Retail,West,completed,651.0
2713,633,2025-01-08,Ecommerce,Midwest,completed,113.0
2714,942,2025-07-04,Ecommerce,West,completed,194.0
2715,758,2025-01-20,Retail,Southeast,completed,264.6
2716,867,2025-01-23,Wholesale,Southeast,completed,95.0
2717,105,2025-05-02,Wholesale,Midwest,completed,106.0
2718,1090,2025-12-25,Ecommerce,Southwest,completed,105.0
2719,136,2025-04-11,Ecommerce,Southeast,completed,658.25
2720,154,2025-09-27,Ecommerce,Northeast,completed,582.55
2721,491,2025-08-14,Ecommerce,Midwest,completed,171.5
2722,762,2025-07-19,Ecommerce,Midwest,completed,311.0
2723,9,2025-04-09,Retail,Southeast,completed,610.9
2724,664,2025-04-30,Ecommerce,Southwest,completed,490.0
2725,944,2025-10-07,Ecommerce,Southeast,completed,289.35
2726,204,2025-03-08,Ecommerce,Southeast,completed,326.8
2727,120,2025-01-29,Ecommerce,West,completed,85.85
2728,1128,2025-01-08,Retail,Northeast,completed,82.65
2729,767,2025-10-29,Retail,Southeast,completed,220.8
2730,310,2025-10-31,Ecommerce,Southeast,completed,126.0
2731,661,2025-03-23,Ecommerce,Southeast,completed,479.2
2732,970,2025-02-17,Retail,Southeast,completed,534.3
2733,743,2025-01-07,Ecommerce,West,completed,367.1
2734,1197,2025-05-23,Ecommerce,Southeast,completed,215.8
2735,129,2025-05-28,Wholesale,Southwest,completed,330.0
2736,287,2025-02-07,Wholesale,Midwest,completed,214.0
2737,1077,2025-07-07,Retail,Northeast,completed,62.0
2738,442,2025-11-20,Retail,Southwest,completed,549.1
2739,868,2025-02-06,Ecommerce,Midwest,completed,502.0
2740,79,2025-01-15,Ecommerce,Southwest,completed,202.0
2741,333,2025-07-19,Retail,Northeast,completed,117.0
2742,1023,2025-09-03,Ecommerce,Midwest,completed,102.0
2743,777,2025-12-21,Ecommerce,Midwest,completed,162.0
2744,202,2025-06-11,Ecommerce,Midwest,completed,136.0
2745,273,2025-07-26,Ecommerce,Southwest,completed,220.6
2746,336,2025-07-27,Ecommerce,Southwest,completed,189.0
2747,105,2025-08-04,Ecommerce,Midwest,completed,368.75
2748,37,2025-11-04,Retail,West,completed,223.0
2749,345,2025-06-02,Ecommerce,West,completed,118.0
2750,982,2025-12-19,Ecommerce,Southwest,completed,142.0
2751,927,2025-06-10,Wholesale,Southwest,completed,186.6
2752,1131,2025-03-10,Ecommerce,Northeast,completed,276.0
2753,547,2025-03-05,Ecommerce,West,completed,371.0
2754,52,2025-08-23,Retail,Southwest,completed,130.0
2755,1195,2025-02-19,Ecommerce,Northeast,completed,110.0
2756,594,2025-04-14,Ecommerce,Southwest,completed,226.8
2757,689,2025-02-05,Ecommerce,Northeast,completed,190.4
2758,856,2025-10-18,Ecommerce,Southeast,completed,433.0
2759,1108,2025-01-21,Ecommerce,Northeast,completed,502.1
2760,50,2025-10-17,Ecommerce,Southeast,completed,365.0
2761,552,2025-07-04,Wholesale,Southeast,completed,449.4
2762,734,2025-08-09,Ecommerce,Northeast,completed,174.25
2763,757,2025-11-23,Wholesale,Southeast,completed,280.1
2764,98,2025-01-04,Ecommerce,Southeast,completed,640.75
2765,761,2025-10-02,Ecommerce,West,completed,317.45
2766,668,2025-07-22,Ecommerce,Northeast,completed,125.0
2767,1196,2025-11-23,Ecommerce,Northeast,completed,179.0
2768,542,2025-12-27,Ecommerce,Northeast,completed,61.0
2769,157,2025-08-24,Retail,Southwest,completed,395.45
2770,1061,2025-04-20,Ecommerce,Southeast,completed,201.0
2771,750,2025-02-09,Retail,Southwest,completed,226.1
2772,306,2025-07-06,Wholesale,Northeast,completed,410.7
2773,883,2025-01-28,Retail,Southwest,completed,106.0
2774,685,2025-03-09,Ecommerce,Southeast,completed,335.0
2775,66,2025-09-06,Ecommerce,Northeast,completed,234.0
2776,933,2025-02-02,Retail,West,completed,54.0
2777,616,2025-04-08,Ecommerce,West,completed,232.0
2778,1167,2025-10-27,Wholesale,Midwest,completed,444.3
2779,873,2025-10-24,Retail,Midwest,completed,319.0
2780,52,2025-01-13,Ecommerce,Southwest,completed,246.5
2781,809,2025-01-29,Retail,Southeast,completed,187.0
2782,204,2025-08-25,Ecommerce,Southeast,completed,253.3
2783,91,2025-11-17,Ecommerce,West,completed,117.0
2784,503,2025-04-26,Retail,Northeast,completed,548.65
2785,1061,2025-01-03,Ecommerce,Southeast,completed,111.0
2786,418,2025-09-04,Ecommerce,Southwest,completed,258.2
2787,644,2025-06-26,Retail,Southeast,completed,107.35
2788,861,2025-09-14,Retail,Northeast,completed,202.0
2789,575,2025-07-08,Retail,West,completed,847.0
2790,1007,2025-04-02,Ecommerce,Southeast,completed,67.0
2791,939,2025-01-31,Ecommerce,Southwest,completed,180.0
2792,582,2025-03-25,Ecommerce,Southeast,completed,106.4
2793,1180,2025-11-01,Ecommerce,West,completed,128.0
2794,424,2025-07-26,Retail,Northeast,completed,423.35
2795,1007,2025-09-17,Wholesale,Southeast,completed,125.6
2796,649,2025-10-30,Ecommerce,Northeast,completed,118.0
2797,892,2025-06-09,Retail,West,completed,346.0
2798,179,2025-03-15,Retail,Southwest,completed,189.0
2799,92,2025-07-10,Ecommerce,Southwest,completed,175.0
2800,266,2025-10-17,Retail,Northeast,completed,132.95
2801,451,2025-03-07,Ecommerce,West,completed,61.0
2802,311,2025-07-01,Ecommerce,Midwest,completed,354.2
2803,992,2025-07-03,Ecommerce,Southwest,completed,280.0
2804,77,2025-04-08,Retail,Southeast,completed,475.1
2805,1002,2025-06-12,Retail,Midwest,completed,161.0
2806,784,2025-03-27,Ecommerce,Midwest,completed,311.5
2807,1141,2025-11-25,Ecommerce,West,completed,362.2
2808,859,2025-05-03,Ecommerce,Northeast,completed,74.0
2809,808,2025-10-08,Wholesale,Southeast,completed,54.15
2810,275,2025-07-20,Wholesale,Midwest,completed,205.3
2811,958,2025-06-17,Ecommerce,West,completed,288.1
2812,336,2025-01-17,Ecommerce,Southwest,completed,58.0
2813,948,2025-12-28,Retail,Northeast,completed,314.75
2814,989,2025-03-01,Wholesale,Northeast,completed,68.0
2815,667,2025-12-06,Ecommerce,Midwest,completed,407.65
2816,768,2025-03-28,Ecommerce,Southeast,completed,280.2
2817,375,2025-11-27,Retail,Southwest,completed,103.0
2818,2,2025-03-29,Retail,Southeast,completed,532.2
2819,1190,2025-09-17,Ecommerce,Midwest,completed,411.1
2820,715,2025-02-28,Ecommerce,Northeast,completed,174.0
2821,514,2025-10-23,Retail,Midwest,completed,232.0
2822,118,2025-11-05,Retail,Southwest,completed,771.5
2823,414,2025-07-16,Retail,Northeast,completed,96.0
2824,396,2025-10-08,Ecommerce,West,completed,297.0
2825,193,2025-02-15,Retail,Midwest,completed,407.0
2826,560,2025-01-23,Wholesale,Northeast,completed,374.5
2827,301,2025-02-09,Ecommerce,Midwest,completed,50.4
2828,663,2025-02-25,Ecommerce,Midwest,completed,127.0
2829,422,2025-05-12,Ecommerce,Northeast,completed,225.2
2830,474,2025-05-08,Ecommerce,Midwest,completed,151.05
2831,1089,2025-11-20,Wholesale,Northeast,completed,483.2
2832,161,2025-02-01,Ecommerce,Southeast,completed,108.0
2833,111,2025-03-04,Wholesale,Northeast,completed,242.0
2834,397,2025-04-03,Ecommerce,Southeast,completed,817.85
2835,542,2025-12-02,Retail,Northeast,completed,354.55
2836,443,2025-12-06,Ecommerce,Southwest,completed,303.0
2837,285,2025-09-23,Retail,Midwest,completed,136.0
2838,1015,2025-06-22,Ecommerce,Midwest,completed,57.0
2839,872,2025-04-21,Retail,Southeast,completed,172.05
2840,719,2025-06-30,Ecommerce,West,completed,337.4
2841,136,2025-03-12,Ecommerce,Southeast,completed,364.1
2842,282,2025-05-21,Retail,Southwest,completed,449.75
2843,231,2025-07-05,Wholesale,Northeast,completed,348.45
2844,1171,2025-03-22,Ecommerce,West,completed,297.0
2845,677,2025-04-16,Ecommerce,Southeast,completed,498.15
2846,279,2025-04-26,Retail,Southwest,completed,416.0
2847,295,2025-04-23,Ecommerce,Midwest,completed,212.0
2848,643,2025-10-28,Ecommerce,West,completed,454.0
2849,384,2025-05-16,Ecommerce,Southeast,completed,330.0
2850,64,2025-05-08,Ecommerce,Midwest,completed,55.0
2851,1034,2025-12-18,Retail,Midwest,completed,142.0
2852,819,2025-07-29,Ecommerce,Northeast,completed,504.0
2853,1187,2025-05-21,Retail,Southwest,completed,294.0
2854,880,2025-09-15,Retail,West,completed,399.6
2855,746,2025-02-21,Ecommerce,Southwest,completed,233.0
2856,515,2025-06-21,Wholesale,Southeast,completed,425.6
2857,623,2025-03-31,Ecommerce,Southeast,completed,162.0
2858,191,2025-03-10,Ecommerce,Midwest,completed,621.35
2859,694,2025-02-15,Wholesale,Northeast,completed,61.0
2860,1149,2025-11-29,Ecommerce,West,completed,388.85
2861,126,2025-10-13,Retail,Midwest,completed,382.3
2862,1129,2025-05-24,Ecommerce,Southwest,completed,231.0
2863,761,2025-04-24,Wholesale,West,completed,254.4
2864,436,2025-07-03,Ecommerce,Midwest,completed,392.0
2865,1152,2025-07-23,Retail,Northeast,completed,132.0
2866,815,2025-03-17,Retail,Southwest,completed,319.2
2867,764,2025-11-17,Retail,Midwest,completed,272.7
2868,182,2025-01-12,Retail,Northeast,completed,62.0
2869,1115,2025-11-20,Retail,Midwest,completed,184.0
2870,72,2025-08-27,Ecommerce,Midwest,completed,196.5
2871,691,2025-06-01,Ecommerce,Southeast,completed,393.0
2872,179,2025-12-10,Ecommerce,Southwest,completed,49.0
2873,146,2025-08-24,Wholesale,Southwest,completed,323.0
2874,474,2025-12-12,Ecommerce,Midwest,completed,110.0
2875,380,2025-07-24,Ecommerce,Midwest,completed,236.2
2876,807,2025-07-06,Ecommerce,Southwest,completed,371.6
2877,87,2025-10-14,Ecommerce,Midwest,completed,49.0
2878,286,2025-06-11,Ecommerce,Southwest,completed,437.0
2879,1148,2025-03-10,Ecommerce,Northeast,completed,251.2
2880,971,2025-12-29,Ecommerce,Southeast,completed,659.0
2881,1126,2025-11-13,Ecommerce,Midwest,completed,58.0
2882,654,2025-02-24,Retail,West,completed,645.8
2883,822,2025-04-06,Ecommerce,Southeast,completed,390.95
2884,437,2025-05-13,Retail,Northeast,completed,51.0
2885,1193,2025-05-25,Ecommerce,Northeast,completed,324.0
2886,382,2025-04-10,Ecommerce,Northeast,completed,153.0
2887,594,2025-09-27,Ecommerce,Southwest,completed,214.2
2888,328,2025-10-06,Retail,Midwest,completed,153.0
2889,1146,2025-11-30,Ecommerce,Southeast,completed,50.0
2890,625,2025-06-30,Wholesale,Southeast,completed,125.0
2891,502,2025-08-03,Ecommerce,Southwest,completed,66.0
2892,254,2025-03-27,Ecommerce,Midwest,completed,987.4
2893,437,2025-04-29,Retail,Northeast,completed,252.0
2894,948,2025-05-02,Retail,Northeast,completed,748.4
2895,569,2025-07-05,Wholesale,Northeast,completed,321.0
2896,448,2025-01-05,Ecommerce,Northeast,completed,154.0
2897,1097,2025-02-22,Ecommerce,Northeast,completed,240.8
2898,158,2025-05-10,Retail,West,completed,305.1
2899,651,2025-11-14,Ecommerce,Southeast,completed,490.8
2900,355,2025-12-16,Retail,West,completed,76.0
2901,606,2025-01-10,Retail,Midwest,completed,197.2
2902,192,2025-01-24,Wholesale,West,completed,290.1
2903,165,2025-01-28,Ecommerce,Southeast,completed,202.0
2904,1116,2025-05-03,Ecommerce,West,completed,171.7
2905,479,2025-06-27,Retail,Southwest,completed,165.3
2906,1160,2025-09-21,Ecommerce,Northeast,completed,301.9
2907,966,2025-01-14,Retail,Southeast,completed,919.2
2908,1029,2025-01-29,Ecommerce,Southeast,completed,165.6
2909,673,2025-10-07,Wholesale,Southwest,completed,337.0
2910,323,2025-02-26,Ecommerce,Southeast,completed,408.0
2911,639,2025-05-12,Retail,Southeast,completed,264.7
2912,869,2025-09-14,Retail,Southeast,completed,64.0
2913,783,2025-02-28,Ecommerce,Northeast,completed,128.0
2914,217,2025-02-23,Ecommerce,West,completed,367.05
2915,250,2025-05-02,Retail,West,completed,408.0
2916,957,2025-08-18,Ecommerce,West,completed,63.0
2917,24,2025-01-23,Ecommerce,Southwest,completed,865.35
2918,1187,2025-01-12,Ecommerce,Southwest,completed,275.0
2919,67,2025-10-24,Retail,Midwest,completed,57.0
2920,727,2025-12-29,Ecommerce,Midwest,completed,375.0
2921,583,2025-04-03,Ecommerce,Southwest,completed,524.35
2922,313,2025-05-20,Wholesale,West,completed,436.0
2923,1180,2025-03-04,Ecommerce,West,completed,402.6
2924,306,2025-11-07,Retail,Northeast,completed,70.0
2925,277,2025-12-08,Ecommerce,Southwest,completed,103.0
2926,246,2025-05-23,Retail,Southeast,completed,320.0
2927,1024,2025-05-08,Retail,Southwest,completed,179.55
2928,532,2025-12-13,Ecommerce,Southeast,completed,164.35
2929,1087,2025-04-13,Retail,Southwest,completed,259.25
2930,988,2025-07-04,Ecommerce,Southeast,completed,535.0
2931,548,2025-05-02,Ecommerce,West,completed,250.8
2932,257,2025-12-16,Ecommerce,West,completed,106.0
2933,520,2025-10-11,Ecommerce,Northeast,completed,210.0
2934,751,2025-07-18,Retail,West,completed,752.0
2935,39,2025-05-07,Ecommerce,West,completed,194.4
2936,495,2025-02-23,Ecommerce,Northeast,completed,220.4
2937,1131,2025-06-13,Wholesale,Northeast,completed,133.0
2938,368,2025-12-23,Retail,Southwest,completed,53.55
2939,973,2025-08-08,Ecommerce,Southeast,completed,124.75
2940,1038,2025-02-23,Ecommerce,Southeast,completed,59.0
2941,376,2025-01-01,Ecommerce,Southeast,completed,55.0
2942,958,2025-09-29,Ecommerce,West,completed,61.75
2943,355,2025-04-03,Wholesale,West,completed,275.0
2944,1093,2025-12-22,Ecommerce,Southeast,completed,223.2
2945,156,2025-01-02,Ecommerce,Northeast,completed,320.3
2946,634,2025-11-09,Ecommerce,Southeast,completed,405.4
2947,910,2025-03-15,Ecommerce,Southeast,completed,130.0
2948,624,2025-07-22,Ecommerce,Midwest,completed,748.0
2949,1023,2025-01-01,Ecommerce,Midwest,completed,40.85
2950,498,2025-04-07,Ecommerce,Southeast,completed,557.0
2951,326,2025-09-23,Ecommerce,Southwest,completed,244.0
2952,795,2025-10-09,Ecommerce,Southeast,completed,134.0
2953,733,2025-12-20,Ecommerce,Southeast,completed,145.5
2954,786,2025-02-24,Ecommerce,Southeast,completed,734.0
2955,1167,2025-06-10,Ecommerce,Midwest,completed,64.6
2956,1114,2025-04-02,Ecommerce,Northeast,completed,130.0
2957,266,2025-07-22,Retail,Northeast,completed,946.5
2958,383,2025-07-20,Wholesale,Midwest,completed,376.0
2959,435,2025-05-23,Ecommerce,Southwest,completed,114.0
2960,1167,2025-11-18,Retail,Midwest,completed,518.85
2961,1120,2025-01-13,Wholesale,Southeast,completed,805.0
2962,29,2025-12-08,Wholesale,Southwest,completed,384.0
2963,38,2025-05-22,Ecommerce,Midwest,completed,59.0
2964,251,2025-10-19,Ecommerce,Northeast,completed,331.2
2965,1023,2025-02-22,Retail,Midwest,completed,269.0
2966,153,2025-02-17,Ecommerce,Southwest,completed,238.0
2967,249,2025-12-10,Ecommerce,West,completed,155.8
2968,448,2025-10-18,Ecommerce,Northeast,completed,780.6
2969,455,2025-10-03,Retail,Northeast,completed,125.4
2970,263,2025-08-30,Retail,Midwest,completed,128.0
2971,1073,2025-02-15,Retail,Midwest,completed,601.0
2972,178,2025-12-18,Ecommerce,Northeast,completed,159.0
2973,502,2025-10-25,Ecommerce,Southwest,completed,134.0
2974,26,2025-03-23,Ecommerce,Southeast,completed,438.0
2975,719,2025-09-24,Ecommerce,West,completed,856.4
2976,1112,2025-09-28,Retail,Northeast,completed,444.8
2977,986,2025-06-26,Ecommerce,Southeast,completed,38.7
2978,825,2025-12-23,Ecommerce,Midwest,completed,1044.0
2979,78,2025-06-07,Retail,Southeast,completed,438.95
2980,43,2025-11-06,Ecommerce,Northeast,completed,59.0
2981,507,2025-05-26,Wholesale,Southwest,completed,168.0
2982,151,2025-09-29,Ecommerce,Northeast,completed,561.7
2983,1180,2025-01-24,Ecommerce,West,completed,431.0
2984,1000,2025-12-09,Ecommerce,Midwest,completed,609.0
2985,751,2025-01-06,Ecommerce,West,completed,702.4
2986,1151,2025-11-15,Wholesale,West,completed,261.9
2987,859,2025-11-13,Wholesale,Northeast,completed,149.85
2988,802,2025-10-11,Ecommerce,West,completed,109.25
2989,1058,2025-07-03,Wholesale,Southwest,completed,113.0
2990,640,2025-12-22,Retail,Northeast,completed,105.0
2991,948,2025-03-17,Retail,Northeast,completed,65.0
2992,1046,2025-07-17,Ecommerce,Midwest,completed,666.7
2993,593,2025-01-11,Retail,Midwest,completed,57.0
2994,1141,2025-09-14,Ecommerce,West,completed,347.0
2995,709,2025-04-07,Wholesale,Midwest,completed,786.6
2996,494,2025-09-04,Ecommerce,Southeast,completed,744.0
2997,310,2025-03-12,Retail,Southeast,completed,170.85
2998,1047,2025-02-10,Ecommerce,Northeast,completed,497.0
2999,618,2025-12-31,Retail,Southeast,completed,379.0
3000,421,2025-11-21,Ecommerce,Southwest,completed,338.05
3001,788,2025-03-20,Ecommerce,Northeast,completed,339.0
3002,1003,2025-08-12,Retail,Southwest,completed,527.9
3003,39,2025-04-27,Ecommerce,West,completed,187.0
3004,94,2025-10-20,Retail,Southwest,completed,178.9
3005,611,2025-10-10,Ecommerce,Midwest,completed,210.0
3006,721,2025-02-19,Ecommerce,Northeast,completed,65.55
3007,801,2025-03-08,Retail,West,completed,303.0
3008,350,2025-04-07,Retail,Northeast,completed,383.0
3009,925,2025-01-13,Retail,Southeast,completed,202.0
3010,1075,2025-06-10,Ecommerce,West,completed,507.6
3011,169,2025-09-09,Retail,Northeast,completed,122.0
3012,401,2025-07-28,Ecommerce,Northeast,completed,45.0
3013,148,2025-07-23,Ecommerce,Southwest,completed,470.4
3014,723,2025-04-18,Retail,Northeast,completed,122.55
3015,140,2025-11-26,Retail,Midwest,completed,589.0
3016,225,2025-07-28,Wholesale,Northeast,completed,701.3
3017,695,2025-01-06,Wholesale,Midwest,completed,339.0
3018,748,2025-06-10,Retail,Southwest,completed,387.0
3019,639,2025-08-24,Ecommerce,Southeast,completed,601.75
3020,810,2025-04-27,Retail,Northeast,completed,554.0
3021,1088,2025-02-09,Ecommerce,West,completed,271.0
3022,717,2025-01-28,Ecommerce,West,completed,212.0
3023,507,2025-05-15,Ecommerce,Southwest,completed,67.45
3024,120,2025-08-18,Ecommerce,West,completed,186.0
3025,1095,2025-09-17,Wholesale,Southeast,completed,68.0
3026,1124,2025-10-31,Wholesale,Southwest,completed,437.0
3027,70,2025-10-11,Retail,Midwest,completed,335.0
3028,462,2025-03-19,Wholesale,Midwest,completed,100.0
3029,1153,2025-06-29,Ecommerce,Southwest,completed,215.0
3030,894,2025-03-31,Retail,West,completed,108.0
3031,748,2025-10-28,Retail,Southwest,completed,260.0
3032,538,2025-01-26,Ecommerce,Southeast,completed,68.0
3033,454,2025-03-13,Ecommerce,Southeast,completed,679.5
3034,1009,2025-10-10,Ecommerce,Southeast,completed,898.0
3035,820,2025-06-23,Ecommerce,Southeast,completed,687.8
3036,891,2025-04-25,Retail,Southwest,completed,322.0
3037,378,2025-03-14,Ecommerce,Southwest,completed,534.2
3038,232,2025-10-23,Retail,Southeast,completed,100.0
3039,900,2025-09-22,Ecommerce,West,completed,244.0
3040,66,2025-01-02,Ecommerce,Northeast,completed,58.0
3041,240,2025-03-15,Ecommerce,Southeast,completed,91.2
3042,1042,2025-03-12,Ecommerce,Midwest,completed,438.0
3043,1117,2025-06-28,Ecommerce,Southeast,completed,291.0
3044,992,2025-06-28,Ecommerce,Southwest,completed,223.15
3045,1183,2025-02-15,Retail,West,completed,578.0
3046,569,2025-10-31,Ecommerce,Northeast,completed,294.0
3047,141,2025-02-09,Retail,Southeast,completed,139.0
3048,60,2025-02-16,Ecommerce,Southeast,completed,115.6
3049,1044,2025-05-28,Retail,Northeast,completed,296.0
3050,719,2025-12-19,Ecommerce,West,completed,290.5
3051,486,2025-12-08,Retail,Southeast,completed,113.0
3052,280,2025-08-28,Ecommerce,Southeast,completed,735.0
3053,409,2025-02-27,Ecommerce,Southeast,completed,227.1
3054,968,2025-09-13,Ecommerce,Southeast,completed,55.0
3055,1014,2025-09-01,Wholesale,West,completed,106.0
3056,804,2025-11-04,Ecommerce,Northeast,completed,271.8
3057,889,2025-09-13,Ecommerce,Southwest,completed,69.0
3058,668,2025-06-24,Wholesale,Northeast,completed,570.0
3059,1077,2025-12-11,Ecommerce,Northeast,completed,114.0
3060,127,2025-07-15,Retail,Midwest,completed,122.0
3061,1,2025-11-24,Ecommerce,Southwest,completed,642.0
3062,408,2025-11-02,Ecommerce,Northeast,completed,206.0
3063,757,2025-06-18,Retail,Southeast,completed,636.65
3064,641,2025-09-14,Ecommerce,Midwest,completed,318.0
3065,129,2025-09-11,Ecommerce,Southwest,completed,140.0
3066,107,2025-11-10,Retail,Midwest,completed,191.0
3067,67,2025-03-21,Ecommerce,Midwest,completed,121.0
3068,386,2025-08-09,Ecommerce,West,completed,465.5
3069,796,2025-12-09,Ecommerce,Southeast,completed,137.0
3070,375,2025-06-18,Retail,Southwest,completed,291.6
3071,995,2025-07-16,Ecommerce,Northeast,completed,53.2
3072,320,2025-06-13,Ecommerce,Northeast,completed,533.4
3073,452,2025-06-05,Ecommerce,Midwest,completed,359.9
3074,35,2025-08-18,Retail,Northeast,completed,264.0
3075,664,2025-01-19,Ecommerce,Southwest,completed,162.0
3076,861,2025-05-15,Retail,Northeast,completed,279.0
3077,906,2025-10-20,Ecommerce,West,completed,100.0
3078,379,2025-07-31,Ecommerce,Southwest,completed,373.15
3079,170,2025-06-30,Ecommerce,Southeast,completed,216.0
3080,486,2025-12-23,Ecommerce,Southeast,completed,300.8
3081,1039,2025-12-24,Wholesale,Northeast,completed,509.8
3082,798,2025-09-29,Ecommerce,West,completed,295.45
3083,728,2025-10-13,Retail,Midwest,completed,665.3
3084,265,2025-04-17,Retail,Midwest,completed,193.8
3085,1165,2025-11-14,Ecommerce,Midwest,completed,343.8
3086,134,2025-07-08,Ecommerce,West,completed,256.0
3087,158,2025-01-19,Ecommerce,West,completed,55.0
3088,162,2025-12-03,Ecommerce,Southwest,completed,397.0
3089,1178,2025-11-04,Retail,Midwest,completed,86.0
3090,613,2025-05-13,Ecommerce,Southwest,completed,222.0
3091,465,2025-09-06,Ecommerce,Northeast,completed,539.1
3092,68,2025-10-10,Ecommerce,West,completed,261.6
3093,61,2025-10-27,Retail,Midwest,completed,465.0
3094,203,2025-02-06,Wholesale,Southeast,completed,365.55
3095,99,2025-12-07,Ecommerce,West,completed,379.15
3096,569,2025-02-17,Ecommerce,Northeast,completed,112.1
3097,147,2025-05-17,Retail,West,completed,583.0
3098,838,2025-08-23,Retail,Midwest,completed,501.6
3099,903,2025-01-13,Ecommerce,Southeast,completed,64.7
3100,1109,2025-03-13,Wholesale,Southeast,completed,270.75
3101,406,2025-11-04,Ecommerce,West,completed,53.0
3102,1081,2025-09-07,Ecommerce,Northeast,completed,795.0
3103,925,2025-06-07,Retail,Southeast,completed,192.0
3104,218,2025-04-17,Ecommerce,Southeast,completed,100.7
3105,263,2025-01-18,Retail,Midwest,completed,117.0
3106,258,2025-12-13,Ecommerce,Midwest,completed,365.6
3107,388,2025-03-06,Ecommerce,Midwest,completed,140.0
3108,850,2025-03-26,Ecommerce,Northeast,completed,97.0
3109,1097,2025-01-28,Ecommerce,Northeast,completed,227.0
3110,298,2025-05-04,Retail,Southwest,completed,64.6
3111,1033,2025-10-18,Wholesale,West,completed,347.0
3112,528,2025-02-21,Ecommerce,Southeast,completed,754.9
3113,417,2025-02-06,Ecommerce,Midwest,completed,521.0
3114,262,2025-12-30,Ecommerce,Southwest,completed,515.0
3115,330,2025-07-21,Ecommerce,Southwest,completed,119.0
3116,860,2025-12-29,Retail,Southwest,completed,91.2
3117,374,2025-11-09,Retail,Midwest,completed,335.65
3118,905,2025-11-21,Wholesale,Midwest,completed,319.3
3119,709,2025-01-16,Retail,Midwest,completed,216.0
3120,575,2025-09-15,Ecommerce,West,completed,61.0
3121,788,2025-03-29,Ecommerce,Northeast,completed,615.0
3122,104,2025-10-30,Ecommerce,Southwest,completed,150.6
3123,1027,2025-11-18,Ecommerce,West,completed,230.0
3124,1191,2025-06-08,Ecommerce,Southeast,completed,119.0
3125,779,2025-03-01,Ecommerce,Northeast,completed,577.0
3126,917,2025-02-18,Retail,West,completed,476.2
3127,695,2025-09-04,Ecommerce,Midwest,completed,747.6
3128,559,2025-07-17,Ecommerce,Midwest,completed,893.4
3129,65,2025-05-13,Retail,Southeast,completed,596.1
3130,356,2025-11-21,Retail,Southeast,completed,49.0
3131,538,2025-04-17,Ecommerce,Southeast,completed,62.0
3132,303,2025-06-09,Wholesale,West,completed,382.85
3133,509,2025-12-28,Retail,Midwest,completed,296.4
3134,769,2025-07-01,Retail,Southwest,completed,211.0
3135,587,2025-02-09,Ecommerce,Southwest,completed,363.0
3136,186,2025-10-24,Ecommerce,Southeast,completed,114.0
3137,691,2025-09-01,Wholesale,Southeast,completed,415.0
3138,361,2025-09-01,Ecommerce,Southwest,completed,208.0
3139,185,2025-11-29,Ecommerce,West,completed,68.0
3140,112,2025-03-26,Ecommerce,West,completed,194.0
3141,847,2025-10-21,Ecommerce,Midwest,completed,105.45
3142,137,2025-06-26,Retail,Southeast,completed,179.0
3143,1061,2025-01-26,Ecommerce,Southeast,completed,536.0
3144,997,2025-12-31,Wholesale,Southwest,completed,301.55
3145,558,2025-01-17,Ecommerce,Northeast,completed,344.0
3146,743,2025-01-06,Ecommerce,West,completed,68.0
3147,647,2025-12-29,Ecommerce,Northeast,completed,55.0
3148,127,2025-08-29,Ecommerce,Midwest,completed,204.0
3149,316,2025-11-12,Wholesale,West,completed,355.0
3150,774,2025-04-18,Ecommerce,Midwest,completed,136.0
3151,1061,2025-05-30,Ecommerce,Southeast,completed,43.7
3152,182,2025-10-31,Ecommerce,Northeast,completed,297.8
3153,217,2025-09-30,Ecommerce,West,completed,179.4
3154,1171,2025-03-21,Ecommerce,West,completed,508.6
3155,679,2025-10-26,Ecommerce,Southwest,completed,488.6
3156,393,2025-09-04,Ecommerce,Southwest,completed,373.4
3157,153,2025-11-01,Ecommerce,Southwest,completed,111.0
3158,800,2025-10-07,Retail,Southeast,completed,338.0
3159,669,2025-05-07,Ecommerce,Midwest,completed,176.8
3160,7,2025-08-18,Retail,West,completed,214.2
3161,1195,2025-05-30,Ecommerce,Northeast,completed,113.0
3162,29,2025-01-21,Retail,Southwest,completed,498.5
3163,383,2025-03-17,Wholesale,Midwest,completed,114.0
3164,976,2025-03-15,Retail,Southwest,completed,104.0
3165,1101,2025-03-11,Retail,Midwest,completed,60.0
3166,1069,2025-08-02,Ecommerce,Southeast,completed,87.0
3167,1043,2025-01-26,Retail,Northeast,completed,811.0
3168,380,2025-09-23,Ecommerce,Midwest,completed,271.9
3169,846,2025-06-25,Ecommerce,Southwest,completed,324.0
3170,568,2025-10-15,Ecommerce,Southwest,completed,330.3
3171,1024,2025-07-03,Ecommerce,Southwest,completed,194.0
3172,103,2025-05-25,Ecommerce,Southeast,completed,279.0
3173,393,2025-09-14,Retail,Southwest,completed,447.0
3174,1041,2025-06-25,Ecommerce,West,completed,103.0
3175,1004,2025-12-28,Retail,Midwest,completed,116.0
3176,355,2025-10-11,Retail,West,completed,114.0
3177,36,2025-12-02,Retail,Northeast,completed,182.4
3178,51,2025-02-01,Wholesale,West,completed,165.0
3179,1131,2025-09-25,Ecommerce,Northeast,completed,165.0
3180,118,2025-09-25,Ecommerce,Southwest,completed,44.0
3181,567,2025-03-10,Ecommerce,Southwest,completed,438.85
3182,942,2025-11-26,Retail,West,completed,73.15
3183,65,2025-08-06,Ecommerce,Southeast,completed,121.6
3184,194,2025-06-30,Ecommerce,Midwest,completed,149.0
3185,935,2025-12-29,Retail,Southwest,completed,144.0
3186,675,2025-05-16,Ecommerce,Northeast,completed,252.0
3187,796,2025-04-07,Wholesale,Southeast,completed,240.0
3188,885,2025-10-26,Ecommerce,Southwest,completed,160.0
3189,50,2025-06-04,Retail,Southeast,completed,661.95
3190,123,2025-10-10,Retail,West,completed,65.0
3191,1070,2025-07-06,Retail,Southwest,completed,586.1
3192,512,2025-05-12,Ecommerce,Southeast,completed,601.0
3193,252,2025-04-27,Ecommerce,Midwest,completed,208.35
3194,652,2025-08-14,Ecommerce,Northeast,completed,117.0
3195,1163,2025-04-27,Retail,West,completed,272.0
3196,684,2025-06-16,Ecommerce,Midwest,completed,224.75
3197,130,2025-01-17,Retail,Southwest,completed,198.0
3198,216,2025-04-03,Retail,Northeast,completed,274.75
3199,297,2025-06-21,Ecommerce,Northeast,completed,55.1
3200,166,2025-03-12,Retail,Southwest,completed,350.0
3201,929,2025-09-15,Ecommerce,Southwest,completed,298.4
3202,113,2025-10-21,Ecommerce,Northeast,completed,437.25
3203,160,2025-12-14,Ecommerce,Southeast,completed,347.0
3204,1007,2025-11-15,Retail,Southeast,completed,468.0
3205,623,2025-09-26,Ecommerce,Southeast,completed,102.6
3206,320,2025-08-18,Ecommerce,Northeast,completed,44.2
3207,576,2025-01-09,Ecommerce,Northeast,completed,125.0
3208,344,2025-03-02,Retail,West,completed,268.0
3209,320,2025-07-26,Wholesale,Northeast,completed,196.3
3210,584,2025-04-06,Ecommerce,Southeast,completed,129.2
3211,1160,2025-04-04,Ecommerce,Northeast,completed,372.0
3212,1135,2025-07-21,Wholesale,Midwest,completed,107.35
3213,426,2025-02-23,Ecommerce,Midwest,completed,330.0
3214,715,2025-02-27,Ecommerce,Northeast,completed,713.15
3215,784,2025-01-10,Retail,Midwest,completed,486.0
3216,1152,2025-08-12,Ecommerce,Northeast,completed,67.0
3217,464,2025-05-10,Ecommerce,West,completed,61.0
3218,1016,2025-12-31,Ecommerce,Southeast,completed,276.0
3219,162,2025-08-15,Ecommerce,Southwest,completed,50.0
3220,1085,2025-09-08,Ecommerce,Northeast,completed,50.0
3221,401,2025-11-07,Retail,Northeast,completed,98.65
3222,1122,2025-06-07,Ecommerce,Midwest,completed,415.3
3223,976,2025-11-13,Retail,Southwest,completed,105.0
3224,192,2025-01-08,Wholesale,West,completed,710.0
3225,132,2025-12-24,Retail,Northeast,completed,58.0
3226,785,2025-06-07,Ecommerce,Southwest,completed,138.0
3227,1048,2025-04-30,Retail,Southeast,completed,210.0
3228,540,2025-06-11,Ecommerce,Southwest,completed,210.0
3229,623,2025-01-20,Retail,Southeast,completed,324.0
3230,804,2025-01-29,Retail,Northeast,completed,775.8
3231,1104,2025-03-08,Wholesale,Southeast,completed,1135.5
3232,1017,2025-12-20,Wholesale,Northeast,completed,462.0
3233,1182,2025-04-25,Wholesale,Midwest,completed,257.0
3234,835,2025-07-06,Ecommerce,Northeast,completed,57.0
3235,762,2025-07-23,Wholesale,Midwest,completed,673.65
3236,274,2025-06-22,Retail,Midwest,completed,293.55
3237,666,2025-02-03,Ecommerce,West,completed,108.0
3238,283,2025-12-06,Retail,West,completed,45.0
3239,618,2025-06-23,Ecommerce,Southeast,completed,573.8
3240,982,2025-08-03,Retail,Southwest,completed,223.2
3241,675,2025-05-13,Retail,Northeast,completed,530.0
3242,1129,2025-12-25,Ecommerce,Southwest,completed,65.0
3243,640,2025-03-05,Ecommerce,Northeast,completed,464.1
3244,1131,2025-09-17,Ecommerce,Northeast,completed,135.0
3245,1177,2025-06-03,Wholesale,West,completed,109.0
3246,742,2025-12-10,Ecommerce,Midwest,completed,796.0
3247,185,2025-08-31,Ecommerce,West,completed,353.0
3248,885,2025-04-09,Retail,Southwest,completed,307.55
3249,386,2025-05-26,Retail,West,completed,138.0
3250,296,2025-07-13,Ecommerce,Northeast,completed,494.0
3251,294,2025-03-01,Ecommerce,West,completed,678.95
3252,160,2025-11-14,Ecommerce,Southeast,completed,121.0
3253,873,2025-06-11,Ecommerce,Midwest,completed,368.75
3254,1197,2025-01-20,Ecommerce,Southeast,completed,667.7
3255,626,2025-03-18,Ecommerce,Northeast,completed,305.2
3256,359,2025-02-19,Ecommerce,Southeast,completed,160.0
3257,280,2025-09-11,Wholesale,Southeast,completed,202.0
3258,955,2025-05-28,Ecommerce,Southwest,completed,228.0
3259,600,2025-10-31,Ecommerce,Northeast,completed,229.0
3260,825,2025-12-03,Retail,Midwest,completed,513.0
3261,1035,2025-03-16,Ecommerce,Midwest,completed,688.0
3262,62,2025-01-13,Ecommerce,Northeast,completed,373.0
3263,78,2025-02-13,Retail,Southeast,completed,655.25
3264,420,2025-01-24,Retail,West,completed,267.0
3265,597,2025-03-12,Ecommerce,Northeast,completed,54.0
3266,1108,2025-04-25,Ecommerce,Northeast,completed,106.0
3267,167,2025-11-28,Ecommerce,Midwest,completed,125.0
3268,896,2025-07-24,Ecommerce,West,completed,577.0
3269,962,2025-06-09,Ecommerce,Midwest,completed,328.1
3270,9,2025-08-11,Retail,Southeast,completed,206.0
3271,694,2025-01-12,Wholesale,Northeast,completed,374.0
3272,1016,2025-06-17,Ecommerce,Southeast,completed,657.3
3273,311,2025-04-22,Wholesale,Midwest,completed,143.45
3274,612,2025-08-07,Ecommerce,Midwest,completed,340.0
3275,822,2025-11-22,Ecommerce,Southeast,completed,128.0
3276,970,2025-02-27,Retail,Southeast,completed,287.0
3277,843,2025-11-18,Ecommerce,Midwest,completed,242.0
3278,386,2025-03-12,Retail,West,completed,118.0
3279,730,2025-08-28,Ecommerce,Southeast,completed,137.0
3280,1139,2025-12-24,Ecommerce,Northeast,completed,533.5
3281,1038,2025-02-18,Retail,Southeast,completed,656.2
3282,813,2025-08-29,Ecommerce,Southeast,completed,207.9
3283,385,2025-01-12,Retail,Northeast,completed,170.2
3284,168,2025-12-17,Retail,Northeast,completed,132.0
3285,157,2025-08-09,Retail,Southwest,completed,114.0
3286,1125,2025-03-02,Ecommerce,Southeast,completed,292.1
3287,879,2025-09-29,Ecommerce,Southeast,completed,185.75
3288,1098,2025-06-19,Ecommerce,Northeast,completed,636.35
3289,926,2025-11-13,Retail,Northeast,completed,764.0
3290,981,2025-03-26,Retail,Southwest,completed,275.7
3291,939,2025-06-25,Wholesale,Southwest,completed,488.9
3292,757,2025-08-14,Ecommerce,Southeast,completed,312.0
3293,953,2025-04-30,Ecommerce,West,completed,835.0
3294,149,2025-08-07,Ecommerce,Northeast,completed,575.5
3295,1029,2025-07-28,Ecommerce,Southeast,completed,316.35
3296,393,2025-06-08,Ecommerce,Southwest,completed,49.0
3297,272,2025-07-29,Wholesale,Southeast,completed,223.2
3298,148,2025-02-07,Ecommerce,Southwest,completed,200.45
3299,951,2025-12-16,Ecommerce,Northeast,completed,205.0
3300,685,2025-01-01,Ecommerce,Southeast,completed,123.3
3301,1188,2025-07-14,Ecommerce,Northeast,completed,437.55
3302,857,2025-07-09,Ecommerce,Southeast,completed,276.0
3303,1197,2025-04-21,Ecommerce,Southeast,completed,235.6
3304,293,2025-02-16,Ecommerce,Southwest,completed,165.0
3305,548,2025-06-16,Ecommerce,West,completed,452.0
3306,47,2025-08-30,Ecommerce,Midwest,completed,1146.0
3307,995,2025-11-06,Retail,Northeast,completed,492.9
3308,690,2025-08-09,Retail,Southwest,completed,384.0
3309,618,2025-11-17,Retail,Southeast,completed,328.85
3310,1200,2025-08-19,Retail,West,completed,112.0
3311,923,2025-10-22,Ecommerce,Northeast,completed,273.35
3312,591,2025-03-27,Retail,Midwest,completed,110.0
3313,768,2025-12-10,Retail,Southeast,completed,399.0
3314,1020,2025-01-17,Ecommerce,Southeast,completed,421.0
3315,894,2025-06-19,Ecommerce,West,completed,325.7
3316,455,2025-01-30,Ecommerce,Northeast,completed,261.1
3317,1014,2025-12-24,Ecommerce,West,completed,338.0
3318,1034,2025-09-18,Ecommerce,Midwest,completed,135.25
3319,1126,2025-10-10,Ecommerce,Midwest,completed,68.0
3320,660,2025-07-10,Retail,Southeast,completed,627.3
3321,609,2025-05-08,Ecommerce,Southwest,completed,219.75
3322,199,2025-07-01,Ecommerce,West,completed,138.0
3323,515,2025-09-04,Ecommerce,Southeast,completed,101.65
3324,889,2025-04-21,Ecommerce,Southwest,completed,374.75
3325,1056,2025-03-09,Ecommerce,Southeast,completed,176.0
3326,754,2025-10-28,Retail,Southwest,completed,614.0
3327,834,2025-08-24,Ecommerce,West,completed,146.0
3328,891,2025-02-19,Ecommerce,Southwest,completed,412.0
3329,620,2025-09-14,Retail,Southeast,completed,166.4
3330,612,2025-02-27,Ecommerce,Midwest,completed,181.0
3331,612,2025-11-16,Retail,Midwest,completed,228.0
3332,260,2025-12-07,Retail,Northeast,completed,102.0
3333,852,2025-07-17,Ecommerce,Midwest,completed,216.0
3334,133,2025-09-06,Ecommerce,West,completed,123.0
3335,40,2025-04-11,Retail,West,completed,58.0
3336,976,2025-08-14,Retail,Southwest,completed,550.4
3337,474,2025-05-04,Ecommerce,Midwest,completed,101.0
3338,910,2025-06-27,Ecommerce,Southeast,completed,638.0
3339,1107,2025-05-26,Ecommerce,West,completed,110.5
3340,269,2025-09-18,Ecommerce,Southwest,completed,883.85
3341,231,2025-03-25,Ecommerce,Northeast,completed,49.0
3342,110,2025-09-13,Ecommerce,Southwest,completed,118.0
3343,993,2025-05-22,Ecommerce,West,completed,132.0
3344,547,2025-03-23,Wholesale,West,completed,406.5
3345,279,2025-04-11,Ecommerce,Southwest,completed,473.0
3346,1000,2025-11-01,Wholesale,Midwest,completed,162.0
3347,15,2025-01-24,Wholesale,Northeast,completed,283.0
3348,958,2025-04-03,Retail,West,completed,249.0
3349,237,2025-01-22,Wholesale,Northeast,completed,318.9
3350,974,2025-06-11,Ecommerce,Southwest,completed,308.0
3351,926,2025-05-16,Ecommerce,Northeast,completed,203.0
3352,843,2025-08-29,Retail,Midwest,completed,312.0
3353,388,2025-06-05,Retail,Midwest,completed,130.0
3354,792,2025-04-09,Retail,Southwest,completed,117.8
3355,1016,2025-12-18,Retail,Southeast,completed,196.0
3356,201,2025-04-04,Ecommerce,Midwest,completed,42.0
3357,56,2025-08-28,Ecommerce,Northeast,completed,176.75
3358,1007,2025-04-01,Ecommerce,Southeast,completed,580.2
3359,249,2025-04-26,Ecommerce,West,completed,715.2
3360,586,2025-06-02,Ecommerce,Midwest,completed,702.0
3361,769,2025-05-24,Ecommerce,Southwest,completed,236.0
3362,859,2025-02-28,Retail,Northeast,completed,167.0
3363,380,2025-07-22,Ecommerce,Midwest,completed,99.75
3364,956,2025-10-17,Retail,Southeast,completed,229.6
3365,863,2025-11-03,Ecommerce,Midwest,completed,534.6
3366,589,2025-12-22,Retail,Southwest,completed,110.0
3367,698,2025-01-08,Retail,West,completed,192.1
3368,428,2025-05-17,Ecommerce,Southwest,completed,46.0
3369,104,2025-01-25,Ecommerce,Southwest,completed,604.0
3370,1163,2025-06-01,Ecommerce,West,completed,264.65
3371,1186,2025-10-02,Wholesale,Midwest,completed,786.0
3372,713,2025-03-07,Wholesale,Southeast,completed,422.8
3373,1114,2025-07-18,Ecommerce,Northeast,completed,312.75
3374,155,2025-01-19,Ecommerce,Southeast,completed,717.0
3375,318,2025-03-09,Retail,Southwest,completed,460.8
3376,869,2025-01-12,Ecommerce,Southeast,completed,388.0
3377,356,2025-05-09,Wholesale,Southeast,completed,353.0
3378,577,2025-06-26,Retail,Southwest,completed,467.7
3379,456,2025-07-11,Wholesale,Northeast,completed,320.0
3380,940,2025-09-18,Ecommerce,Southwest,completed,585.0
3381,775,2025-08-24,Ecommerce,Southwest,completed,216.0
3382,855,2025-01-12,Retail,Southeast,completed,86.4
3383,251,2025-11-10,Wholesale,Northeast,completed,552.45
3384,507,2025-09-14,Ecommerce,Southwest,completed,571.3
3385,797,2025-07-28,Ecommerce,Northeast,completed,124.0
3386,949,2025-06-29,Retail,West,completed,357.0
3387,210,2025-05-16,Ecommerce,Southeast,completed,391.95
3388,975,2025-03-07,Retail,Northeast,completed,485.0
3389,458,2025-05-30,Ecommerce,Southwest,completed,201.6
3390,281,2025-08-13,Retail,West,completed,447.5
3391,1034,2025-08-05,Retail,Midwest,completed,46.55
3392,43,2025-08-02,Ecommerce,Northeast,completed,49.0
3393,890,2025-12-30,Ecommerce,Northeast,completed,446.0
3394,394,2025-10-16,Wholesale,Southwest,completed,230.25
3395,5,2025-03-23,Ecommerce,West,completed,92.0
3396,1168,2025-06-22,Retail,West,completed,284.0
3397,1164,2025-06-04,Wholesale,Southeast,completed,236.0
3398,862,2025-09-05,Wholesale,Northeast,completed,402.4
3399,328,2025-03-28,Retail,Midwest,completed,542.1
3400,238,2025-09-30,Ecommerce,Southeast,completed,739.0
3401,117,2025-08-26,Ecommerce,Southwest,completed,128.0
3402,245,2025-11-28,Ecommerce,Southwest,completed,238.0
3403,474,2025-12-23,Ecommerce,Midwest,completed,100.0
3404,347,2025-02-01,Ecommerce,Southwest,completed,408.0
3405,800,2025-12-15,Ecommerce,Southeast,completed,769.5
3406,186,2025-04-28,Retail,Southeast,completed,428.0
3407,822,2025-06-02,Ecommerce,Southeast,completed,110.0
3408,522,2025-04-21,Retail,Midwest,completed,114.0
3409,106,2025-09-26,Retail,Northeast,completed,167.2
3410,170,2025-01-24,Ecommerce,Southeast,completed,354.0
3411,6,2025-02-03,Ecommerce,Southwest,completed,464.0
3412,445,2025-03-11,Wholesale,Southwest,completed,337.55
3413,223,2025-01-29,Ecommerce,Midwest,completed,654.0
3414,924,2025-04-29,Retail,Southwest,completed,224.0
3415,400,2025-05-13,Ecommerce,West,completed,188.7
3416,978,2025-12-12,Ecommerce,Midwest,completed,117.0
3417,545,2025-11-22,Wholesale,Northeast,completed,258.2
3418,503,2025-03-09,Ecommerce,Northeast,completed,467.95
3419,549,2025-04-03,Retail,Southwest,completed,521.0
3420,226,2025-01-06,Ecommerce,Southeast,completed,305.0
3421,345,2025-12-25,Ecommerce,West,completed,858.4
3422,136,2025-07-13,Retail,Southeast,completed,214.0
3423,131,2025-10-27,Ecommerce,West,completed,67.0
3424,1054,2025-09-28,Ecommerce,Southwest,completed,244.2
3425,730,2025-04-19,Retail,Southeast,completed,221.0
3426,2,2025-12-11,Retail,Southeast,completed,754.05
3427,359,2025-12-25,Ecommerce,Southeast,completed,312.0
3428,749,2025-08-20,Ecommerce,Midwest,completed,375.0
3429,553,2025-06-05,Retail,Midwest,completed,578.0
3430,534,2025-10-20,Wholesale,West,completed,106.0
3431,256,2025-06-21,Ecommerce,Southeast,completed,298.5
3432,465,2025-01-02,Retail,Northeast,completed,177.3
3433,899,2025-07-11,Retail,Midwest,completed,443.0
3434,695,2025-02-15,Ecommerce,Midwest,completed,250.0
3435,607,2025-10-22,Wholesale,Southwest,completed,292.4
3436,552,2025-01-30,Ecommerce,Southeast,completed,121.0
3437,326,2025-08-03,Ecommerce,Southwest,completed,312.0
3438,802,2025-05-18,Retail,West,completed,266.0
3439,279,2025-05-20,Ecommerce,Southwest,completed,257.8
3440,692,2025-08-18,Ecommerce,Southeast,completed,120.0
3441,1090,2025-02-10,Ecommerce,Southwest,completed,486.0
3442,897,2025-06-21,Wholesale,Southwest,completed,108.0
3443,729,2025-07-25,Retail,Northeast,completed,86.0
3444,776,2025-06-14,Ecommerce,Southeast,completed,60.0
3445,1189,2025-09-03,Ecommerce,Northeast,completed,236.0
3446,765,2025-02-04,Ecommerce,West,completed,60.35
3447,415,2025-04-02,Retail,Southwest,completed,109.0
3448,888,2025-09-23,Ecommerce,Midwest,completed,323.0
3449,227,2025-02-09,Ecommerce,Midwest,completed,274.4
3450,905,2025-01-28,Ecommerce,Midwest,completed,276.0
3451,598,2025-12-01,Wholesale,Southwest,completed,556.0
3452,1096,2025-03-23,Retail,Southeast,completed,234.0
3453,394,2025-07-15,Ecommerce,Southwest,completed,115.0
3454,591,2025-10-24,Retail,Midwest,completed,153.0
3455,357,2025-01-26,Ecommerce,Southeast,completed,72.0
3456,309,2025-12-21,Ecommerce,Northeast,completed,206.55
3457,102,2025-10-08,Retail,West,completed,127.0
3458,729,2025-03-07,Ecommerce,Northeast,completed,607.3
3459,183,2025-03-16,Wholesale,Northeast,completed,295.8
3460,502,2025-08-11,Ecommerce,Southwest,completed,414.6
3461,1118,2025-01-15,Ecommerce,Midwest,completed,212.4
3462,988,2025-01-16,Ecommerce,Southeast,completed,533.8
3463,113,2025-01-17,Ecommerce,Northeast,completed,305.0
3464,579,2025-07-12,Ecommerce,Southeast,completed,142.0
3465,939,2025-02-03,Ecommerce,Southwest,completed,1146.0
3466,1181,2025-08-06,Ecommerce,Southeast,completed,451.0
3467,77,2025-02-03,Retail,Southeast,completed,119.0
3468,668,2025-07-17,Ecommerce,Northeast,completed,89.0
3469,426,2025-03-21,Ecommerce,Midwest,completed,498.0
3470,821,2025-07-17,Ecommerce,Northeast,completed,183.0
3471,694,2025-10-31,Ecommerce,Northeast,completed,128.0
3472,59,2025-02-16,Ecommerce,West,completed,366.0
3473,130,2025-11-06,Ecommerce,Southwest,completed,247.0
3474,340,2025-06-24,Ecommerce,Southwest,completed,182.7
3475,682,2025-02-02,Ecommerce,Southwest,completed,320.0
3476,36,2025-01-11,Ecommerce,Northeast,completed,316.0
3477,1074,2025-02-10,Retail,Midwest,completed,398.0
3478,96,2025-11-10,Ecommerce,West,completed,438.0
3479,878,2025-07-25,Ecommerce,Southwest,completed,764.8
3480,1090,2025-09-06,Retail,Southwest,completed,114.0
3481,667,2025-12-24,Retail,Midwest,completed,155.0
3482,295,2025-08-11,Ecommerce,Midwest,completed,545.0
3483,57,2025-05-27,Ecommerce,West,completed,394.7
3484,806,2025-10-25,Ecommerce,Northeast,completed,177.65
3485,32,2025-11-09,Wholesale,Midwest,completed,685.4
3486,303,2025-08-28,Wholesale,West,completed,198.0
3487,659,2025-03-09,Retail,Southeast,completed,409.65
3488,1128,2025-05-11,Ecommerce,Northeast,completed,316.0
3489,114,2025-01-12,Ecommerce,Southwest,completed,204.0
3490,1120,2025-08-13,Ecommerce,Southeast,completed,78.0
3491,311,2025-01-10,Retail,Midwest,completed,154.0
3492,560,2025-12-20,Retail,Northeast,completed,116.0
3493,914,2025-12-28,Ecommerce,Southeast,completed,435.0
3494,561,2025-01-25,Ecommerce,Midwest,completed,104.0
3495,75,2025-05-22,Wholesale,Midwest,completed,538.9
3496,135,2025-08-02,Ecommerce,Midwest,completed,390.6
3497,856,2025-02-23,Ecommerce,Southeast,completed,236.6
3498,988,2025-03-05,Ecommerce,Southeast,completed,302.6
3499,608,2025-06-12,Retail,Southwest,completed,55.0
3500,9,2025-08-01,Wholesale,Southeast,completed,562.0
