order_item_id,order_id,product_id,quantity,unit_price,discount_amount,unit_cost
1,1,1102,1,53.0,0.0,18.98
2,1,884,2,99.0,9.9,40.97
3,2,379,1,128.0,0.0,47.39
4,3,659,2,55.0,0.0,25.15
5,3,140,2,124.0,0.0,43.44
6,3,490,2,136.0,0.0,56.65
7,3,632,3,53.0,15.9,18.43
8,4,727,3,55.0,16.5,25.19
9,4,356,2,116.0,0.0,44.46
10,5,596,1,135.0,6.75,68.3
11,5,883,1,105.0,0.0,45.38
12,6,333,2,134.0,13.4,63.64
13,6,219,1,71.0,3.55,29.35
14,7,492,1,129.0,6.45,61.16
15,7,542,2,134.0,0.0,64.44
16,7,222,1,59.0,0.0,22.21
17,7,1059,3,225.0,135.0,82.18
18,8,720,2,55.0,22.0,23.08
19,8,431,1,117.0,0.0,39.9
20,8,60,1,125.0,6.25,62.6
21,8,402,1,117.0,0.0,43.9
22,9,244,3,64.0,9.6,26.73
23,10,1034,1,171.0,0.0,58.97
24,10,628,1,55.0,11.0,25.74
25,10,724,1,57.0,0.0,23.65
26,10,244,2,64.0,0.0,26.73
27,11,311,1,136.0,0.0,67.98
28,11,62,1,98.0,14.7,37.57
29,12,489,3,125.0,18.75,57.62
30,13,691,2,63.0,0.0,24.53
31,14,513,1,126.0,6.3,55.36
32,14,164,1,113.0,0.0,53.4
33,14,364,2,122.0,0.0,47.42
34,15,106,1,121.0,0.0,52.8
35,16,662,3,63.0,0.0,26.2
36,17,977,1,205.0,41.0,104.69
37,18,162,1,107.0,0.0,51.55
38,18,733,1,56.0,0.0,22.52
39,19,172,1,116.0,17.4,41.94
40,20,71,2,111.0,0.0,56.27
41,20,595,1,148.0,7.4,52.23
42,21,375,1,108.0,0.0,53.81
43,22,698,2,58.0,0.0,24.25
44,23,627,1,55.0,0.0,20.92
45,24,753,2,60.0,0.0,30.1
46,24,344,1,103.0,0.0,40.28
47,24,748,3,54.0,0.0,21.27
48,24,624,1,51.0,0.0,19.2
49,25,863,1,94.0,4.7,41.53
50,26,181,2,77.0,0.0,29.41
51,26,140,2,124.0,0.0,43.44
52,26,368,1,98.0,0.0,50.95
53,26,253,1,75.0,15.0,25.56
54,27,672,2,64.0,0.0,22.8
55,27,758,1,49.0,9.8,18.98
56,28,476,1,107.0,0.0,44.81
57,29,49,3,114.0,0.0,47.77
58,29,203,2,68.0,0.0,29.11
59,29,609,2,65.0,0.0,25.65
60,30,236,2,58.0,0.0,29.74
61,31,496,2,124.0,0.0,53.98
62,32,734,1,64.0,6.4,26.12
63,32,857,1,104.0,0.0,43.38
64,32,488,1,115.0,0.0,52.16
65,33,5,1,105.0,0.0,46.18
66,33,933,2,70.0,0.0,24.98
67,34,183,2,58.0,0.0,22.26
68,34,380,1,100.0,5.0,48.82
69,34,131,2,107.0,0.0,54.07
70,34,152,1,107.0,10.7,47.51
71,35,674,1,68.0,0.0,29.3
72,35,522,1,113.0,16.95,52.2
73,35,444,1,125.0,0.0,50.98
74,36,65,1,106.0,0.0,50.87
75,36,602,1,56.0,0.0,26.7
76,36,21,3,121.0,18.15,54.96
77,36,135,1,100.0,0.0,50.15
78,37,982,3,211.0,31.65,74.19
79,37,383,2,106.0,0.0,50.36
80,37,31,1,109.0,10.9,42.98
81,38,729,1,50.0,0.0,19.88
82,39,736,3,64.0,0.0,22.44
83,40,729,3,50.0,0.0,19.88
84,40,523,2,117.0,0.0,45.6
85,41,954,1,174.0,0.0,84.16
86,41,211,2,60.0,0.0,29.67
87,41,56,1,107.0,10.7,54.73
88,42,484,1,137.0,0.0,47.83
89,42,158,2,104.0,0.0,46.37
90,43,239,1,59.0,0.0,21.25
91,43,119,3,124.0,0.0,44.77
92,44,233,1,76.0,0.0,36.61
93,44,882,2,103.0,0.0,53.39
94,45,282,2,67.0,13.4,33.68
95,46,569,1,123.0,0.0,53.59
96,46,154,1,113.0,0.0,46.64
97,47,442,1,133.0,6.65,45.79
98,48,442,1,133.0,13.3,45.79
99,48,134,2,128.0,0.0,58.86
100,49,2,1,121.0,0.0,58.26
101,49,879,1,105.0,0.0,44.55
102,49,240,1,59.0,0.0,27.47
103,49,473,3,120.0,0.0,54.32
104,50,816,1,46.0,0.0,16.08
105,50,944,1,71.0,0.0,29.97
106,51,26,2,115.0,11.5,55.33
107,51,271,1,61.0,0.0,25.09
108,52,399,2,122.0,36.6,55.67
109,53,873,1,99.0,0.0,45.62
110,53,186,1,73.0,0.0,29.27
111,53,78,1,124.0,0.0,44.6
112,54,774,1,54.0,0.0,21.33
113,54,654,1,50.0,0.0,24.97
114,55,863,1,94.0,0.0,41.53
115,56,85,1,112.0,0.0,41.03
116,57,877,1,117.0,0.0,58.12
117,58,51,2,115.0,0.0,41.35
118,58,519,2,116.0,0.0,43.52
119,58,115,1,99.0,0.0,44.64
120,59,736,2,64.0,19.2,22.44
121,60,206,3,69.0,0.0,34.94
122,60,949,2,164.0,0.0,72.38
123,60,338,1,124.0,0.0,49.8
124,61,64,2,109.0,0.0,54.22
125,62,724,2,57.0,17.1,23.65
126,63,827,1,42.0,0.0,16.85
127,63,1022,2,180.0,0.0,71.95
128,63,244,1,64.0,0.0,26.73
129,64,892,3,94.0,0.0,35.12
130,64,517,1,138.0,0.0,61.98
131,65,914,2,78.0,31.2,34.9
132,65,329,1,127.0,0.0,53.72
133,65,454,1,136.0,0.0,66.74
134,65,192,2,58.0,0.0,21.72
135,66,573,3,114.0,0.0,57.68
136,67,328,1,114.0,0.0,57.68
137,68,160,1,104.0,0.0,46.08
138,69,247,1,62.0,0.0,24.77
139,70,467,2,116.0,0.0,58.87
140,70,1014,2,158.0,0.0,79.35
141,71,624,1,51.0,0.0,19.2
142,72,414,1,130.0,0.0,55.87
143,73,465,2,113.0,45.2,45.77
144,74,727,2,55.0,0.0,25.19
145,75,190,2,75.0,0.0,26.92
146,75,340,1,125.0,18.75,57.25
147,75,437,2,113.0,0.0,40.48
148,75,946,1,73.0,0.0,37.95
149,76,193,1,70.0,0.0,29.45
150,76,512,2,131.0,13.1,56.2
151,77,688,1,50.0,0.0,21.8
152,77,108,2,121.0,12.1,47.42
153,78,341,1,98.0,0.0,39.08
154,78,663,1,50.0,0.0,25.48
155,78,568,2,121.0,12.1,56.6
156,79,526,1,123.0,0.0,60.31
157,79,850,1,111.0,0.0,43.16
158,80,136,2,105.0,0.0,38.4
159,80,73,2,107.0,0.0,41.9
160,80,59,2,128.0,38.4,64.06
161,80,364,1,122.0,0.0,47.42
162,81,692,1,55.0,0.0,20.61
163,81,67,3,103.0,15.45,37.46
164,81,755,2,55.0,5.5,21.55
165,81,429,3,125.0,56.25,55.16
166,82,522,1,113.0,0.0,52.2
167,82,1067,2,194.0,0.0,83.13
168,83,29,1,112.0,0.0,41.33
169,84,222,1,59.0,0.0,22.21
170,85,199,1,68.0,0.0,28.51
171,85,210,2,66.0,0.0,23.02
172,85,318,2,122.0,48.8,51.69
173,86,649,2,51.0,0.0,18.15
174,86,710,2,59.0,5.9,28.81
175,87,956,1,159.0,0.0,80.2
176,87,136,3,105.0,0.0,38.4
177,88,894,1,113.0,0.0,40.06
178,89,198,2,71.0,14.2,35.22
179,90,811,3,52.0,7.8,26.66
180,90,90,2,113.0,33.9,46.43
181,90,368,2,98.0,0.0,50.95
182,91,93,1,105.0,0.0,46.5
183,91,143,2,101.0,0.0,43.51
184,91,915,3,70.0,0.0,27.43
185,92,878,3,108.0,0.0,44.26
186,92,780,1,49.0,0.0,21.88
187,92,646,1,66.0,13.2,26.93
188,93,31,2,109.0,0.0,42.98
189,93,843,1,108.0,0.0,39.14
190,93,611,2,64.0,19.2,24.86
191,93,177,2,103.0,0.0,50.53
192,94,517,1,138.0,0.0,61.98
193,95,162,1,107.0,0.0,51.55
194,96,93,1,105.0,21.0,46.5
195,97,91,1,128.0,0.0,63.68
196,98,655,1,50.0,0.0,18.37
197,98,334,1,119.0,0.0,54.6
198,98,777,2,65.0,0.0,24.88
199,98,401,2,132.0,0.0,46.29
200,99,204,1,76.0,0.0,39.22
201,100,128,3,101.0,0.0,45.03
202,100,127,2,101.0,0.0,49.8
203,100,44,1,116.0,0.0,46.68
204,101,788,2,58.0,23.2,20.42
205,102,385,2,124.0,24.8,44.81
206,103,8,2,122.0,12.2,45.75
207,103,289,1,65.0,0.0,26.71
208,103,542,3,134.0,0.0,64.44
209,103,211,2,60.0,12.0,29.67
210,104,213,1,73.0,0.0,36.59
211,104,542,1,134.0,0.0,64.44
212,104,438,1,117.0,0.0,51.67
213,105,688,2,50.0,0.0,21.8
214,105,399,3,122.0,0.0,55.67
215,105,242,1,58.0,0.0,20.89
216,106,640,2,60.0,0.0,22.06
217,106,1015,2,204.0,61.2,95.85
218,106,867,1,110.0,0.0,46.65
219,106,1047,1,189.0,0.0,67.66
220,107,546,2,113.0,0.0,54.3
221,108,88,1,112.0,11.2,38.51
222,108,444,1,125.0,0.0,50.98
223,108,674,2,68.0,0.0,29.3
224,108,315,1,137.0,0.0,50.61
225,109,42,1,108.0,0.0,39.53
226,109,888,2,96.0,9.6,40.59
227,110,912,2,68.0,6.8,33.81
228,110,78,1,124.0,6.2,44.6
229,110,820,2,44.0,0.0,16.76
230,111,2,2,121.0,24.2,58.26
231,112,404,3,102.0,0.0,37.91
232,112,209,1,71.0,0.0,35.2
233,112,890,1,90.0,0.0,44.28
234,113,699,1,62.0,0.0,24.52
235,114,914,1,78.0,0.0,34.9
236,114,274,2,77.0,0.0,37.21
237,115,968,3,160.0,72.0,71.98
238,116,772,1,62.0,0.0,24.02
239,117,590,3,125.0,0.0,47.5
240,118,176,1,104.0,0.0,45.19
241,119,782,1,48.0,0.0,21.47
242,120,78,2,124.0,0.0,44.6
243,120,720,1,55.0,0.0,23.08
244,120,178,3,115.0,0.0,56.47
245,120,722,1,49.0,0.0,17.67
246,121,271,2,61.0,6.1,25.09
247,122,809,2,47.0,0.0,22.88
248,122,877,2,117.0,11.7,58.12
249,123,302,1,132.0,0.0,58.76
250,124,257,1,65.0,0.0,31.61
251,125,194,3,60.0,0.0,20.48
252,125,254,2,71.0,0.0,26.22
253,125,217,2,76.0,7.6,27.0
254,126,3,1,111.0,11.1,45.15
255,127,402,2,117.0,0.0,43.9
256,127,659,2,55.0,11.0,25.15
257,128,735,2,68.0,0.0,29.51
258,129,346,2,126.0,0.0,64.45
259,130,616,2,52.0,0.0,24.79
260,130,941,3,78.0,23.4,35.63
261,131,387,1,100.0,0.0,51.83
262,131,671,1,52.0,7.8,26.53
263,131,1058,2,166.0,33.2,62.08
264,132,864,1,111.0,5.55,54.54
265,132,192,1,58.0,0.0,21.72
266,132,485,1,108.0,5.4,54.15
267,132,642,1,57.0,0.0,24.61
268,133,16,3,119.0,53.55,43.45
269,134,115,3,99.0,0.0,44.64
270,135,67,1,103.0,0.0,37.46
271,136,739,2,63.0,0.0,27.18
272,137,1043,3,197.0,0.0,76.93
273,137,851,1,94.0,0.0,46.53
274,138,687,1,62.0,0.0,24.89
275,138,831,1,54.0,0.0,21.13
276,138,456,2,119.0,0.0,60.08
277,139,65,3,106.0,0.0,50.87
278,140,348,1,138.0,20.7,56.85
279,140,20,2,118.0,0.0,50.13
280,140,482,1,112.0,0.0,47.72
281,141,344,1,103.0,15.45,40.28
282,142,958,3,168.0,0.0,84.76
283,142,617,3,48.0,0.0,19.05
284,143,682,1,49.0,4.9,18.55
285,143,845,1,117.0,0.0,59.8
286,143,714,1,54.0,0.0,27.4
287,143,207,1,63.0,0.0,25.65
288,144,860,2,114.0,0.0,44.73
289,144,338,1,124.0,0.0,49.8
290,145,263,1,59.0,0.0,25.45
291,145,1004,1,224.0,11.2,84.04
292,146,396,1,104.0,0.0,40.43
293,147,708,3,49.0,0.0,18.93
294,147,112,2,120.0,0.0,61.51
295,147,758,2,49.0,0.0,18.98
296,148,870,1,112.0,0.0,53.11
297,148,442,1,133.0,0.0,45.79
298,148,363,2,109.0,0.0,38.43
299,148,606,1,60.0,3.0,31.13
300,149,41,1,110.0,0.0,38.22
301,149,609,1,65.0,0.0,25.65
302,150,546,3,113.0,0.0,54.3
303,150,713,2,59.0,23.6,28.75
304,150,463,1,120.0,0.0,60.22
305,150,11,1,109.0,0.0,46.27
306,151,773,1,55.0,11.0,23.86
307,151,297,2,60.0,0.0,28.66
308,152,890,2,90.0,0.0,44.28
309,153,172,1,116.0,11.6,41.94
310,153,62,1,98.0,0.0,37.57
311,154,659,2,55.0,5.5,25.15
312,155,115,1,99.0,0.0,44.64
313,156,1007,2,149.0,0.0,58.75
314,156,794,3,45.0,0.0,20.06
315,157,1023,1,217.0,32.55,109.56
316,158,197,2,71.0,0.0,33.35
317,158,701,2,48.0,0.0,21.99
318,158,247,1,62.0,0.0,24.77
319,159,71,1,111.0,0.0,56.27
320,159,714,2,54.0,21.6,27.4
321,160,605,2,54.0,0.0,20.79
322,160,1076,1,173.0,0.0,59.21
323,161,790,3,56.0,0.0,28.11
324,162,345,1,135.0,0.0,50.82
325,162,301,3,104.0,0.0,40.1
326,162,893,2,89.0,0.0,33.87
327,162,300,1,77.0,0.0,33.84
328,163,93,3,105.0,0.0,46.5
329,164,358,1,114.0,5.7,43.25
330,165,148,1,125.0,0.0,58.47
331,166,32,1,109.0,16.35,38.78
332,167,251,1,58.0,0.0,20.87
333,167,832,1,58.0,0.0,22.46
334,167,759,2,52.0,0.0,19.53
335,168,91,1,128.0,12.8,63.68
336,168,373,2,136.0,0.0,54.11
337,169,388,1,138.0,0.0,58.07
338,169,866,2,105.0,0.0,52.62
339,170,736,2,64.0,0.0,22.44
340,170,131,1,107.0,0.0,54.07
341,170,824,3,50.0,0.0,17.15
342,170,1019,1,180.0,9.0,85.02
343,171,1001,1,161.0,0.0,79.38
344,171,705,1,57.0,0.0,23.41
345,171,5,1,105.0,0.0,46.18
346,172,734,1,64.0,0.0,26.12
347,173,326,2,109.0,43.6,38.28
348,173,578,1,124.0,0.0,56.41
349,173,969,1,214.0,0.0,84.68
350,173,195,1,61.0,0.0,27.7
351,174,80,2,121.0,0.0,60.04
352,174,186,3,73.0,0.0,29.27
353,175,607,3,59.0,26.55,26.85
354,176,258,1,74.0,11.1,33.16
355,177,134,3,128.0,76.8,58.86
356,178,705,1,57.0,0.0,23.41
357,178,674,3,68.0,30.6,29.3
358,179,1085,1,212.0,0.0,94.58
359,180,316,1,106.0,0.0,40.87
360,180,928,1,79.0,15.8,31.38
361,180,35,2,120.0,0.0,50.51
362,180,1064,1,155.0,23.25,58.02
363,181,520,2,133.0,39.9,54.86
364,181,505,1,145.0,7.25,57.49
365,181,3,1,111.0,0.0,45.15
366,182,854,1,101.0,15.15,44.53
367,183,535,1,138.0,0.0,49.35
368,183,971,3,165.0,24.75,85.18
369,183,165,2,126.0,0.0,54.26
370,183,647,1,53.0,0.0,23.92
371,184,710,1,59.0,5.9,28.81
372,184,391,1,136.0,6.8,64.23
373,185,723,1,67.0,0.0,26.58
374,186,1099,1,56.0,0.0,19.79
375,186,426,1,122.0,18.3,56.17
376,186,124,2,120.0,0.0,52.74
377,186,205,2,59.0,0.0,20.96
378,187,77,1,120.0,0.0,50.9
379,187,974,3,195.0,0.0,70.19
380,187,145,2,120.0,0.0,44.97
381,187,678,1,56.0,0.0,21.06
382,188,611,2,64.0,0.0,24.86
383,188,17,1,98.0,0.0,47.2
384,188,748,1,54.0,2.7,21.27
385,188,54,1,105.0,5.25,36.41
386,189,352,1,118.0,23.6,53.55
387,190,597,2,130.0,13.0,66.72
388,190,884,1,99.0,0.0,40.97
389,191,799,1,47.0,7.05,22.07
390,191,875,1,89.0,0.0,46.07
391,192,573,1,114.0,22.8,57.68
392,192,98,1,115.0,0.0,52.4
393,193,648,1,53.0,5.3,24.63
394,193,100,1,127.0,0.0,53.76
395,194,78,1,124.0,0.0,44.6
396,195,735,2,68.0,0.0,29.51
397,196,151,3,115.0,0.0,42.1
398,197,247,1,62.0,0.0,24.77
399,197,696,1,48.0,0.0,20.91
400,198,721,1,66.0,0.0,28.17
401,199,858,1,94.0,0.0,45.88
402,200,859,1,110.0,11.0,52.45
403,200,1095,1,19.0,0.0,9.42
404,201,284,1,67.0,0.0,23.06
405,201,697,2,48.0,0.0,22.93
406,201,759,2,52.0,0.0,19.53
407,202,330,1,122.0,6.1,51.86
408,203,174,1,107.0,0.0,49.62
409,203,971,1,165.0,16.5,85.18
410,204,120,1,113.0,0.0,46.93
411,204,39,1,120.0,12.0,50.13
412,205,479,3,125.0,37.5,52.28
413,205,55,1,109.0,16.35,53.34
414,205,743,1,66.0,0.0,30.14
415,206,112,2,120.0,0.0,61.51
416,206,858,2,94.0,0.0,45.88
417,206,903,1,72.0,3.6,27.29
418,207,746,2,64.0,0.0,24.06
419,208,889,1,104.0,0.0,48.59
420,208,700,1,58.0,5.8,30.1
421,209,465,2,113.0,0.0,45.77
422,210,313,3,119.0,0.0,49.77
423,211,458,1,137.0,6.85,54.24
424,211,955,1,218.0,0.0,80.15
425,211,492,1,129.0,0.0,61.16
426,212,824,1,50.0,0.0,17.15
427,212,37,3,104.0,31.2,41.09
428,212,228,3,71.0,0.0,27.97
429,212,875,1,89.0,0.0,46.07
430,213,699,3,62.0,0.0,24.52
431,213,713,1,59.0,0.0,28.75
432,213,354,2,132.0,0.0,68.12
433,214,86,1,107.0,21.4,39.15
434,215,886,2,100.0,0.0,50.07
435,215,500,1,136.0,27.2,63.5
436,216,393,1,117.0,0.0,40.82
437,216,356,1,116.0,0.0,44.46
438,217,1000,2,208.0,0.0,105.13
439,218,23,1,111.0,11.1,42.03
440,219,623,2,51.0,0.0,25.64
441,220,36,1,100.0,5.0,50.25
442,220,355,1,129.0,12.9,61.57
443,220,85,1,112.0,0.0,41.03
444,220,563,1,138.0,6.9,56.77
445,221,944,2,71.0,7.1,29.97
446,222,50,3,123.0,18.45,61.66
447,222,1088,2,176.0,0.0,77.6
448,223,1070,2,173.0,0.0,66.79
449,224,722,1,49.0,0.0,17.67
450,224,575,1,115.0,5.75,40.58
451,224,763,1,59.0,8.85,20.79
452,225,935,1,76.0,3.8,38.72
453,226,38,1,103.0,5.15,50.9
454,226,533,1,148.0,0.0,61.29
455,226,650,1,55.0,0.0,19.41
456,227,302,2,132.0,0.0,58.76
457,228,540,1,124.0,0.0,47.18
458,228,1022,2,180.0,0.0,71.95
459,228,925,1,85.0,0.0,33.81
460,228,725,1,66.0,6.6,25.45
461,229,1066,3,183.0,0.0,73.84
462,229,312,1,119.0,11.9,50.97
463,230,264,1,63.0,9.45,21.61
464,230,63,1,100.0,0.0,36.76
465,230,67,2,103.0,20.6,37.46
466,231,18,1,119.0,0.0,57.18
467,231,856,1,103.0,0.0,51.48
468,232,1076,2,173.0,0.0,59.21
469,233,968,1,160.0,0.0,71.98
470,233,660,1,48.0,0.0,18.47
471,234,745,1,52.0,0.0,18.56
472,235,61,1,125.0,0.0,59.3
473,236,654,1,50.0,0.0,24.97
474,236,905,2,77.0,0.0,37.77
475,237,963,1,223.0,33.45,96.12
476,238,649,3,51.0,0.0,18.15
477,239,734,2,64.0,0.0,26.12
478,239,168,1,124.0,0.0,43.4
479,239,1051,1,157.0,0.0,69.1
480,240,496,2,124.0,49.6,53.98
481,240,534,1,145.0,0.0,55.72
482,241,785,3,56.0,33.6,28.43
483,242,153,2,118.0,0.0,60.1
484,242,587,1,126.0,0.0,56.98
485,242,937,2,79.0,0.0,35.54
486,243,744,1,51.0,0.0,20.45
487,243,258,1,74.0,0.0,33.16
488,243,354,3,132.0,0.0,68.12
489,243,449,3,101.0,0.0,46.19
490,244,639,1,60.0,6.0,27.04
491,245,423,3,104.0,15.6,48.9
492,245,1086,2,179.0,0.0,61.92
493,245,821,1,55.0,0.0,27.73
494,246,382,2,120.0,0.0,46.36
495,247,879,1,105.0,0.0,44.55
496,248,731,1,55.0,0.0,21.22
497,248,764,1,49.0,0.0,23.08
498,248,896,1,108.0,0.0,46.93
499,248,854,1,101.0,10.1,44.53
500,249,928,1,79.0,7.9,31.38
501,249,271,1,61.0,0.0,25.09
502,250,847,2,88.0,8.8,32.2
503,251,964,2,200.0,0.0,93.56
504,251,359,2,133.0,39.9,49.23
505,251,635,2,67.0,20.1,23.0
506,251,567,2,140.0,0.0,53.41
507,252,399,1,122.0,0.0,55.67
508,252,167,1,113.0,5.65,40.78
509,253,71,1,111.0,0.0,56.27
510,253,345,1,135.0,27.0,50.82
511,253,184,1,75.0,0.0,34.26
512,253,431,1,117.0,0.0,39.9
513,254,372,2,111.0,44.4,54.37
514,254,802,2,43.0,0.0,19.2
515,254,1004,2,224.0,0.0,84.04
516,255,689,2,57.0,17.1,19.52
517,255,783,1,53.0,0.0,26.53
518,256,843,1,108.0,21.6,39.14
519,256,285,1,78.0,7.8,36.62
520,256,260,1,58.0,0.0,23.34
521,257,369,1,102.0,0.0,48.04
522,257,613,2,61.0,6.1,25.22
523,258,745,3,52.0,0.0,18.56
524,258,74,1,113.0,0.0,49.71
525,258,137,2,104.0,31.2,52.41
526,259,230,3,63.0,0.0,27.79
527,259,1023,1,217.0,0.0,109.56
528,259,21,2,121.0,0.0,54.96
529,260,693,3,56.0,0.0,22.46
530,260,1090,1,176.0,0.0,78.38
531,260,725,1,66.0,0.0,25.45
532,260,747,3,68.0,30.6,31.79
533,261,245,1,75.0,0.0,29.01
534,261,385,1,124.0,0.0,44.81
535,261,1079,2,189.0,0.0,71.85
536,262,689,2,57.0,0.0,19.52
537,263,52,1,106.0,10.6,48.62
538,263,711,1,62.0,0.0,29.84
539,264,778,1,48.0,9.6,16.73
540,264,1101,1,51.0,0.0,22.08
541,265,705,1,57.0,0.0,23.41
542,266,570,1,113.0,0.0,51.45
543,266,709,1,49.0,0.0,19.76
544,266,144,1,117.0,23.4,57.7
545,266,677,2,52.0,0.0,20.5
546,267,614,3,55.0,0.0,21.97
547,267,509,2,108.0,0.0,56.14
548,268,21,3,121.0,0.0,54.96
549,268,200,1,78.0,11.7,40.14
550,268,822,3,58.0,0.0,29.14
551,268,656,1,48.0,4.8,18.8
552,269,642,1,57.0,8.55,24.61
553,269,647,3,53.0,0.0,23.92
554,270,1014,3,158.0,0.0,79.35
555,270,393,1,117.0,0.0,40.82
556,271,450,1,124.0,0.0,51.74
557,271,183,1,58.0,0.0,22.26
558,272,859,2,110.0,0.0,52.45
559,273,1086,2,179.0,0.0,61.92
560,274,503,3,119.0,0.0,48.19
561,274,899,1,108.0,0.0,53.07
562,274,888,1,96.0,0.0,40.59
563,274,4,1,117.0,17.55,57.11
564,275,821,1,55.0,8.25,27.73
565,275,371,2,106.0,31.8,48.87
566,276,636,2,67.0,0.0,22.93
567,277,76,3,98.0,0.0,43.83
568,278,395,2,108.0,0.0,52.79
569,278,557,1,111.0,0.0,45.98
570,279,773,2,55.0,0.0,23.86
571,280,277,2,65.0,0.0,24.19
572,280,580,1,114.0,0.0,42.24
573,281,988,2,222.0,88.8,85.42
574,281,731,3,55.0,0.0,21.22
575,281,101,2,119.0,0.0,46.17
576,282,451,2,99.0,0.0,43.19
577,283,726,2,49.0,14.7,17.0
578,284,127,1,101.0,0.0,49.8
579,285,315,1,137.0,20.55,50.61
580,286,623,3,51.0,0.0,25.64
581,286,126,2,128.0,0.0,60.06
582,286,651,2,63.0,0.0,24.65
583,286,773,1,55.0,0.0,23.86
584,287,163,1,111.0,0.0,50.25
585,288,101,1,119.0,0.0,46.17
586,288,605,2,54.0,21.6,20.79
587,288,859,2,110.0,0.0,52.45
588,289,275,1,66.0,0.0,23.56
589,290,195,2,61.0,0.0,27.7
590,290,161,1,119.0,0.0,54.34
591,290,390,2,116.0,23.2,44.05
592,291,1028,1,162.0,16.2,83.79
593,292,704,3,68.0,0.0,23.64
594,293,1018,2,185.0,0.0,65.02
595,294,201,1,61.0,0.0,28.8
596,294,302,3,132.0,39.6,58.76
597,295,699,1,62.0,0.0,24.52
598,295,988,1,222.0,33.3,85.42
599,296,658,1,53.0,2.65,18.33
600,296,600,1,130.0,0.0,44.95
601,296,474,1,130.0,0.0,58.66
602,297,39,1,120.0,0.0,50.13
603,298,23,1,111.0,0.0,42.03
604,298,718,1,55.0,0.0,27.98
605,298,778,1,48.0,0.0,16.73
606,298,642,3,57.0,0.0,24.61
607,299,158,2,104.0,0.0,46.37
608,299,13,1,118.0,0.0,49.41
609,300,199,2,68.0,0.0,28.51
610,300,864,1,111.0,0.0,54.54
611,300,62,1,98.0,0.0,37.57
612,301,139,1,116.0,5.8,56.17
613,301,475,1,136.0,0.0,54.76
614,302,120,3,113.0,0.0,46.93
615,302,204,2,76.0,0.0,39.22
616,302,306,1,102.0,15.3,39.54
617,302,840,3,48.0,0.0,23.54
618,303,89,2,104.0,0.0,36.36
619,303,223,1,67.0,0.0,30.43
620,304,1020,2,159.0,31.8,59.32
621,305,644,1,51.0,5.1,19.36
622,306,276,1,71.0,3.55,32.86
623,307,872,2,90.0,0.0,35.22
624,308,189,2,60.0,6.0,24.08
625,308,593,1,130.0,6.5,58.7
626,309,459,2,109.0,0.0,55.98
627,309,730,1,59.0,0.0,23.21
628,309,850,3,111.0,0.0,43.16
629,309,198,1,71.0,0.0,35.22
630,310,334,2,119.0,0.0,54.6
631,310,280,1,71.0,0.0,30.75
632,310,113,1,110.0,22.0,52.9
633,310,383,1,106.0,0.0,50.36
634,311,123,2,127.0,0.0,53.19
635,311,815,2,53.0,0.0,27.09
636,312,773,2,55.0,0.0,23.86
637,313,583,1,134.0,0.0,47.44
638,313,664,1,68.0,0.0,32.47
639,314,483,2,147.0,0.0,65.67
640,315,703,1,58.0,2.9,20.74
641,316,876,1,93.0,4.65,45.34
642,316,225,1,69.0,10.35,26.99
643,316,692,3,55.0,24.75,20.61
644,317,583,1,134.0,20.1,47.44
645,317,370,1,111.0,0.0,46.95
646,318,1081,3,177.0,0.0,71.37
647,318,1055,1,156.0,0.0,61.71
648,318,906,2,77.0,23.1,39.88
649,319,1073,1,223.0,0.0,113.43
650,319,590,3,125.0,0.0,47.5
651,319,993,1,219.0,32.85,89.2
652,319,399,1,122.0,0.0,55.67
653,320,744,2,51.0,0.0,20.45
654,321,703,2,58.0,0.0,20.74
655,322,1068,1,226.0,0.0,107.61
656,322,818,3,49.0,7.35,20.36
657,323,639,3,60.0,0.0,27.04
658,324,144,1,117.0,23.4,57.7
659,324,201,2,61.0,0.0,28.8
660,325,1005,2,205.0,0.0,93.35
661,325,1090,2,176.0,0.0,78.38
662,325,1076,2,173.0,17.3,59.21
663,326,571,3,108.0,0.0,52.5
664,327,859,1,110.0,11.0,52.45
665,327,779,1,68.0,0.0,23.67
666,327,535,1,138.0,20.7,49.35
667,327,97,1,122.0,0.0,62.99
668,328,217,3,76.0,0.0,27.0
669,328,1053,1,226.0,0.0,99.34
670,328,39,2,120.0,0.0,50.13
671,329,1064,2,155.0,0.0,58.02
672,329,551,1,131.0,0.0,53.86
673,330,991,1,160.0,0.0,60.61
674,330,787,3,57.0,0.0,20.48
675,331,684,1,59.0,0.0,22.59
676,332,702,2,62.0,0.0,30.0
677,332,305,3,136.0,0.0,49.19
678,332,689,1,57.0,11.4,19.52
679,333,712,1,60.0,3.0,21.93
680,333,29,1,112.0,0.0,41.33
681,334,316,3,106.0,0.0,40.87
682,334,396,3,104.0,0.0,40.43
683,335,1062,2,191.0,57.3,76.07
684,335,6,2,123.0,0.0,55.81
685,336,178,2,115.0,34.5,56.47
686,336,948,1,71.0,7.1,32.88
687,336,380,1,100.0,0.0,48.82
688,337,697,1,48.0,0.0,22.93
689,338,177,1,103.0,0.0,50.53
690,339,28,1,98.0,0.0,34.91
691,339,1096,1,45.0,0.0,16.94
692,339,185,1,74.0,0.0,25.93
693,339,562,2,127.0,0.0,51.14
694,340,145,1,120.0,0.0,44.97
695,341,484,1,137.0,0.0,47.83
696,342,357,1,109.0,0.0,42.12
697,342,52,1,106.0,0.0,48.62
698,342,157,1,117.0,0.0,48.45
699,342,770,1,51.0,0.0,24.97
700,343,705,1,57.0,0.0,23.41
701,344,852,2,115.0,0.0,57.26
702,345,623,2,51.0,10.2,25.64
703,346,59,2,128.0,0.0,64.06
704,347,311,1,136.0,0.0,67.98
705,347,980,1,173.0,8.65,63.22
706,347,530,1,138.0,0.0,56.15
707,348,56,1,107.0,0.0,54.73
708,349,145,1,120.0,0.0,44.97
709,350,769,1,58.0,2.9,24.95
710,350,757,1,48.0,2.4,16.9
711,351,648,1,53.0,0.0,24.63
712,351,841,1,98.0,0.0,36.25
713,351,59,1,128.0,12.8,64.06
714,352,470,2,136.0,40.8,70.16
715,353,667,1,68.0,0.0,24.92
716,353,503,1,119.0,0.0,48.19
717,353,24,1,124.0,0.0,47.38
718,353,406,2,108.0,0.0,43.67
719,354,469,2,138.0,0.0,52.35
720,355,235,2,78.0,0.0,33.72
721,355,623,1,51.0,0.0,25.64
722,356,472,1,106.0,0.0,46.89
723,356,381,2,116.0,23.2,41.38
724,356,885,1,110.0,0.0,52.94
725,357,479,1,125.0,0.0,52.28
726,358,506,1,122.0,0.0,51.12
727,358,779,2,68.0,6.8,23.67
728,358,945,3,85.0,0.0,41.97
729,359,180,3,100.0,0.0,47.6
730,360,270,1,75.0,3.75,28.92
731,361,1003,2,174.0,0.0,67.23
732,361,20,3,118.0,0.0,50.13
733,361,542,2,134.0,0.0,64.44
734,361,686,2,52.0,0.0,24.33
735,362,586,1,118.0,0.0,51.89
736,362,571,1,108.0,0.0,52.5
737,362,704,1,68.0,0.0,23.64
738,363,800,1,46.0,0.0,20.81
739,363,365,1,107.0,0.0,38.53
740,364,699,2,62.0,6.2,24.52
741,365,155,2,101.0,40.4,36.78
742,365,124,2,120.0,48.0,52.74
743,365,941,3,78.0,0.0,35.63
744,365,664,3,68.0,10.2,32.47
745,366,603,1,67.0,0.0,28.81
746,367,726,3,49.0,7.35,17.0
747,367,214,3,63.0,0.0,31.09
748,367,410,3,106.0,0.0,50.43
749,368,324,2,106.0,0.0,53.67
750,368,550,1,117.0,5.85,50.37
751,369,861,1,90.0,0.0,37.41
752,370,601,1,61.0,6.1,24.32
753,371,791,3,43.0,0.0,19.97
754,371,439,1,122.0,0.0,50.81
755,372,707,1,67.0,13.4,26.73
756,372,623,3,51.0,0.0,25.64
757,373,159,2,99.0,0.0,41.12
758,374,577,2,138.0,0.0,66.16
759,375,248,3,59.0,0.0,24.95
760,375,990,2,197.0,0.0,84.55
761,376,899,2,108.0,0.0,53.07
762,377,574,2,141.0,0.0,53.31
763,377,356,1,116.0,0.0,44.46
764,377,891,1,111.0,0.0,44.94
765,378,906,1,77.0,3.85,39.88
766,379,972,1,215.0,0.0,96.09
767,380,561,1,145.0,21.75,64.01
768,380,942,1,80.0,0.0,40.49
769,380,40,1,116.0,0.0,53.01
770,380,656,3,48.0,14.4,18.8
771,381,159,1,99.0,0.0,41.12
772,381,156,2,107.0,0.0,44.62
773,382,184,3,75.0,22.5,34.26
774,382,518,3,125.0,0.0,55.03
775,383,722,1,49.0,0.0,17.67
776,383,781,1,58.0,2.9,21.7
777,383,105,3,122.0,0.0,61.6
778,384,303,1,110.0,22.0,44.75
779,384,680,2,58.0,23.2,23.36
780,384,700,3,58.0,0.0,30.1
781,385,785,1,56.0,0.0,28.43
782,385,329,1,127.0,6.35,53.72
783,386,640,3,60.0,0.0,22.06
784,386,795,1,49.0,0.0,23.33
785,386,788,1,58.0,0.0,20.42
786,386,295,1,58.0,0.0,29.74
787,387,659,2,55.0,0.0,25.15
788,388,356,1,116.0,0.0,44.46
789,388,437,2,113.0,0.0,40.48
790,388,357,3,109.0,0.0,42.12
791,388,830,2,51.0,0.0,21.92
792,389,791,2,43.0,0.0,19.97
793,389,546,1,113.0,0.0,54.3
794,389,26,1,115.0,17.25,55.33
795,389,74,2,113.0,0.0,49.71
796,390,455,3,100.0,0.0,49.02
797,391,496,3,124.0,0.0,53.98
798,391,766,1,65.0,9.75,23.14
799,391,646,1,66.0,0.0,26.93
800,392,170,1,121.0,0.0,41.46
801,392,334,1,119.0,0.0,54.6
802,392,520,2,133.0,0.0,54.86
803,393,269,1,61.0,3.05,27.28
804,393,695,1,54.0,0.0,27.99
805,394,846,2,108.0,32.4,45.6
806,394,739,1,63.0,12.6,27.18
807,395,547,1,137.0,6.85,57.46
808,395,938,2,83.0,0.0,42.78
809,395,90,3,113.0,50.85,46.43
810,396,664,1,68.0,6.8,32.47
811,397,898,1,90.0,13.5,45.91
812,398,610,1,68.0,10.2,35.18
813,399,655,1,50.0,0.0,18.37
814,399,361,1,116.0,0.0,43.46
815,400,852,1,115.0,0.0,57.26
816,401,170,1,121.0,0.0,41.46
817,401,466,3,101.0,15.15,35.75
818,401,530,2,138.0,41.4,56.15
819,401,545,2,120.0,48.0,54.17
820,402,239,1,59.0,0.0,21.25
821,402,634,1,65.0,0.0,32.93
822,402,881,1,92.0,0.0,45.53
823,402,391,1,136.0,0.0,64.23
824,403,930,1,79.0,0.0,40.09
825,404,808,1,50.0,0.0,19.11
826,404,340,2,125.0,0.0,57.25
827,405,215,1,74.0,0.0,29.14
828,405,1087,1,151.0,0.0,60.28
829,406,897,2,116.0,0.0,41.54
830,407,958,1,168.0,0.0,84.76
831,407,329,2,127.0,0.0,53.72
832,408,714,1,54.0,0.0,27.4
833,409,184,2,75.0,7.5,34.26
834,409,312,1,119.0,0.0,50.97
835,410,1090,1,176.0,0.0,78.38
836,410,590,2,125.0,0.0,47.5
837,411,224,1,66.0,0.0,33.84
838,411,788,2,58.0,0.0,20.42
839,411,161,3,119.0,35.7,54.34
840,412,775,2,55.0,0.0,20.18
841,412,1076,1,173.0,0.0,59.21
842,413,633,1,57.0,0.0,23.63
843,414,493,2,123.0,0.0,55.7
844,415,822,3,58.0,0.0,29.14
845,416,160,1,104.0,0.0,46.08
846,416,372,1,111.0,0.0,54.37
847,416,933,1,70.0,0.0,24.98
848,416,385,2,124.0,49.6,44.81
849,417,533,1,148.0,0.0,61.29
850,417,462,1,103.0,0.0,49.77
851,418,726,3,49.0,0.0,17.0
852,419,387,1,100.0,0.0,51.83
853,420,907,1,69.0,0.0,31.24
854,421,194,1,60.0,0.0,20.48
855,421,152,2,107.0,0.0,47.51
856,421,563,1,138.0,0.0,56.77
857,421,593,1,130.0,26.0,58.7
858,422,601,2,61.0,6.1,24.32
859,422,1098,1,57.0,0.0,19.67
860,423,804,1,52.0,0.0,20.85
861,424,561,1,145.0,0.0,64.01
862,425,110,1,126.0,0.0,56.77
863,426,371,3,106.0,0.0,48.87
864,426,692,1,55.0,8.25,20.61
865,426,212,2,77.0,0.0,35.57
866,426,708,1,49.0,0.0,18.93
867,427,876,3,93.0,13.95,45.34
868,427,338,1,124.0,24.8,49.8
869,427,57,1,113.0,0.0,43.63
870,428,396,3,104.0,15.6,40.43
871,428,131,2,107.0,0.0,54.07
872,428,764,3,49.0,7.35,23.08
873,428,462,2,103.0,30.9,49.77
874,429,367,1,107.0,0.0,49.6
875,430,791,3,43.0,0.0,19.97
876,431,239,2,59.0,0.0,21.25
877,432,650,1,55.0,0.0,19.41
878,433,872,2,90.0,0.0,35.22
879,433,8,1,122.0,18.3,45.75
880,434,66,1,113.0,5.65,41.35
881,435,974,2,195.0,0.0,70.19
882,435,750,2,63.0,18.9,32.18
883,435,249,3,61.0,0.0,21.26
884,436,700,2,58.0,0.0,30.1
885,437,24,1,124.0,18.6,47.38
886,437,612,3,59.0,35.4,26.02
887,437,232,1,78.0,0.0,35.99
888,438,127,1,101.0,0.0,49.8
889,438,541,1,124.0,0.0,42.94
890,439,1001,1,161.0,0.0,79.38
891,439,536,1,116.0,0.0,43.31
892,439,110,3,126.0,0.0,56.77
893,439,190,1,75.0,3.75,26.92
894,440,657,1,57.0,0.0,23.63
895,440,961,1,170.0,25.5,75.36
896,440,848,1,95.0,0.0,43.69
897,441,854,1,101.0,0.0,44.53
898,442,716,2,55.0,5.5,26.78
899,443,794,1,45.0,0.0,20.06
900,444,817,1,57.0,0.0,24.84
901,444,890,1,90.0,0.0,44.28
902,444,339,1,116.0,0.0,42.07
903,445,1005,2,205.0,41.0,93.35
904,446,1033,2,159.0,0.0,58.16
905,447,814,1,55.0,0.0,23.64
906,448,354,3,132.0,0.0,68.12
907,449,685,1,55.0,2.75,26.69
908,449,821,2,55.0,0.0,27.73
909,449,104,3,111.0,0.0,51.44
910,450,359,1,133.0,0.0,49.23
911,450,646,1,66.0,3.3,26.93
912,450,150,1,112.0,5.6,53.89
913,451,154,2,113.0,33.9,46.64
914,451,440,1,115.0,0.0,41.55
915,451,87,3,116.0,0.0,45.38
916,452,344,1,103.0,0.0,40.28
917,453,56,1,107.0,16.05,54.73
918,453,344,1,103.0,0.0,40.28
919,454,471,3,100.0,0.0,36.76
920,455,825,1,57.0,2.85,27.4
921,455,547,2,137.0,0.0,57.46
922,455,583,3,134.0,20.1,47.44
923,456,416,1,130.0,0.0,47.2
924,456,851,2,94.0,0.0,46.53
925,457,610,2,68.0,0.0,35.18
926,457,113,1,110.0,0.0,52.9
927,458,190,2,75.0,0.0,26.92
928,458,172,1,116.0,0.0,41.94
929,459,3,1,111.0,0.0,45.15
930,459,29,1,112.0,0.0,41.33
931,459,63,2,100.0,0.0,36.76
932,459,520,1,133.0,0.0,54.86
933,460,441,2,132.0,0.0,51.64
934,460,405,3,124.0,0.0,49.31
935,460,299,3,65.0,9.75,22.94
936,461,960,1,168.0,25.2,73.54
937,461,936,2,82.0,0.0,30.04
938,462,565,2,129.0,0.0,61.18
939,463,37,1,104.0,10.4,41.09
940,464,94,2,106.0,0.0,43.17
941,465,327,3,103.0,0.0,37.84
942,465,383,1,106.0,0.0,50.36
943,466,32,2,109.0,0.0,38.78
944,466,736,2,64.0,0.0,22.44
945,466,754,3,49.0,0.0,20.05
946,466,708,2,49.0,0.0,18.93
947,467,410,2,106.0,0.0,50.43
948,467,1,2,119.0,47.6,42.48
949,467,40,1,116.0,23.2,53.01
950,467,149,2,100.0,10.0,37.3
951,468,338,1,124.0,18.6,49.8
952,469,852,3,115.0,0.0,57.26
953,470,391,2,136.0,54.4,64.23
954,470,476,1,107.0,0.0,44.81
955,470,976,2,209.0,0.0,97.33
956,471,1,2,119.0,0.0,42.48
957,472,638,1,59.0,0.0,20.89
958,473,416,1,130.0,19.5,47.2
959,474,137,3,104.0,46.8,52.41
960,475,871,1,108.0,0.0,53.31
961,475,1009,2,186.0,0.0,68.58
962,476,101,1,119.0,0.0,46.17
963,477,1018,3,185.0,0.0,65.02
964,477,526,3,123.0,0.0,60.31
965,477,52,2,106.0,0.0,48.62
966,477,379,3,128.0,76.8,47.39
967,478,1042,1,202.0,0.0,95.87
968,479,28,1,98.0,14.7,34.91
969,479,287,1,69.0,0.0,28.54
970,480,575,2,115.0,0.0,40.58
971,481,671,2,52.0,0.0,26.53
972,481,81,1,106.0,0.0,43.18
973,482,1,2,119.0,0.0,42.48
974,482,688,1,50.0,0.0,21.8
975,483,966,2,156.0,0.0,70.06
976,483,213,1,73.0,0.0,36.59
977,484,667,1,68.0,0.0,24.92
978,484,651,3,63.0,18.9,24.65
979,485,34,1,106.0,0.0,54.53
980,485,476,2,107.0,0.0,44.81
981,485,64,2,109.0,0.0,54.22
982,486,37,1,104.0,0.0,41.09
983,486,771,2,58.0,5.8,28.97
984,486,190,1,75.0,0.0,26.92
985,486,519,2,116.0,0.0,43.52
986,487,746,3,64.0,0.0,24.06
987,488,695,2,54.0,0.0,27.99
988,489,739,1,63.0,0.0,27.18
989,489,644,1,51.0,0.0,19.36
990,490,724,2,57.0,17.1,23.65
991,491,441,2,132.0,0.0,51.64
992,491,799,1,47.0,7.05,22.07
993,491,38,2,103.0,10.3,50.9
994,492,755,1,55.0,0.0,21.55
995,492,492,3,129.0,38.7,61.16
996,492,115,2,99.0,0.0,44.64
997,493,629,3,57.0,0.0,25.99
998,493,702,3,62.0,0.0,30.0
999,493,119,1,124.0,0.0,44.77
1000,494,477,3,113.0,0.0,54.1
1001,495,226,2,62.0,0.0,24.71
1002,495,420,1,130.0,19.5,53.36
1003,496,484,2,137.0,27.4,47.83
1004,497,375,3,108.0,64.8,53.81
1005,498,190,1,75.0,11.25,26.92
1006,498,1022,1,180.0,0.0,71.95
1007,499,839,2,55.0,0.0,19.91
1008,500,416,3,130.0,0.0,47.2
1009,501,39,2,120.0,24.0,50.13
1010,502,291,1,58.0,2.9,22.26
1011,503,163,1,111.0,0.0,50.25
1012,504,455,1,100.0,0.0,49.02
1013,505,475,1,136.0,0.0,54.76
1014,505,1029,2,175.0,52.5,86.81
1015,505,699,2,62.0,0.0,24.52
1016,505,873,2,99.0,0.0,45.62
1017,506,836,2,49.0,0.0,25.44
1018,506,218,2,67.0,13.4,32.52
1019,507,812,3,42.0,0.0,21.26
1020,508,822,1,58.0,0.0,29.14
1021,508,63,1,100.0,15.0,36.76
1022,508,490,2,136.0,0.0,56.65
1023,508,390,2,116.0,0.0,44.05
1024,509,342,1,129.0,0.0,63.84
1025,510,104,1,111.0,0.0,51.44
1026,511,420,2,130.0,0.0,53.36
1027,511,95,3,125.0,37.5,61.25
1028,512,867,1,110.0,0.0,46.65
1029,512,301,3,104.0,0.0,40.1
1030,512,237,3,58.0,0.0,22.29
1031,512,725,3,66.0,0.0,25.45
1032,513,364,2,122.0,0.0,47.42
1033,513,648,1,53.0,0.0,24.63
1034,513,852,1,115.0,0.0,57.26
1035,513,928,2,79.0,0.0,31.38
1036,514,913,1,76.0,3.8,26.23
1037,515,703,2,58.0,0.0,20.74
1038,516,270,1,75.0,0.0,28.92
1039,516,367,1,107.0,0.0,49.6
1040,516,683,1,57.0,0.0,19.78
1041,517,1036,1,168.0,0.0,59.97
1042,518,159,1,99.0,0.0,41.12
1043,518,280,1,71.0,0.0,30.75
1044,519,668,2,49.0,0.0,16.8
1045,520,616,1,52.0,0.0,24.79
1046,521,462,1,103.0,0.0,49.77
1047,521,253,2,75.0,0.0,25.56
1048,522,154,2,113.0,0.0,46.64
1049,523,838,3,48.0,0.0,21.68
1050,523,401,1,132.0,0.0,46.29
1051,523,866,1,105.0,15.75,52.62
1052,523,353,1,108.0,0.0,54.46
1053,524,697,2,48.0,4.8,22.93
1054,525,688,1,50.0,0.0,21.8
1055,525,800,2,46.0,18.4,20.81
1056,525,496,2,124.0,0.0,53.98
1057,526,774,1,54.0,5.4,21.33
1058,526,173,1,127.0,0.0,65.94
1059,527,519,2,116.0,0.0,43.52
1060,528,415,3,109.0,0.0,44.53
1061,528,361,1,116.0,0.0,43.46
1062,529,667,1,68.0,10.2,24.92
1063,530,161,1,119.0,0.0,54.34
1064,530,581,1,140.0,0.0,51.47
1065,531,113,1,110.0,0.0,52.9
1066,531,333,1,134.0,13.4,63.64
1067,531,670,3,51.0,0.0,21.7
1068,532,173,3,127.0,0.0,65.94
1069,532,456,1,119.0,11.9,60.08
1070,533,741,1,63.0,9.45,30.97
1071,533,629,2,57.0,0.0,25.99
1072,533,82,1,101.0,15.15,50.11
1073,534,727,3,55.0,0.0,25.19
1074,534,1015,1,204.0,0.0,95.85
1075,535,175,1,110.0,0.0,50.09
1076,536,666,1,68.0,6.8,23.64
1077,536,170,1,121.0,0.0,41.46
1078,536,439,3,122.0,0.0,50.81
1079,536,54,3,105.0,0.0,36.41
1080,537,785,1,56.0,8.4,28.43
1081,537,887,1,97.0,0.0,42.67
1082,538,635,1,67.0,0.0,23.0
1083,539,156,1,107.0,0.0,44.62
1084,540,451,1,99.0,0.0,43.19
1085,541,856,2,103.0,10.3,51.48
1086,542,103,1,108.0,0.0,43.84
1087,542,159,1,99.0,9.9,41.12
1088,543,41,1,110.0,0.0,38.22
1089,544,105,1,122.0,0.0,61.6
1090,544,65,1,106.0,0.0,50.87
1091,544,932,1,73.0,0.0,26.38
1092,545,834,1,43.0,8.6,18.62
1093,545,161,1,119.0,0.0,54.34
1094,546,608,1,67.0,3.35,25.24
1095,546,95,2,125.0,50.0,61.25
1096,546,31,2,109.0,0.0,42.98
1097,547,733,2,56.0,0.0,22.52
1098,548,377,1,118.0,0.0,40.13
1099,548,694,3,54.0,32.4,18.6
1100,549,945,1,85.0,0.0,41.97
1101,549,78,1,124.0,0.0,44.6
1102,549,777,1,65.0,0.0,24.88
1103,550,696,2,48.0,0.0,20.91
1104,551,800,2,46.0,0.0,20.81
1105,551,53,1,121.0,0.0,43.49
1106,552,797,1,47.0,0.0,20.82
1107,553,404,1,102.0,0.0,37.91
1108,553,866,3,105.0,0.0,52.62
1109,553,75,2,124.0,12.4,45.29
1110,554,1084,3,156.0,0.0,67.16
1111,554,154,1,113.0,0.0,46.64
1112,555,686,1,52.0,5.2,24.33
1113,556,882,3,103.0,0.0,53.39
1114,557,878,3,108.0,0.0,44.26
1115,557,1085,1,212.0,0.0,94.58
1116,557,375,1,108.0,0.0,53.81
1117,557,782,2,48.0,0.0,21.47
1118,558,28,1,98.0,19.6,34.91
1119,558,29,1,112.0,0.0,41.33
1120,559,886,1,100.0,10.0,50.07
1121,560,877,2,117.0,46.8,58.12
1122,560,586,2,118.0,0.0,51.89
1123,560,514,3,148.0,0.0,56.32
1124,560,11,1,109.0,16.35,46.27
1125,561,236,1,58.0,0.0,29.74
1126,562,898,1,90.0,0.0,45.91
1127,562,752,2,54.0,0.0,23.43
1128,563,875,2,89.0,0.0,46.07
1129,564,219,1,71.0,7.1,29.35
1130,565,44,1,116.0,0.0,46.68
1131,565,1102,2,53.0,0.0,18.98
1132,566,155,1,101.0,0.0,36.78
1133,567,688,1,50.0,10.0,21.8
1134,567,912,2,68.0,20.4,33.81
1135,567,671,2,52.0,0.0,26.53
1136,567,759,1,52.0,0.0,19.53
1137,568,324,1,106.0,0.0,53.67
1138,569,96,1,110.0,0.0,39.36
1139,570,684,1,59.0,0.0,22.59
1140,571,621,1,57.0,0.0,23.92
1141,572,53,2,121.0,0.0,43.49
1142,573,696,1,48.0,4.8,20.91
1143,573,644,1,51.0,0.0,19.36
1144,573,189,2,60.0,0.0,24.08
1145,573,675,1,51.0,0.0,19.91
1146,574,733,3,56.0,0.0,22.52
1147,574,841,1,98.0,0.0,36.25
1148,575,1016,2,194.0,0.0,67.94
1149,576,670,1,51.0,0.0,21.7
1150,577,874,1,103.0,5.15,52.61
1151,577,446,1,106.0,0.0,38.7
1152,578,722,2,49.0,14.7,17.67
1153,579,936,1,82.0,0.0,30.04
1154,579,832,1,58.0,8.7,22.46
1155,579,247,1,62.0,0.0,24.77
1156,580,22,1,115.0,0.0,45.39
1157,580,1080,2,170.0,0.0,58.6
1158,581,276,1,71.0,0.0,32.86
1159,582,443,1,117.0,17.55,54.31
1160,583,1037,1,194.0,0.0,92.55
1161,584,678,3,56.0,16.8,21.06
1162,584,162,2,107.0,10.7,51.55
1163,585,787,2,57.0,0.0,20.48
1164,586,256,1,67.0,0.0,30.06
1165,586,205,1,59.0,0.0,20.96
1166,586,247,1,62.0,3.1,24.77
1167,586,1087,1,151.0,0.0,60.28
1168,587,89,2,104.0,20.8,36.36
1169,588,182,2,62.0,6.2,27.62
1170,588,1041,2,162.0,0.0,78.14
1171,588,638,1,59.0,0.0,20.89
1172,589,346,1,126.0,0.0,64.45
1173,589,396,2,104.0,0.0,40.43
1174,590,111,2,117.0,0.0,41.56
1175,590,289,1,65.0,0.0,26.71
1176,591,623,2,51.0,0.0,25.64
1177,592,52,1,106.0,21.2,48.62
1178,592,27,2,110.0,0.0,53.52
1179,593,171,3,124.0,0.0,50.47
1180,593,964,1,200.0,30.0,93.56
1181,594,709,1,49.0,0.0,19.76
1182,595,928,1,79.0,3.95,31.38
1183,596,313,2,119.0,0.0,49.77
1184,597,601,2,61.0,0.0,24.32
1185,598,717,1,58.0,0.0,22.42
1186,598,716,2,55.0,0.0,26.78
1187,599,827,3,42.0,0.0,16.85
1188,600,260,1,58.0,0.0,23.34
1189,601,148,2,125.0,0.0,58.47
1190,602,248,1,59.0,0.0,24.95
1191,602,603,3,67.0,20.1,28.81
1192,602,729,1,50.0,0.0,19.88
1193,603,931,1,81.0,0.0,34.21
1194,604,526,1,123.0,12.3,60.31
1195,604,806,1,48.0,0.0,16.76
1196,605,855,2,96.0,0.0,36.81
1197,605,331,1,112.0,0.0,41.65
1198,605,774,1,54.0,0.0,21.33
1199,605,1027,1,212.0,0.0,109.73
1200,606,291,1,58.0,0.0,22.26
1201,606,1085,2,212.0,0.0,94.58
1202,606,115,2,99.0,0.0,44.64
1203,607,633,2,57.0,5.7,23.63
1204,607,854,3,101.0,0.0,44.53
1205,607,756,3,64.0,0.0,27.48
1206,607,448,2,114.0,0.0,55.36
1207,608,494,1,117.0,0.0,45.52
1208,609,421,1,125.0,0.0,54.97
1209,609,1010,1,213.0,0.0,82.88
1210,610,532,1,143.0,0.0,65.15
1211,610,199,2,68.0,0.0,28.51
1212,611,633,1,57.0,0.0,23.63
1213,612,11,1,109.0,0.0,46.27
1214,612,205,1,59.0,2.95,20.96
1215,612,425,2,108.0,0.0,52.79
1216,613,85,2,112.0,0.0,41.03
1217,613,155,1,101.0,10.1,36.78
1218,614,549,2,138.0,0.0,54.07
1219,615,831,3,54.0,0.0,21.13
1220,616,892,1,94.0,0.0,35.12
1221,616,317,2,102.0,20.4,51.51
1222,617,236,1,58.0,0.0,29.74
1223,617,620,1,65.0,0.0,23.92
1224,617,735,2,68.0,0.0,29.51
1225,617,615,2,51.0,0.0,25.15
1226,618,713,2,59.0,0.0,28.75
1227,619,674,1,68.0,0.0,29.3
1228,619,687,2,62.0,0.0,24.89
1229,619,727,1,55.0,0.0,25.19
1230,619,246,1,63.0,0.0,26.86
1231,620,32,1,109.0,0.0,38.78
1232,620,898,1,90.0,0.0,45.91
1233,621,154,1,113.0,22.6,46.64
1234,622,657,3,57.0,0.0,23.63
1235,622,956,1,159.0,31.8,80.2
1236,623,361,1,116.0,11.6,43.46
1237,623,788,1,58.0,0.0,20.42
1238,624,3,1,111.0,0.0,45.15
1239,624,459,1,109.0,5.45,55.98
1240,625,742,1,48.0,0.0,21.13
1241,625,900,3,93.0,0.0,45.0
1242,626,772,1,62.0,0.0,24.02
1243,626,306,3,102.0,0.0,39.54
1244,626,645,2,67.0,0.0,31.63
1245,627,751,2,57.0,0.0,24.37
1246,627,60,1,125.0,0.0,62.6
1247,628,878,1,108.0,0.0,44.26
1248,628,820,1,44.0,0.0,16.76
1249,628,22,2,115.0,0.0,45.39
1250,628,1012,1,153.0,0.0,57.34
1251,629,215,1,74.0,0.0,29.14
1252,629,160,3,104.0,0.0,46.08
1253,629,639,3,60.0,18.0,27.04
1254,629,816,1,46.0,0.0,16.08
1255,630,790,2,56.0,0.0,28.11
1256,631,766,2,65.0,0.0,23.14
1257,631,788,1,58.0,0.0,20.42
1258,632,491,1,123.0,0.0,58.13
1259,633,271,1,61.0,0.0,25.09
1260,633,1079,2,189.0,75.6,71.85
1261,633,6,3,123.0,18.45,55.81
1262,633,640,1,60.0,0.0,22.06
1263,634,66,3,113.0,0.0,41.35
1264,634,395,2,108.0,0.0,52.79
1265,634,536,3,116.0,0.0,43.31
1266,635,14,1,119.0,0.0,47.15
1267,635,242,2,58.0,0.0,20.89
1268,635,798,3,50.0,22.5,22.25
1269,636,619,2,49.0,9.8,21.79
1270,636,272,1,69.0,0.0,30.5
1271,636,873,1,99.0,0.0,45.62
1272,636,77,2,120.0,0.0,50.9
1273,637,566,2,120.0,36.0,52.28
1274,637,404,1,102.0,0.0,37.91
1275,637,222,2,59.0,11.8,22.21
1276,637,889,1,104.0,0.0,48.59
1277,638,392,1,128.0,0.0,62.61
1278,638,463,2,120.0,0.0,60.22
1279,639,329,1,127.0,0.0,53.72
1280,639,266,1,59.0,5.9,25.75
1281,639,753,2,60.0,6.0,30.1
1282,639,307,1,105.0,0.0,43.52
1283,640,100,1,127.0,0.0,53.76
1284,640,480,1,127.0,0.0,47.04
1285,640,936,1,82.0,16.4,30.04
1286,640,819,2,43.0,0.0,16.42
1287,641,123,2,127.0,0.0,53.19
1288,642,692,1,55.0,0.0,20.61
1289,642,240,1,59.0,2.95,27.47
1290,642,1008,1,178.0,17.8,81.55
1291,643,458,1,137.0,0.0,54.24
1292,643,155,3,101.0,45.45,36.78
1293,643,959,2,226.0,0.0,80.94
1294,644,38,1,103.0,0.0,50.9
1295,645,137,3,104.0,15.6,52.41
1296,646,390,1,116.0,0.0,44.05
1297,646,1095,1,19.0,0.0,9.42
1298,647,905,2,77.0,0.0,37.77
1299,648,333,1,134.0,0.0,63.64
1300,649,714,1,54.0,0.0,27.4
1301,649,204,2,76.0,15.2,39.22
1302,649,653,2,57.0,22.8,29.16
1303,649,78,2,124.0,0.0,44.6
1304,650,840,1,48.0,2.4,23.54
1305,651,746,1,64.0,0.0,24.06
1306,651,391,1,136.0,0.0,64.23
1307,652,625,2,63.0,6.3,28.22
1308,653,4,1,117.0,0.0,57.11
1309,653,280,1,71.0,0.0,30.75
1310,653,105,1,122.0,0.0,61.6
1311,653,675,1,51.0,2.55,19.91
1312,654,534,1,145.0,0.0,55.72
1313,654,339,1,116.0,0.0,42.07
1314,655,757,2,48.0,9.6,16.9
1315,656,492,1,129.0,12.9,61.16
1316,656,123,2,127.0,50.8,53.19
1317,657,102,1,111.0,0.0,46.07
1318,657,462,2,103.0,0.0,49.77
1319,657,114,1,126.0,0.0,48.59
1320,657,965,3,218.0,65.4,98.2
1321,658,279,1,65.0,0.0,30.68
1322,659,66,1,113.0,0.0,41.35
1323,659,45,2,98.0,19.6,50.23
1324,660,218,1,67.0,0.0,32.52
1325,660,49,1,114.0,5.7,47.77
1326,660,935,1,76.0,0.0,38.72
1327,661,982,1,211.0,0.0,74.19
1328,662,48,1,112.0,5.6,43.46
1329,663,707,1,67.0,3.35,26.73
1330,663,448,3,114.0,0.0,55.36
1331,663,735,1,68.0,0.0,29.51
1332,663,898,1,90.0,4.5,45.91
1333,664,806,2,48.0,9.6,16.76
1334,664,629,2,57.0,0.0,25.99
1335,664,575,1,115.0,11.5,40.58
1336,664,584,2,116.0,0.0,43.96
1337,665,751,2,57.0,0.0,24.37
1338,666,528,2,109.0,32.7,41.14
1339,666,750,1,63.0,0.0,32.18
1340,667,704,2,68.0,0.0,23.64
1341,667,275,1,66.0,0.0,23.56
1342,668,834,1,43.0,0.0,18.62
1343,669,226,1,62.0,0.0,24.71
1344,670,373,1,136.0,0.0,54.11
1345,671,881,1,92.0,18.4,45.53
1346,671,85,3,112.0,16.8,41.03
1347,672,498,1,138.0,13.8,58.8
1348,672,899,3,108.0,64.8,53.07
1349,672,141,1,126.0,0.0,60.35
1350,673,149,3,100.0,30.0,37.3
1351,674,451,1,99.0,0.0,43.19
1352,675,950,1,202.0,0.0,85.83
1353,675,1044,3,215.0,0.0,104.52
1354,676,64,2,109.0,0.0,54.22
1355,677,692,1,55.0,0.0,20.61
1356,677,242,3,58.0,0.0,20.89
1357,677,712,1,60.0,0.0,21.93
1358,678,135,1,100.0,0.0,50.15
1359,678,908,3,79.0,11.85,37.82
1360,679,114,2,126.0,0.0,48.59
1361,680,111,3,117.0,17.55,41.56
1362,681,463,1,120.0,12.0,60.22
1363,681,637,1,68.0,10.2,34.21
1364,681,4,2,117.0,0.0,57.11
1365,682,10,1,121.0,0.0,62.21
1366,683,474,1,130.0,0.0,58.66
1367,683,891,2,111.0,0.0,44.94
1368,683,324,1,106.0,0.0,53.67
1369,684,126,1,128.0,0.0,60.06
1370,685,1042,2,202.0,80.8,95.87
1371,686,117,1,119.0,23.8,56.82
1372,686,212,1,77.0,0.0,35.57
1373,687,211,2,60.0,0.0,29.67
1374,687,22,2,115.0,11.5,45.39
1375,688,100,1,127.0,12.7,53.76
1376,688,157,1,117.0,0.0,48.45
1377,688,284,2,67.0,0.0,23.06
1378,688,390,2,116.0,0.0,44.05
1379,689,199,1,68.0,3.4,28.51
1380,689,987,1,227.0,0.0,96.02
1381,690,498,1,138.0,0.0,58.8
1382,690,183,1,58.0,0.0,22.26
1383,691,961,3,170.0,25.5,75.36
1384,692,709,3,49.0,29.4,19.76
1385,692,655,2,50.0,0.0,18.37
1386,692,398,2,132.0,0.0,44.91
1387,692,1033,1,159.0,0.0,58.16
1388,693,454,1,136.0,0.0,66.74
1389,693,879,1,105.0,15.75,44.55
1390,693,459,3,109.0,0.0,55.98
1391,694,187,1,64.0,0.0,30.61
1392,694,257,3,65.0,9.75,31.61
1393,695,41,3,110.0,0.0,38.22
1394,695,154,3,113.0,0.0,46.64
1395,696,877,2,117.0,23.4,58.12
1396,697,907,1,69.0,10.35,31.24
1397,697,313,1,119.0,5.95,49.77
1398,698,774,2,54.0,0.0,21.33
1399,699,903,1,72.0,14.4,27.29
1400,699,882,2,103.0,0.0,53.39
1401,699,421,1,125.0,0.0,54.97
1402,699,454,3,136.0,0.0,66.74
1403,700,854,2,101.0,0.0,44.53
1404,701,287,1,69.0,0.0,28.54
1405,701,705,1,57.0,0.0,23.41
1406,702,101,2,119.0,11.9,46.17
1407,703,248,3,59.0,0.0,24.95
1408,704,106,2,121.0,0.0,52.8
1409,704,445,1,99.0,9.9,41.89
1410,704,597,1,130.0,6.5,66.72
1411,705,242,2,58.0,0.0,20.89
1412,705,691,3,63.0,37.8,24.53
1413,706,829,2,49.0,0.0,19.48
1414,706,1034,1,171.0,0.0,58.97
1415,707,341,1,98.0,19.6,39.08
1416,707,772,1,62.0,0.0,24.02
1417,707,797,1,47.0,0.0,20.82
1418,708,292,2,67.0,6.7,33.41
1419,709,514,1,148.0,14.8,56.32
1420,710,716,1,55.0,11.0,26.78
1421,711,209,3,71.0,0.0,35.2
1422,711,889,1,104.0,0.0,48.59
1423,712,364,1,122.0,0.0,47.42
1424,713,372,3,111.0,0.0,54.37
1425,713,187,1,64.0,0.0,30.61
1426,714,385,1,124.0,0.0,44.81
1427,715,840,1,48.0,7.2,23.54
1428,715,511,1,122.0,0.0,43.26
1429,715,995,2,184.0,0.0,63.1
1430,716,1030,1,204.0,0.0,87.99
1431,717,1002,3,158.0,0.0,55.07
1432,718,360,1,111.0,0.0,53.67
1433,718,536,2,116.0,0.0,43.31
1434,719,830,2,51.0,0.0,21.92
1435,719,1053,2,226.0,0.0,99.34
1436,719,754,3,49.0,7.35,20.05
1437,720,521,2,141.0,0.0,54.66
1438,720,619,3,49.0,0.0,21.79
1439,721,157,1,117.0,0.0,48.45
1440,722,535,1,138.0,0.0,49.35
1441,722,532,3,143.0,42.9,65.15
1442,722,1007,1,149.0,7.45,58.75
1443,723,390,1,116.0,0.0,44.05
1444,723,434,1,129.0,0.0,55.39
1445,724,564,1,143.0,0.0,67.92
1446,725,900,3,93.0,0.0,45.0
1447,725,618,2,61.0,0.0,23.76
1448,726,271,1,61.0,0.0,25.09
1449,727,78,1,124.0,0.0,44.6
1450,727,556,3,134.0,20.1,56.99
1451,727,31,3,109.0,32.7,42.98
1452,728,325,2,124.0,0.0,42.21
1453,729,144,1,117.0,0.0,57.7
1454,729,809,1,47.0,0.0,22.88
1455,729,340,1,125.0,0.0,57.25
1456,730,149,2,100.0,0.0,37.3
1457,731,970,3,193.0,0.0,82.05
1458,732,5,1,105.0,15.75,46.18
1459,733,208,1,65.0,9.75,30.0
1460,733,694,2,54.0,5.4,18.6
1461,733,370,1,111.0,5.55,46.95
1462,734,59,1,128.0,0.0,64.06
1463,734,782,2,48.0,14.4,21.47
1464,734,216,2,67.0,0.0,26.09
1465,734,176,2,104.0,0.0,45.19
1466,735,698,1,58.0,8.7,24.25
1467,735,646,1,66.0,0.0,26.93
1468,735,651,1,63.0,0.0,24.65
1469,735,735,1,68.0,0.0,29.51
1470,736,262,1,62.0,0.0,22.68
1471,737,918,2,77.0,0.0,32.59
1472,738,923,1,72.0,0.0,25.31
1473,739,861,1,90.0,0.0,37.41
1474,739,915,2,70.0,0.0,27.43
1475,740,123,1,127.0,0.0,53.19
1476,740,736,1,64.0,3.2,22.44
1477,740,791,1,43.0,0.0,19.97
1478,740,857,2,104.0,0.0,43.38
1479,741,173,1,127.0,6.35,65.94
1480,742,100,1,127.0,0.0,53.76
1481,743,625,2,63.0,0.0,28.22
1482,743,42,2,108.0,10.8,39.53
1483,743,424,1,106.0,5.3,46.78
1484,744,22,3,115.0,0.0,45.39
1485,745,1014,1,158.0,0.0,79.35
1486,746,653,2,57.0,0.0,29.16
1487,747,954,1,174.0,0.0,84.16
1488,748,494,1,117.0,0.0,45.52
1489,748,667,2,68.0,0.0,24.92
1490,749,978,1,174.0,0.0,66.51
1491,749,640,1,60.0,0.0,22.06
1492,750,21,3,121.0,0.0,54.96
1493,751,23,1,111.0,0.0,42.03
1494,752,786,2,57.0,0.0,23.66
1495,752,164,1,113.0,16.95,53.4
1496,753,755,2,55.0,0.0,21.55
1497,753,596,1,135.0,0.0,68.3
1498,754,574,2,141.0,14.1,53.31
1499,754,442,1,133.0,0.0,45.79
1500,754,701,1,48.0,9.6,21.99
1501,754,355,2,129.0,12.9,61.57
1502,755,1013,3,168.0,0.0,77.95
1503,755,1028,1,162.0,0.0,83.79
1504,756,626,3,58.0,0.0,22.85
1505,756,563,1,138.0,0.0,56.77
1506,757,754,1,49.0,0.0,20.05
1507,757,822,1,58.0,5.8,29.14
1508,758,153,1,118.0,11.8,60.1
1509,759,13,3,118.0,0.0,49.41
1510,759,935,1,76.0,0.0,38.72
1511,759,577,1,138.0,0.0,66.16
1512,759,827,1,42.0,0.0,16.85
1513,760,794,1,45.0,0.0,20.06
1514,761,911,2,80.0,0.0,29.85
1515,761,683,1,57.0,11.4,19.78
1516,762,287,1,69.0,0.0,28.54
1517,762,290,2,64.0,0.0,29.65
1518,762,986,1,209.0,0.0,87.89
1519,763,609,1,65.0,9.75,25.65
1520,764,756,1,64.0,6.4,27.48
1521,764,223,1,67.0,6.7,30.43
1522,765,527,1,108.0,21.6,47.82
1523,766,857,1,104.0,0.0,43.38
1524,767,123,1,127.0,0.0,53.19
1525,768,279,1,65.0,3.25,30.68
1526,768,332,2,132.0,0.0,45.84
1527,768,124,2,120.0,0.0,52.74
1528,769,963,3,223.0,0.0,96.12
1529,769,189,2,60.0,6.0,24.08
1530,770,279,3,65.0,0.0,30.68
1531,770,785,1,56.0,0.0,28.43
1532,770,1052,3,212.0,0.0,105.64
1533,770,851,1,94.0,0.0,46.53
1534,771,859,1,110.0,11.0,52.45
1535,772,942,2,80.0,0.0,40.49
1536,773,479,2,125.0,0.0,52.28
1537,773,285,2,78.0,0.0,36.62
1538,773,876,1,93.0,0.0,45.34
1539,774,646,2,66.0,0.0,26.93
1540,775,233,2,76.0,0.0,36.61
1541,776,276,1,71.0,7.1,32.86
1542,776,82,1,101.0,0.0,50.11
1543,777,125,1,122.0,0.0,52.01
1544,778,430,1,128.0,12.8,63.15
1545,778,615,2,51.0,0.0,25.15
1546,779,885,1,110.0,0.0,52.94
1547,780,75,1,124.0,0.0,45.29
1548,780,348,3,138.0,0.0,56.85
1549,781,364,1,122.0,0.0,47.42
1550,781,628,2,55.0,5.5,25.74
1551,781,54,1,105.0,0.0,36.41
1552,781,450,1,124.0,0.0,51.74
1553,782,69,3,121.0,18.15,45.49
1554,782,1037,2,194.0,0.0,92.55
1555,782,375,1,108.0,0.0,53.81
1556,783,21,1,121.0,24.2,54.96
1557,783,624,3,51.0,0.0,19.2
1558,784,594,2,146.0,0.0,63.53
1559,784,452,1,137.0,0.0,47.58
1560,785,500,1,136.0,0.0,63.5
1561,786,784,2,45.0,13.5,19.8
1562,786,852,1,115.0,0.0,57.26
1563,786,427,1,136.0,13.6,55.85
1564,786,837,2,53.0,0.0,25.18
1565,787,273,1,73.0,0.0,30.33
1566,787,1036,1,168.0,33.6,59.97
1567,787,70,1,98.0,0.0,46.36
1568,787,771,1,58.0,0.0,28.97
1569,788,125,1,122.0,6.1,52.01
1570,788,641,2,49.0,4.9,23.1
1571,789,1093,2,32.0,0.0,13.32
1572,789,339,1,116.0,5.8,42.07
1573,789,40,1,116.0,0.0,53.01
1574,790,201,2,61.0,12.2,28.8
1575,790,329,2,127.0,0.0,53.72
1576,791,1079,2,189.0,0.0,71.85
1577,791,363,1,109.0,0.0,38.43
1578,791,102,2,111.0,0.0,46.07
1579,792,801,3,50.0,0.0,24.86
1580,792,1065,2,198.0,79.2,82.33
1581,792,457,1,114.0,0.0,47.89
1582,792,352,1,118.0,0.0,53.55
1583,793,507,1,143.0,0.0,54.69
1584,793,41,1,110.0,5.5,38.22
1585,794,630,1,64.0,0.0,31.1
1586,795,462,1,103.0,0.0,49.77
1587,795,145,1,120.0,0.0,44.97
1588,795,4,1,117.0,0.0,57.11
1589,795,275,2,66.0,0.0,23.56
1590,796,696,2,48.0,0.0,20.91
1591,797,786,1,57.0,0.0,23.66
1592,798,866,3,105.0,0.0,52.62
1593,798,903,1,72.0,3.6,27.29
1594,799,773,1,55.0,0.0,23.86
1595,800,847,1,88.0,0.0,32.2
1596,800,348,2,138.0,0.0,56.85
1597,800,914,2,78.0,0.0,34.9
1598,801,362,3,99.0,0.0,44.7
1599,802,542,2,134.0,13.4,64.44
1600,802,864,1,111.0,0.0,54.54
1601,802,876,3,93.0,27.9,45.34
1602,802,480,1,127.0,0.0,47.04
1603,803,923,2,72.0,0.0,25.31
1604,803,44,1,116.0,0.0,46.68
1605,803,77,1,120.0,0.0,50.9
1606,803,433,1,121.0,6.05,47.03
1607,804,714,1,54.0,0.0,27.4
1608,805,490,2,136.0,0.0,56.65
1609,806,726,1,49.0,0.0,17.0
1610,807,165,1,126.0,0.0,54.26
1611,807,881,2,92.0,0.0,45.53
1612,808,806,3,48.0,0.0,16.76
1613,809,145,2,120.0,0.0,44.97
1614,810,331,1,112.0,0.0,41.65
1615,811,752,2,54.0,0.0,23.43
1616,811,412,1,106.0,0.0,42.22
1617,812,766,3,65.0,0.0,23.14
1618,812,1076,1,173.0,34.6,59.21
1619,812,196,1,74.0,7.4,31.52
1620,813,497,2,137.0,0.0,64.04
1621,814,771,2,58.0,0.0,28.97
1622,815,251,1,58.0,5.8,20.87
1623,815,182,2,62.0,0.0,27.62
1624,815,757,2,48.0,0.0,16.9
1625,816,831,1,54.0,0.0,21.13
1626,816,866,1,105.0,0.0,52.62
1627,816,308,1,108.0,0.0,50.53
1628,817,732,2,52.0,10.4,20.13
1629,818,949,1,164.0,0.0,72.38
1630,819,263,1,59.0,0.0,25.45
1631,819,278,1,77.0,0.0,38.83
1632,820,193,1,70.0,0.0,29.45
1633,821,902,2,77.0,23.1,27.61
1634,821,889,2,104.0,20.8,48.59
1635,821,532,1,143.0,7.15,65.15
1636,821,725,2,66.0,0.0,25.45
1637,822,558,1,119.0,0.0,57.33
1638,822,691,1,63.0,0.0,24.53
1639,822,614,2,55.0,11.0,21.97
1640,823,746,1,64.0,0.0,24.06
1641,824,701,1,48.0,0.0,21.99
1642,825,892,1,94.0,0.0,35.12
1643,825,586,3,118.0,0.0,51.89
1644,826,813,2,50.0,0.0,21.97
1645,826,780,1,49.0,0.0,21.88
1646,827,374,1,127.0,0.0,54.41
1647,827,1074,1,197.0,0.0,77.33
1648,828,256,3,67.0,0.0,30.06
1649,829,649,2,51.0,0.0,18.15
1650,829,809,2,47.0,0.0,22.88
1651,830,46,2,122.0,0.0,43.3
1652,830,346,3,126.0,0.0,64.45
1653,830,493,1,123.0,0.0,55.7
1654,830,187,1,64.0,3.2,30.61
1655,831,533,2,148.0,0.0,61.29
1656,832,35,2,120.0,24.0,50.51
1657,833,662,3,63.0,37.8,26.2
1658,833,248,1,59.0,2.95,24.95
1659,833,619,2,49.0,0.0,21.79
1660,833,695,1,54.0,0.0,27.99
1661,834,770,1,51.0,0.0,24.97
1662,835,425,1,108.0,0.0,52.79
1663,836,911,3,80.0,0.0,29.85
1664,836,629,1,57.0,5.7,25.99
1665,836,994,3,181.0,81.45,67.47
1666,836,899,1,108.0,0.0,53.07
1667,837,72,2,128.0,0.0,54.78
1668,837,174,1,107.0,0.0,49.62
1669,837,415,2,109.0,0.0,44.53
1670,837,344,1,103.0,0.0,40.28
1671,838,488,2,115.0,0.0,52.16
1672,839,1043,1,197.0,0.0,76.93
1673,840,1013,1,168.0,16.8,77.95
1674,840,47,2,113.0,0.0,57.5
1675,840,1031,2,209.0,20.9,89.55
1676,840,584,2,116.0,0.0,43.96
1677,841,27,2,110.0,0.0,53.52
1678,842,487,1,138.0,0.0,57.56
1679,842,696,2,48.0,0.0,20.91
1680,842,491,2,123.0,0.0,58.13
1681,842,1003,2,174.0,0.0,67.23
1682,843,689,1,57.0,2.85,19.52
1683,844,444,1,125.0,6.25,50.98
1684,845,563,1,138.0,0.0,56.77
1685,846,987,2,227.0,0.0,96.02
1686,846,71,1,111.0,0.0,56.27
1687,847,32,2,109.0,0.0,38.78
1688,847,255,2,75.0,22.5,28.93
1689,847,341,2,98.0,29.4,39.08
1690,848,1014,1,158.0,0.0,79.35
1691,848,948,2,71.0,0.0,32.88
1692,848,168,2,124.0,0.0,43.4
1693,849,823,1,46.0,0.0,20.77
1694,849,791,1,43.0,2.15,19.97
1695,849,838,2,48.0,9.6,21.68
1696,850,873,1,99.0,14.85,45.62
1697,850,534,1,145.0,21.75,55.72
1698,851,542,2,134.0,0.0,64.44
1699,851,555,1,145.0,0.0,74.99
1700,851,1034,1,171.0,0.0,58.97
1701,851,764,2,49.0,0.0,23.08
1702,852,168,2,124.0,0.0,43.4
1703,852,857,1,104.0,20.8,43.38
1704,853,553,2,135.0,0.0,58.61
1705,853,933,2,70.0,0.0,24.98
1706,853,310,1,108.0,0.0,41.48
1707,854,726,1,49.0,2.45,17.0
1708,854,219,3,71.0,0.0,29.35
1709,855,386,1,111.0,16.65,41.24
1710,856,28,1,98.0,0.0,34.91
1711,856,153,2,118.0,35.4,60.1
1712,856,948,2,71.0,0.0,32.88
1713,856,1039,2,216.0,0.0,73.58
1714,857,753,1,60.0,0.0,30.1
1715,858,486,2,137.0,27.4,66.86
1716,858,131,2,107.0,0.0,54.07
1717,858,577,1,138.0,0.0,66.16
1718,859,804,2,52.0,0.0,20.85
1719,860,502,1,112.0,0.0,47.12
1720,861,809,2,47.0,0.0,22.88
1721,862,561,1,145.0,0.0,64.01
1722,862,210,1,66.0,13.2,23.02
1723,862,188,1,65.0,0.0,32.74
1724,863,73,1,107.0,0.0,41.9
1725,864,478,2,105.0,0.0,41.76
1726,864,712,1,60.0,0.0,21.93
1727,865,982,2,211.0,0.0,74.19
1728,866,555,1,145.0,7.25,74.99
1729,866,146,3,120.0,0.0,61.97
1730,867,768,1,59.0,0.0,24.59
1731,867,378,2,132.0,0.0,45.71
1732,867,734,1,64.0,0.0,26.12
1733,868,375,1,108.0,0.0,53.81
1734,868,491,3,123.0,0.0,58.13
1735,869,607,1,59.0,0.0,26.85
1736,870,580,1,114.0,0.0,42.24
1737,871,75,3,124.0,0.0,45.29
1738,871,873,2,99.0,9.9,45.62
1739,872,40,1,116.0,23.2,53.01
1740,872,1007,2,149.0,59.6,58.75
1741,872,260,1,58.0,0.0,23.34
1742,873,760,1,58.0,0.0,25.78
1743,873,224,3,66.0,9.9,33.84
1744,873,800,2,46.0,0.0,20.81
1745,873,575,1,115.0,0.0,40.58
1746,874,703,1,58.0,0.0,20.74
1747,874,109,1,99.0,0.0,46.04
1748,875,456,2,119.0,0.0,60.08
1749,876,18,1,119.0,0.0,57.18
1750,877,43,1,116.0,0.0,43.0
1751,877,262,1,62.0,0.0,22.68
1752,878,461,3,138.0,0.0,67.84
1753,878,723,1,67.0,0.0,26.58
1754,878,1045,2,202.0,0.0,75.76
1755,878,361,1,116.0,0.0,43.46
1756,879,304,2,129.0,0.0,61.79
1757,879,630,2,64.0,0.0,31.1
1758,879,652,3,65.0,0.0,28.18
1759,879,533,1,148.0,0.0,61.29
1760,880,172,2,116.0,11.6,41.94
1761,881,250,1,77.0,0.0,26.31
1762,881,671,3,52.0,0.0,26.53
1763,881,540,1,124.0,0.0,47.18
1764,882,221,1,68.0,0.0,24.76
1765,882,819,1,43.0,4.3,16.42
1766,882,215,1,74.0,3.7,29.14
1767,882,1010,2,213.0,42.6,82.88
1768,883,1007,3,149.0,0.0,58.75
1769,883,852,2,115.0,0.0,57.26
1770,883,857,2,104.0,0.0,43.38
1771,884,146,2,120.0,0.0,61.97
1772,884,829,1,49.0,4.9,19.48
1773,884,385,1,124.0,0.0,44.81
1774,885,318,1,122.0,18.3,51.69
1775,885,273,1,73.0,0.0,30.33
1776,885,720,1,55.0,5.5,23.08
1777,885,111,3,117.0,0.0,41.56
1778,886,368,1,98.0,0.0,50.95
1779,887,364,1,122.0,0.0,47.42
1780,888,50,1,123.0,0.0,61.66
1781,889,183,2,58.0,5.8,22.26
1782,889,721,2,66.0,19.8,28.17
1783,890,711,1,62.0,0.0,29.84
1784,891,3,1,111.0,0.0,45.15
1785,892,660,2,48.0,0.0,18.47
1786,893,1009,2,186.0,0.0,68.58
1787,893,765,2,63.0,6.3,22.17
1788,893,982,1,211.0,0.0,74.19
1789,893,1087,1,151.0,0.0,60.28
1790,894,875,2,89.0,0.0,46.07
1791,895,392,3,128.0,0.0,62.61
1792,896,9,1,99.0,0.0,36.41
1793,897,297,3,60.0,0.0,28.66
1794,897,625,1,63.0,0.0,28.22
1795,898,278,3,77.0,11.55,38.83
1796,898,98,3,115.0,0.0,52.4
1797,899,1013,1,168.0,0.0,77.95
1798,899,641,2,49.0,0.0,23.1
1799,899,603,1,67.0,0.0,28.81
1800,899,1060,1,196.0,9.8,89.28
1801,900,824,1,50.0,0.0,17.15
1802,900,61,2,125.0,0.0,59.3
1803,901,457,2,114.0,0.0,47.89
1804,902,635,3,67.0,0.0,23.0
1805,902,407,3,136.0,81.6,51.27
1806,903,290,1,64.0,0.0,29.65
1807,904,1008,1,178.0,8.9,81.55
1808,904,211,1,60.0,0.0,29.67
1809,905,731,3,55.0,0.0,21.22
1810,905,413,1,101.0,0.0,49.0
1811,906,152,2,107.0,0.0,47.51
1812,906,877,1,117.0,0.0,58.12
1813,906,496,1,124.0,0.0,53.98
1814,906,1037,2,194.0,58.2,92.55
1815,907,257,1,65.0,0.0,31.61
1816,907,766,1,65.0,6.5,23.14
1817,908,891,1,111.0,0.0,44.94
1818,908,680,1,58.0,0.0,23.36
1819,909,746,2,64.0,0.0,24.06
1820,910,158,1,104.0,0.0,46.37
1821,910,1101,1,51.0,0.0,22.08
1822,911,652,1,65.0,3.25,28.18
1823,911,741,2,63.0,0.0,30.97
1824,912,788,2,58.0,0.0,20.42
1825,912,550,3,117.0,0.0,50.37
1826,913,872,3,90.0,0.0,35.22
1827,913,336,1,114.0,0.0,50.29
1828,913,137,1,104.0,0.0,52.41
1829,913,240,3,59.0,0.0,27.47
1830,914,802,1,43.0,0.0,19.2
1831,915,969,3,214.0,96.3,84.68
1832,915,300,1,77.0,0.0,33.84
1833,916,490,2,136.0,0.0,56.65
1834,916,342,2,129.0,0.0,63.84
1835,916,202,1,71.0,7.1,25.72
1836,917,356,2,116.0,0.0,44.46
1837,917,496,2,124.0,0.0,53.98
1838,917,187,1,64.0,0.0,30.61
1839,918,1083,1,175.0,0.0,85.39
1840,918,472,1,106.0,5.3,46.89
1841,918,457,1,114.0,0.0,47.89
1842,919,146,1,120.0,0.0,61.97
1843,920,413,1,101.0,0.0,49.0
1844,921,212,1,77.0,0.0,35.57
1845,921,115,2,99.0,0.0,44.64
1846,921,763,2,59.0,5.9,20.79
1847,921,236,3,58.0,26.1,29.74
1848,922,375,3,108.0,0.0,53.81
1849,922,605,2,54.0,0.0,20.79
1850,923,852,1,115.0,0.0,57.26
1851,924,874,1,103.0,0.0,52.61
1852,925,811,1,52.0,10.4,26.66
1853,926,639,2,60.0,0.0,27.04
1854,926,674,3,68.0,20.4,29.3
1855,926,130,1,107.0,0.0,45.21
1856,926,122,2,107.0,0.0,39.42
1857,927,866,2,105.0,21.0,52.62
1858,928,725,1,66.0,3.3,25.45
1859,928,447,2,112.0,22.4,40.03
1860,929,515,2,110.0,0.0,57.1
1861,930,561,3,145.0,43.5,64.01
1862,930,279,2,65.0,0.0,30.68
1863,930,709,1,49.0,0.0,19.76
1864,930,1034,2,171.0,17.1,58.97
1865,931,820,1,44.0,0.0,16.76
1866,932,23,2,111.0,0.0,42.03
1867,933,60,1,125.0,12.5,62.6
1868,933,151,2,115.0,0.0,42.1
1869,933,80,1,121.0,0.0,60.04
1870,933,972,3,215.0,0.0,96.09
1871,934,28,3,98.0,0.0,34.91
1872,934,912,1,68.0,0.0,33.81
1873,935,323,1,123.0,6.15,58.44
1874,936,817,1,57.0,0.0,24.84
1875,937,824,2,50.0,0.0,17.15
1876,937,470,1,136.0,0.0,70.16
1877,938,139,1,116.0,0.0,56.17
1878,938,635,1,67.0,0.0,23.0
1879,939,651,1,63.0,9.45,24.65
1880,940,950,1,202.0,0.0,85.83
1881,941,602,1,56.0,0.0,26.7
1882,941,477,1,113.0,0.0,54.1
1883,942,268,1,60.0,6.0,27.57
1884,943,248,1,59.0,0.0,24.95
1885,943,807,1,45.0,0.0,18.32
1886,944,975,1,208.0,0.0,81.69
1887,945,578,2,124.0,0.0,56.41
1888,945,646,3,66.0,0.0,26.93
1889,946,716,1,55.0,0.0,26.78
1890,946,655,1,50.0,2.5,18.37
1891,947,40,1,116.0,0.0,53.01
1892,947,534,1,145.0,29.0,55.72
1893,947,844,1,116.0,0.0,41.29
1894,947,813,3,50.0,0.0,21.97
1895,948,422,2,112.0,44.8,45.71
1896,948,422,1,112.0,0.0,45.71
1897,949,15,2,122.0,12.2,49.99
1898,950,491,1,123.0,0.0,58.13
1899,951,123,3,127.0,19.05,53.19
1900,951,641,1,49.0,0.0,23.1
1901,951,54,2,105.0,42.0,36.41
1902,952,297,1,60.0,9.0,28.66
1903,952,640,1,60.0,0.0,22.06
1904,952,331,1,112.0,5.6,41.65
1905,953,103,1,108.0,10.8,43.84
1906,953,50,2,123.0,0.0,61.66
1907,954,17,3,98.0,0.0,47.2
1908,954,857,2,104.0,0.0,43.38
1909,954,873,1,99.0,4.95,45.62
1910,955,107,2,113.0,33.9,54.78
1911,955,619,2,49.0,0.0,21.79
1912,955,299,1,65.0,0.0,22.94
1913,956,609,2,65.0,0.0,25.65
1914,956,16,1,119.0,0.0,43.45
1915,957,7,1,108.0,0.0,55.59
1916,958,901,2,79.0,0.0,30.55
1917,958,9,2,99.0,0.0,36.41
1918,959,850,1,111.0,0.0,43.16
1919,960,1028,1,162.0,0.0,83.79
1920,961,829,3,49.0,0.0,19.48
1921,962,261,1,75.0,0.0,37.52
1922,962,388,2,138.0,0.0,58.07
1923,963,74,3,113.0,0.0,49.71
1924,963,261,3,75.0,0.0,37.52
1925,964,220,1,60.0,0.0,31.17
1926,965,336,3,114.0,0.0,50.29
1927,966,332,1,132.0,6.6,45.84
1928,967,134,2,128.0,0.0,58.86
1929,968,566,2,120.0,24.0,52.28
1930,969,742,2,48.0,0.0,21.13
1931,969,630,1,64.0,3.2,31.1
1932,970,905,1,77.0,0.0,37.77
1933,971,514,1,148.0,0.0,56.32
1934,972,717,2,58.0,0.0,22.42
1935,973,234,1,69.0,0.0,24.73
1936,973,936,1,82.0,0.0,30.04
1937,974,354,3,132.0,39.6,68.12
1938,975,852,2,115.0,34.5,57.26
1939,975,1007,1,149.0,0.0,58.75
1940,976,478,2,105.0,31.5,41.76
1941,976,927,1,83.0,4.15,35.06
1942,976,714,2,54.0,0.0,27.4
1943,976,913,1,76.0,0.0,26.23
1944,977,533,2,148.0,0.0,61.29
1945,977,282,1,67.0,0.0,33.68
1946,977,358,3,114.0,0.0,43.25
1947,978,563,1,138.0,0.0,56.77
1948,978,332,3,132.0,0.0,45.84
1949,979,60,1,125.0,0.0,62.6
1950,980,367,1,107.0,0.0,49.6
1951,980,603,1,67.0,0.0,28.81
1952,981,179,2,102.0,0.0,42.91
1953,981,41,1,110.0,0.0,38.22
1954,982,658,2,53.0,0.0,18.33
1955,983,779,1,68.0,0.0,23.67
1956,983,212,1,77.0,3.85,35.57
1957,983,616,2,52.0,5.2,24.79
1958,984,285,1,78.0,0.0,36.62
1959,984,285,3,78.0,0.0,36.62
1960,984,922,2,73.0,0.0,27.57
1961,985,701,3,48.0,0.0,21.99
1962,985,830,1,51.0,0.0,21.92
1963,986,909,1,68.0,10.2,23.87
1964,987,361,2,116.0,0.0,43.46
1965,988,646,3,66.0,19.8,26.93
1966,988,967,2,167.0,0.0,58.6
1967,989,661,1,52.0,0.0,17.88
1968,990,263,3,59.0,8.85,25.45
1969,990,634,1,65.0,0.0,32.93
1970,991,126,1,128.0,0.0,60.06
1971,991,299,1,65.0,9.75,22.94
1972,992,769,3,58.0,0.0,24.95
1973,993,12,1,102.0,0.0,43.41
1974,993,525,1,118.0,5.9,56.6
1975,993,175,1,110.0,0.0,50.09
1976,993,691,2,63.0,25.2,24.53
1977,994,50,1,123.0,0.0,61.66
1978,994,79,1,105.0,5.25,40.1
1979,994,181,1,77.0,0.0,29.41
1980,994,389,3,105.0,0.0,54.14
1981,995,512,3,131.0,0.0,56.2
1982,996,666,1,68.0,0.0,23.64
1983,996,83,2,114.0,11.4,43.62
1984,997,599,2,132.0,0.0,55.14
1985,998,884,1,99.0,0.0,40.97
1986,998,764,1,49.0,7.35,23.08
1987,999,28,1,98.0,14.7,34.91
1988,999,903,1,72.0,3.6,27.29
1989,999,39,2,120.0,0.0,50.13
1990,1000,92,1,114.0,0.0,42.48
1991,1000,96,1,110.0,0.0,39.36
1992,1000,315,1,137.0,6.85,50.61
1993,1001,761,1,65.0,9.75,23.72
1994,1001,918,2,77.0,7.7,32.59
1995,1001,569,1,123.0,0.0,53.59
1996,1002,359,3,133.0,0.0,49.23
1997,1002,231,1,74.0,0.0,31.0
1998,1002,879,2,105.0,0.0,44.55
1999,1002,862,1,100.0,0.0,42.15
2000,1003,297,1,60.0,9.0,28.66
2001,1003,379,1,128.0,0.0,47.39
2002,1003,224,1,66.0,0.0,33.84
2003,1003,209,2,71.0,0.0,35.2
2004,1004,904,1,73.0,0.0,31.9
2005,1004,226,1,62.0,0.0,24.71
2006,1005,969,2,214.0,0.0,84.68
2007,1005,69,2,121.0,24.2,45.49
2008,1005,650,1,55.0,0.0,19.41
2009,1006,1075,1,207.0,0.0,74.17
2010,1007,986,1,209.0,31.35,87.89
2011,1008,395,2,108.0,21.6,52.79
2012,1009,879,2,105.0,10.5,44.55
2013,1010,1063,1,201.0,0.0,69.56
2014,1010,469,2,138.0,0.0,52.35
2015,1010,867,1,110.0,11.0,46.65
2016,1010,142,2,123.0,0.0,42.71
2017,1011,73,1,107.0,0.0,41.9
2018,1012,487,1,138.0,0.0,57.56
2019,1013,73,3,107.0,0.0,41.9
2020,1014,105,2,122.0,0.0,61.6
2021,1014,993,1,219.0,21.9,89.2
2022,1014,201,1,61.0,9.15,28.8
2023,1015,684,1,59.0,0.0,22.59
2024,1016,829,3,49.0,0.0,19.48
2025,1017,384,2,110.0,0.0,41.74
2026,1017,113,1,110.0,0.0,52.9
2027,1018,715,2,55.0,0.0,25.84
2028,1018,842,1,100.0,0.0,47.82
2029,1018,951,1,154.0,23.1,59.14
2030,1019,2,1,121.0,0.0,58.26
2031,1019,706,1,49.0,0.0,19.04
2032,1020,173,1,127.0,0.0,65.94
2033,1020,479,2,125.0,0.0,52.28
2034,1020,169,2,108.0,0.0,40.08
2035,1020,947,2,86.0,0.0,39.68
2036,1021,523,3,117.0,0.0,45.6
2037,1022,842,1,100.0,0.0,47.82
2038,1023,525,1,118.0,0.0,56.6
2039,1023,835,2,47.0,0.0,16.33
2040,1024,196,2,74.0,0.0,31.52
2041,1024,209,2,71.0,0.0,35.2
2042,1025,1007,2,149.0,59.6,58.75
2043,1026,890,2,90.0,0.0,44.28
2044,1027,675,1,51.0,0.0,19.91
2045,1027,422,1,112.0,0.0,45.71
2046,1028,189,3,60.0,36.0,24.08
2047,1028,624,3,51.0,0.0,19.2
2048,1028,856,3,103.0,0.0,51.48
2049,1029,418,1,99.0,0.0,40.05
2050,1029,679,3,57.0,17.1,26.3
2051,1030,730,1,59.0,0.0,23.21
2052,1030,729,1,50.0,0.0,19.88
2053,1030,622,2,64.0,6.4,32.05
2054,1030,398,1,132.0,0.0,44.91
2055,1031,466,2,101.0,0.0,35.75
2056,1032,840,1,48.0,0.0,23.54
2057,1032,729,2,50.0,0.0,19.88
2058,1033,581,1,140.0,14.0,51.47
2059,1034,652,3,65.0,0.0,28.18
2060,1035,689,3,57.0,25.65,19.52
2061,1035,239,1,59.0,0.0,21.25
2062,1036,1103,1,58.0,2.9,25.06
2063,1036,445,1,99.0,0.0,41.89
2064,1036,278,1,77.0,11.55,38.83
2065,1037,577,1,138.0,13.8,66.16
2066,1038,365,2,107.0,0.0,38.53
2067,1038,103,2,108.0,43.2,43.84
2068,1038,772,1,62.0,0.0,24.02
2069,1039,115,2,99.0,0.0,44.64
2070,1040,518,1,125.0,0.0,55.03
2071,1041,717,1,58.0,0.0,22.42
2072,1041,861,2,90.0,0.0,37.41
2073,1041,745,1,52.0,0.0,18.56
2074,1041,829,1,49.0,0.0,19.48
2075,1042,957,1,175.0,17.5,64.45
2076,1042,660,1,48.0,0.0,18.47
2077,1042,862,1,100.0,0.0,42.15
2078,1043,129,3,98.0,0.0,41.33
2079,1044,569,1,123.0,0.0,53.59
2080,1044,781,2,58.0,0.0,21.7
2081,1045,752,1,54.0,10.8,23.43
2082,1046,378,2,132.0,26.4,45.71
2083,1046,329,1,127.0,0.0,53.72
2084,1047,291,1,58.0,0.0,22.26
2085,1048,692,3,55.0,24.75,20.61
2086,1049,88,2,112.0,0.0,38.51
2087,1049,980,1,173.0,0.0,63.22
2088,1050,105,2,122.0,0.0,61.6
2089,1050,861,2,90.0,0.0,37.41
2090,1050,236,3,58.0,0.0,29.74
2091,1050,703,1,58.0,0.0,20.74
2092,1051,201,1,61.0,0.0,28.8
2093,1052,1095,2,19.0,0.0,9.42
2094,1052,6,1,123.0,0.0,55.81
2095,1052,890,2,90.0,0.0,44.28
2096,1053,308,1,108.0,0.0,50.53
2097,1054,844,2,116.0,46.4,41.29
2098,1054,492,1,129.0,19.35,61.16
2099,1054,976,1,209.0,10.45,97.33
2100,1055,112,1,120.0,6.0,61.51
2101,1056,7,1,108.0,16.2,55.59
2102,1056,105,1,122.0,0.0,61.6
2103,1057,631,1,50.0,0.0,21.28
2104,1058,406,3,108.0,0.0,43.67
2105,1059,136,1,105.0,0.0,38.4
2106,1059,827,3,42.0,0.0,16.85
2107,1060,594,1,146.0,0.0,63.53
2108,1061,712,3,60.0,0.0,21.93
2109,1061,729,3,50.0,30.0,19.88
2110,1061,799,1,47.0,9.4,22.07
2111,1061,782,2,48.0,0.0,21.47
2112,1062,712,3,60.0,0.0,21.93
2113,1063,15,2,122.0,0.0,49.99
2114,1064,401,1,132.0,0.0,46.29
2115,1065,380,1,100.0,0.0,48.82
2116,1065,315,2,137.0,0.0,50.61
2117,1065,680,1,58.0,2.9,23.36
2118,1065,576,1,111.0,0.0,40.39
2119,1066,283,2,76.0,0.0,27.21
2120,1067,324,3,106.0,0.0,53.67
2121,1068,361,3,116.0,0.0,43.46
2122,1069,657,1,57.0,0.0,23.63
2123,1070,162,3,107.0,16.05,51.55
2124,1070,312,1,119.0,0.0,50.97
2125,1070,219,1,71.0,0.0,29.35
2126,1070,406,2,108.0,0.0,43.67
2127,1071,613,2,61.0,0.0,25.22
2128,1071,226,2,62.0,6.2,24.71
2129,1071,914,3,78.0,11.7,34.9
2130,1072,793,1,56.0,0.0,22.29
2131,1073,241,1,64.0,0.0,26.3
2132,1074,85,2,112.0,0.0,41.03
2133,1074,311,1,136.0,0.0,67.98
2134,1075,396,1,104.0,0.0,40.43
2135,1075,718,2,55.0,16.5,27.98
2136,1076,639,1,60.0,6.0,27.04
2137,1076,839,1,55.0,0.0,19.91
2138,1076,902,2,77.0,0.0,27.61
2139,1076,891,1,111.0,0.0,44.94
2140,1077,300,1,77.0,15.4,33.84
2141,1078,214,2,63.0,0.0,31.09
2142,1078,428,2,121.0,0.0,41.24
2143,1079,293,1,68.0,0.0,25.39
2144,1080,889,1,104.0,0.0,48.59
2145,1081,309,1,133.0,0.0,53.34
2146,1082,588,3,121.0,0.0,55.84
2147,1083,268,1,60.0,0.0,27.57
2148,1084,227,1,69.0,0.0,32.68
2149,1084,631,1,50.0,0.0,21.28
2150,1084,30,1,102.0,0.0,47.46
2151,1085,415,3,109.0,0.0,44.53
2152,1086,274,1,77.0,0.0,37.21
2153,1086,27,3,110.0,0.0,53.52
2154,1087,321,1,104.0,0.0,52.59
2155,1088,214,1,63.0,0.0,31.09
2156,1089,122,1,107.0,0.0,39.42
2157,1089,560,1,139.0,0.0,55.69
2158,1089,910,1,80.0,0.0,30.72
2159,1089,595,1,148.0,7.4,52.23
2160,1090,346,1,126.0,0.0,64.45
2161,1091,917,1,85.0,0.0,40.17
2162,1092,380,2,100.0,10.0,48.82
2163,1092,216,2,67.0,0.0,26.09
2164,1092,186,1,73.0,0.0,29.27
2165,1093,856,2,103.0,30.9,51.48
2166,1093,715,1,55.0,0.0,25.84
2167,1094,857,2,104.0,0.0,43.38
2168,1094,90,3,113.0,0.0,46.43
2169,1094,913,1,76.0,0.0,26.23
2170,1094,128,1,101.0,10.1,45.03
2171,1095,893,1,89.0,0.0,33.87
2172,1096,465,3,113.0,0.0,45.77
2173,1096,983,2,166.0,0.0,85.88
2174,1096,805,1,56.0,0.0,26.33
2175,1096,269,1,61.0,3.05,27.28
2176,1097,32,1,109.0,0.0,38.78
2177,1098,392,1,128.0,0.0,62.61
2178,1098,883,2,105.0,0.0,45.38
2179,1099,15,2,122.0,0.0,49.99
2180,1099,864,1,111.0,0.0,54.54
2181,1100,113,1,110.0,0.0,52.9
2182,1100,554,1,140.0,0.0,71.81
2183,1101,877,2,117.0,0.0,58.12
2184,1102,342,3,129.0,0.0,63.84
2185,1103,465,1,113.0,0.0,45.77
2186,1103,477,2,113.0,45.2,54.1
2187,1103,635,1,67.0,0.0,23.0
2188,1103,1009,1,186.0,0.0,68.58
2189,1104,823,2,46.0,0.0,20.77
2190,1105,709,2,49.0,4.9,19.76
2191,1105,70,1,98.0,0.0,46.36
2192,1106,611,3,64.0,0.0,24.86
2193,1107,611,3,64.0,0.0,24.86
2194,1108,181,1,77.0,7.7,29.41
2195,1109,136,3,105.0,0.0,38.4
2196,1110,948,1,71.0,0.0,32.88
2197,1110,653,3,57.0,0.0,29.16
2198,1110,408,1,99.0,0.0,35.44
2199,1110,307,1,105.0,0.0,43.52
2200,1111,77,1,120.0,6.0,50.9
2201,1111,300,1,77.0,0.0,33.84
2202,1112,537,3,119.0,0.0,57.51
2203,1112,642,3,57.0,0.0,24.61
2204,1113,1099,1,56.0,11.2,19.79
2205,1114,1013,1,168.0,0.0,77.95
2206,1114,859,1,110.0,11.0,52.45
2207,1114,367,1,107.0,0.0,49.6
2208,1114,749,1,63.0,0.0,21.91
2209,1115,610,1,68.0,3.4,35.18
2210,1115,1054,3,187.0,0.0,64.84
2211,1116,540,1,124.0,0.0,47.18
2212,1116,69,3,121.0,36.3,45.49
2213,1117,59,2,128.0,0.0,64.06
2214,1117,72,1,128.0,0.0,54.78
2215,1117,737,2,62.0,0.0,32.09
2216,1117,835,1,47.0,2.35,16.33
2217,1118,239,1,59.0,0.0,21.25
2218,1119,53,1,121.0,6.05,43.49
2219,1119,875,1,89.0,0.0,46.07
2220,1119,450,1,124.0,0.0,51.74
2221,1120,130,3,107.0,0.0,45.21
2222,1121,508,3,110.0,0.0,47.26
2223,1121,624,2,51.0,0.0,19.2
2224,1122,31,1,109.0,10.9,42.98
2225,1123,954,1,174.0,0.0,84.16
2226,1123,212,3,77.0,0.0,35.57
2227,1123,76,1,98.0,0.0,43.83
2228,1123,322,1,100.0,0.0,40.16
2229,1124,231,1,74.0,0.0,31.0
2230,1125,313,1,119.0,0.0,49.77
2231,1125,851,1,94.0,0.0,46.53
2232,1126,486,1,137.0,0.0,66.86
2233,1126,334,2,119.0,0.0,54.6
2234,1126,644,1,51.0,5.1,19.36
2235,1126,850,1,111.0,0.0,43.16
2236,1127,824,2,50.0,0.0,17.15
2237,1127,532,1,143.0,21.45,65.15
2238,1128,694,1,54.0,0.0,18.6
2239,1128,39,1,120.0,0.0,50.13
2240,1128,959,1,226.0,0.0,80.94
2241,1129,214,1,63.0,0.0,31.09
2242,1129,493,2,123.0,12.3,55.7
2243,1130,3,2,111.0,0.0,45.15
2244,1130,394,1,113.0,0.0,43.71
2245,1130,189,1,60.0,0.0,24.08
2246,1130,484,2,137.0,27.4,47.83
2247,1131,620,1,65.0,9.75,23.92
2248,1131,544,2,117.0,0.0,40.84
2249,1131,766,2,65.0,0.0,23.14
2250,1132,314,1,103.0,0.0,52.67
2251,1132,603,2,67.0,0.0,28.81
2252,1132,595,3,148.0,0.0,52.23
2253,1133,228,1,71.0,7.1,27.97
2254,1133,463,3,120.0,0.0,60.22
2255,1133,465,1,113.0,0.0,45.77
2256,1133,889,1,104.0,0.0,48.59
2257,1134,872,1,90.0,0.0,35.22
2258,1135,301,1,104.0,20.8,40.1
2259,1136,413,2,101.0,0.0,49.0
2260,1136,180,1,100.0,10.0,47.6
2261,1136,959,1,226.0,0.0,80.94
2262,1137,429,2,125.0,0.0,55.16
2263,1138,725,2,66.0,0.0,25.45
2264,1138,301,1,104.0,0.0,40.1
2265,1138,539,2,118.0,0.0,42.99
2266,1139,617,2,48.0,0.0,19.05
2267,1139,1040,1,165.0,0.0,58.93
2268,1140,276,1,71.0,0.0,32.86
2269,1140,165,2,126.0,0.0,54.26
2270,1140,307,1,105.0,0.0,43.52
2271,1141,47,1,113.0,5.65,57.5
2272,1141,1038,2,213.0,0.0,97.32
2273,1142,445,1,99.0,0.0,41.89
2274,1142,118,1,114.0,22.8,51.06
2275,1142,843,1,108.0,0.0,39.14
2276,1143,1012,2,153.0,0.0,57.34
2277,1143,892,2,94.0,0.0,35.12
2278,1143,100,1,127.0,0.0,53.76
2279,1144,566,1,120.0,6.0,52.28
2280,1144,619,3,49.0,0.0,21.79
2281,1144,328,1,114.0,0.0,57.68
2282,1145,890,2,90.0,0.0,44.28
2283,1146,346,3,126.0,37.8,64.45
2284,1147,302,1,132.0,0.0,58.76
2285,1148,534,1,145.0,0.0,55.72
2286,1149,1013,1,168.0,16.8,77.95
2287,1149,770,1,51.0,0.0,24.97
2288,1150,428,1,121.0,0.0,41.24
2289,1151,792,1,46.0,6.9,22.5
2290,1151,11,3,109.0,0.0,46.27
2291,1151,316,1,106.0,0.0,40.87
2292,1151,693,1,56.0,2.8,22.46
2293,1152,612,1,59.0,0.0,26.02
2294,1152,99,1,120.0,0.0,52.38
2295,1152,610,1,68.0,10.2,35.18
2296,1153,868,3,105.0,47.25,43.23
2297,1153,731,3,55.0,0.0,21.22
2298,1154,615,1,51.0,0.0,25.15
2299,1154,708,1,49.0,0.0,18.93
2300,1155,338,1,124.0,0.0,49.8
2301,1155,697,3,48.0,0.0,22.93
2302,1156,365,1,107.0,0.0,38.53
2303,1156,84,1,124.0,0.0,44.51
2304,1156,678,3,56.0,0.0,21.06
2305,1157,758,1,49.0,9.8,18.98
2306,1158,494,2,117.0,0.0,45.52
2307,1158,544,1,117.0,0.0,40.84
2308,1159,738,2,49.0,9.8,21.62
2309,1160,313,1,119.0,0.0,49.77
2310,1160,284,1,67.0,0.0,23.06
2311,1160,464,2,126.0,37.8,53.79
2312,1160,1012,2,153.0,0.0,57.34
2313,1161,24,1,124.0,6.2,47.38
2314,1161,174,2,107.0,0.0,49.62
2315,1162,257,1,65.0,9.75,31.61
2316,1163,121,2,121.0,0.0,47.03
2317,1163,594,1,146.0,7.3,63.53
2318,1163,91,1,128.0,19.2,63.68
2319,1164,224,2,66.0,26.4,33.84
2320,1165,675,1,51.0,5.1,19.91
2321,1166,352,1,118.0,0.0,53.55
2322,1167,147,3,99.0,59.4,44.64
2323,1167,310,3,108.0,0.0,41.48
2324,1167,463,1,120.0,12.0,60.22
2325,1168,20,1,118.0,23.6,50.13
2326,1168,107,2,113.0,0.0,54.78
2327,1168,331,1,112.0,0.0,41.65
2328,1169,913,1,76.0,0.0,26.23
2329,1169,68,1,128.0,0.0,55.19
2330,1170,932,3,73.0,0.0,26.38
2331,1171,668,2,49.0,9.8,16.8
2332,1172,350,1,123.0,0.0,51.65
2333,1173,393,2,117.0,0.0,40.82
2334,1173,693,1,56.0,0.0,22.46
2335,1173,76,1,98.0,9.8,43.83
2336,1174,25,3,106.0,0.0,41.64
2337,1175,899,2,108.0,10.8,53.07
2338,1176,41,1,110.0,0.0,38.22
2339,1177,898,3,90.0,0.0,45.91
2340,1177,426,2,122.0,0.0,56.17
2341,1178,507,1,143.0,14.3,54.69
2342,1178,929,1,76.0,15.2,27.53
2343,1178,325,2,124.0,0.0,42.21
2344,1179,673,2,48.0,19.2,20.66
2345,1180,729,3,50.0,0.0,19.88
2346,1181,1023,1,217.0,0.0,109.56
2347,1182,419,1,116.0,23.2,52.66
2348,1182,714,1,54.0,0.0,27.4
2349,1183,808,2,50.0,0.0,19.11
2350,1183,110,1,126.0,0.0,56.77
2351,1183,1079,1,189.0,0.0,71.85
2352,1184,296,2,72.0,0.0,25.91
2353,1185,198,2,71.0,0.0,35.22
2354,1186,1025,1,152.0,0.0,68.12
2355,1187,18,2,119.0,0.0,57.18
2356,1187,306,1,102.0,5.1,39.54
2357,1188,732,3,52.0,0.0,20.13
2358,1188,751,1,57.0,11.4,24.37
2359,1189,138,2,99.0,0.0,33.76
2360,1189,719,1,53.0,0.0,21.1
2361,1189,54,3,105.0,0.0,36.41
2362,1189,77,1,120.0,0.0,50.9
2363,1190,891,1,111.0,0.0,44.94
2364,1190,351,1,133.0,0.0,52.93
2365,1191,365,1,107.0,0.0,38.53
2366,1192,340,1,125.0,0.0,57.25
2367,1193,233,2,76.0,0.0,36.61
2368,1193,1058,2,166.0,0.0,62.08
2369,1193,1026,2,166.0,66.4,62.07
2370,1193,109,1,99.0,4.95,46.04
2371,1194,774,1,54.0,0.0,21.33
2372,1194,360,2,111.0,0.0,53.67
2373,1194,947,1,86.0,0.0,39.68
2374,1194,658,1,53.0,0.0,18.33
2375,1195,870,1,112.0,0.0,53.11
2376,1195,122,2,107.0,10.7,39.42
2377,1196,524,1,118.0,0.0,49.25
2378,1196,854,2,101.0,10.1,44.53
2379,1196,610,3,68.0,0.0,35.18
2380,1196,843,3,108.0,16.2,39.14
2381,1197,1091,2,173.0,0.0,69.11
2382,1197,27,2,110.0,0.0,53.52
2383,1198,536,2,116.0,0.0,43.31
2384,1198,553,1,135.0,0.0,58.61
2385,1198,161,2,119.0,0.0,54.34
2386,1199,622,1,64.0,0.0,32.05
2387,1200,292,1,67.0,3.35,33.41
2388,1200,383,1,106.0,15.9,50.36
2389,1200,1041,1,162.0,8.1,78.14
2390,1200,106,1,121.0,0.0,52.8
2391,1201,179,1,102.0,15.3,42.91
2392,1201,309,3,133.0,19.95,53.34
2393,1201,85,3,112.0,0.0,41.03
2394,1201,94,2,106.0,42.4,43.17
2395,1202,79,2,105.0,0.0,40.1
2396,1203,807,1,45.0,4.5,18.32
2397,1204,671,1,52.0,0.0,26.53
2398,1204,653,1,57.0,11.4,29.16
2399,1204,162,1,107.0,21.4,51.55
2400,1204,744,2,51.0,0.0,20.45
2401,1205,900,3,93.0,0.0,45.0
2402,1205,980,2,173.0,0.0,63.22
2403,1205,800,1,46.0,0.0,20.81
2404,1206,435,3,137.0,0.0,70.34
2405,1207,280,1,71.0,0.0,30.75
2406,1208,452,1,137.0,0.0,47.58
2407,1209,270,2,75.0,0.0,28.92
2408,1209,783,3,53.0,31.8,26.53
2409,1209,697,1,48.0,0.0,22.93
2410,1210,361,1,116.0,0.0,43.46
2411,1210,388,2,138.0,0.0,58.07
2412,1210,281,3,71.0,21.3,34.15
2413,1210,121,1,121.0,0.0,47.03
2414,1211,702,2,62.0,18.6,30.0
2415,1211,241,3,64.0,0.0,26.3
2416,1212,703,3,58.0,0.0,20.74
2417,1212,783,3,53.0,0.0,26.53
2418,1213,141,1,126.0,0.0,60.35
2419,1213,249,1,61.0,0.0,21.26
2420,1213,932,1,73.0,0.0,26.38
2421,1214,1049,1,176.0,0.0,70.04
2422,1215,183,1,58.0,0.0,22.26
2423,1215,878,1,108.0,21.6,44.26
2424,1215,596,2,135.0,0.0,68.3
2425,1215,668,1,49.0,7.35,16.8
2426,1216,1008,2,178.0,0.0,81.55
2427,1217,449,2,101.0,0.0,46.19
2428,1218,619,1,49.0,0.0,21.79
2429,1219,990,2,197.0,39.4,84.55
2430,1219,735,1,68.0,0.0,29.51
2431,1220,794,2,45.0,0.0,20.06
2432,1221,513,1,126.0,0.0,55.36
2433,1222,422,1,112.0,0.0,45.71
2434,1223,953,1,161.0,0.0,62.96
2435,1224,417,2,106.0,31.8,38.01
2436,1224,120,3,113.0,33.9,46.93
2437,1224,933,1,70.0,3.5,24.98
2438,1224,179,2,102.0,0.0,42.91
2439,1225,291,1,58.0,11.6,22.26
2440,1225,307,1,105.0,0.0,43.52
2441,1225,707,1,67.0,0.0,26.73
2442,1225,245,3,75.0,0.0,29.01
2443,1226,108,1,121.0,18.15,47.42
2444,1227,559,1,148.0,22.2,73.86
2445,1227,1020,1,159.0,0.0,59.32
2446,1227,368,1,98.0,0.0,50.95
2447,1227,1005,2,205.0,61.5,93.35
2448,1228,603,2,67.0,0.0,28.81
2449,1228,344,3,103.0,0.0,40.28
2450,1228,63,2,100.0,0.0,36.76
2451,1229,683,2,57.0,0.0,19.78
2452,1230,992,3,196.0,0.0,82.23
2453,1230,292,2,67.0,0.0,33.41
2454,1231,888,1,96.0,14.4,40.59
2455,1231,425,2,108.0,32.4,52.79
2456,1232,258,2,74.0,0.0,33.16
2457,1232,560,1,139.0,0.0,55.69
2458,1232,1033,1,159.0,7.95,58.16
2459,1233,840,3,48.0,7.2,23.54
2460,1234,874,2,103.0,0.0,52.61
2461,1235,1,1,119.0,0.0,42.48
2462,1235,714,1,54.0,0.0,27.4
2463,1235,421,2,125.0,0.0,54.97
2464,1235,347,2,108.0,21.6,48.88
2465,1236,471,2,100.0,0.0,36.76
2466,1236,90,3,113.0,16.95,46.43
2467,1236,80,1,121.0,0.0,60.04
2468,1236,490,1,136.0,0.0,56.65
2469,1237,867,2,110.0,0.0,46.65
2470,1237,155,2,101.0,10.1,36.78
2471,1238,894,1,113.0,5.65,40.06
2472,1238,379,1,128.0,0.0,47.39
2473,1239,1006,1,194.0,0.0,88.53
2474,1240,41,1,110.0,0.0,38.22
2475,1241,421,1,125.0,18.75,54.97
2476,1242,133,1,106.0,0.0,52.01
2477,1242,944,1,71.0,0.0,29.97
2478,1243,294,1,59.0,2.95,22.82
2479,1243,605,2,54.0,10.8,20.79
2480,1243,254,1,71.0,0.0,26.22
2481,1244,78,2,124.0,0.0,44.6
2482,1245,718,3,55.0,24.75,27.98
2483,1245,181,1,77.0,0.0,29.41
2484,1245,741,3,63.0,0.0,30.97
2485,1246,991,1,160.0,0.0,60.61
2486,1247,819,2,43.0,4.3,16.42
2487,1247,352,1,118.0,0.0,53.55
2488,1247,903,3,72.0,43.2,27.29
2489,1247,844,3,116.0,0.0,41.29
2490,1248,839,1,55.0,0.0,19.91
2491,1249,432,1,111.0,0.0,55.3
2492,1250,635,1,67.0,10.05,23.0
2493,1251,249,1,61.0,0.0,21.26
2494,1251,147,1,99.0,0.0,44.64
2495,1251,263,1,59.0,8.85,25.45
2496,1251,684,2,59.0,0.0,22.59
2497,1252,709,2,49.0,19.6,19.76
2498,1252,130,3,107.0,48.15,45.21
2499,1252,580,1,114.0,0.0,42.24
2500,1253,250,1,77.0,0.0,26.31
2501,1253,67,1,103.0,0.0,37.46
2502,1254,685,2,55.0,0.0,26.69
2503,1254,975,1,208.0,0.0,81.69
2504,1255,695,3,54.0,32.4,27.99
2505,1256,347,1,108.0,0.0,48.88
2506,1257,861,3,90.0,0.0,37.41
2507,1258,342,1,129.0,0.0,63.84
2508,1259,556,1,134.0,6.7,56.99
2509,1260,460,1,133.0,0.0,62.17
2510,1260,571,1,108.0,0.0,52.5
2511,1261,73,3,107.0,64.2,41.9
2512,1261,132,2,101.0,30.3,52.47
2513,1262,802,3,43.0,0.0,19.2
2514,1262,78,2,124.0,12.4,44.6
2515,1263,171,3,124.0,55.8,50.47
2516,1263,650,2,55.0,0.0,19.41
2517,1263,112,1,120.0,6.0,61.51
2518,1263,709,3,49.0,0.0,19.76
2519,1264,204,1,76.0,0.0,39.22
2520,1264,193,1,70.0,3.5,29.45
2521,1264,524,1,118.0,0.0,49.25
2522,1264,174,1,107.0,0.0,49.62
2523,1265,828,3,44.0,0.0,17.93
2524,1265,277,2,65.0,0.0,24.19
2525,1265,76,2,98.0,0.0,43.83
2526,1265,484,1,137.0,0.0,47.83
2527,1266,852,1,115.0,5.75,57.26
2528,1266,107,2,113.0,0.0,54.78
2529,1266,195,1,61.0,0.0,27.7
2530,1266,635,1,67.0,0.0,23.0
2531,1267,444,3,125.0,0.0,50.98
2532,1267,651,2,63.0,18.9,24.65
2533,1267,281,2,71.0,0.0,34.15
2534,1268,608,3,67.0,0.0,25.24
2535,1268,568,3,121.0,0.0,56.6
2536,1268,743,1,66.0,0.0,30.14
2537,1269,939,2,86.0,0.0,35.74
2538,1269,851,1,94.0,0.0,46.53
2539,1270,854,1,101.0,0.0,44.53
2540,1270,65,2,106.0,0.0,50.87
2541,1270,421,1,125.0,25.0,54.97
2542,1270,464,1,126.0,0.0,53.79
2543,1271,468,2,99.0,19.8,36.47
2544,1271,904,2,73.0,21.9,31.9
2545,1271,299,2,65.0,0.0,22.94
2546,1272,150,1,112.0,11.2,53.89
2547,1272,496,1,124.0,0.0,53.98
2548,1272,665,2,64.0,0.0,29.04
2549,1272,864,3,111.0,16.65,54.54
2550,1273,180,1,100.0,0.0,47.6
2551,1274,927,1,83.0,0.0,35.06
2552,1274,837,2,53.0,0.0,25.18
2553,1275,776,2,60.0,0.0,21.84
2554,1276,255,1,75.0,0.0,28.93
2555,1276,631,2,50.0,5.0,21.28
2556,1277,488,3,115.0,0.0,52.16
2557,1278,146,2,120.0,0.0,61.97
2558,1279,340,1,125.0,6.25,57.25
2559,1280,586,1,118.0,0.0,51.89
2560,1280,670,1,51.0,0.0,21.7
2561,1280,169,2,108.0,10.8,40.08
2562,1281,821,2,55.0,0.0,27.73
2563,1281,204,3,76.0,22.8,39.22
2564,1282,667,3,68.0,0.0,24.92
2565,1283,634,3,65.0,29.25,32.93
2566,1284,26,1,115.0,0.0,55.33
2567,1284,1005,3,205.0,0.0,93.35
2568,1284,1088,1,176.0,0.0,77.6
2569,1284,381,2,116.0,23.2,41.38
2570,1285,558,1,119.0,0.0,57.33
2571,1286,65,1,106.0,10.6,50.87
2572,1286,835,3,47.0,7.05,16.33
2573,1287,152,1,107.0,0.0,47.51
2574,1288,900,1,93.0,0.0,45.0
2575,1288,611,1,64.0,9.6,24.86
2576,1288,159,1,99.0,0.0,41.12
2577,1289,335,3,136.0,40.8,55.21
2578,1289,1035,1,187.0,0.0,85.39
2579,1289,1,1,119.0,0.0,42.48
2580,1290,518,1,125.0,0.0,55.03
2581,1291,540,2,124.0,0.0,47.18
2582,1292,324,2,106.0,0.0,53.67
2583,1293,475,1,136.0,0.0,54.76
2584,1293,420,2,130.0,39.0,53.36
2585,1293,355,1,129.0,0.0,61.57
2586,1293,403,1,99.0,0.0,35.43
2587,1294,13,1,118.0,11.8,49.41
2588,1295,993,3,219.0,0.0,89.2
2589,1296,308,1,108.0,0.0,50.53
2590,1297,678,1,56.0,0.0,21.06
2591,1297,610,1,68.0,0.0,35.18
2592,1298,1022,1,180.0,0.0,71.95
2593,1298,140,3,124.0,0.0,43.44
2594,1299,22,2,115.0,0.0,45.39
2595,1300,744,2,51.0,0.0,20.45
2596,1300,153,2,118.0,0.0,60.1
2597,1301,492,1,129.0,0.0,61.16
2598,1302,105,2,122.0,0.0,61.6
2599,1302,645,1,67.0,0.0,31.63
2600,1303,1056,2,151.0,0.0,53.5
2601,1303,636,2,67.0,20.1,22.93
2602,1303,375,1,108.0,0.0,53.81
2603,1303,991,2,160.0,0.0,60.61
2604,1304,200,2,78.0,0.0,40.14
2605,1305,672,2,64.0,0.0,22.8
2606,1305,308,3,108.0,0.0,50.53
2607,1306,176,1,104.0,0.0,45.19
2608,1306,888,1,96.0,0.0,40.59
2609,1306,612,1,59.0,5.9,26.02
2610,1306,102,3,111.0,0.0,46.07
2611,1307,632,2,53.0,0.0,18.43
2612,1308,129,2,98.0,0.0,41.33
2613,1308,620,1,65.0,0.0,23.92
2614,1308,861,2,90.0,0.0,37.41
2615,1308,742,2,48.0,0.0,21.13
2616,1309,849,1,115.0,5.75,56.06
2617,1309,274,1,77.0,0.0,37.21
2618,1309,167,1,113.0,0.0,40.78
2619,1310,302,2,132.0,0.0,58.76
2620,1310,1,1,119.0,11.9,42.48
2621,1311,65,1,106.0,0.0,50.87
2622,1312,552,1,145.0,21.75,55.74
2623,1313,314,2,103.0,0.0,52.67
2624,1313,871,1,108.0,0.0,53.31
2625,1314,101,1,119.0,0.0,46.17
2626,1315,84,1,124.0,0.0,44.51
2627,1316,394,1,113.0,0.0,43.71
2628,1316,311,3,136.0,81.6,67.98
2629,1317,823,2,46.0,0.0,20.77
2630,1317,1054,2,187.0,74.8,64.84
2631,1318,783,2,53.0,0.0,26.53
2632,1318,870,1,112.0,0.0,53.11
2633,1319,506,2,122.0,0.0,51.12
2634,1319,838,2,48.0,14.4,21.68
2635,1320,794,2,45.0,0.0,20.06
2636,1320,210,3,66.0,19.8,23.02
2637,1320,984,2,198.0,0.0,67.5
2638,1321,1056,2,151.0,30.2,53.5
2639,1322,1077,2,205.0,0.0,99.27
2640,1322,98,3,115.0,0.0,52.4
2641,1322,562,2,127.0,0.0,51.14
2642,1322,383,3,106.0,0.0,50.36
2643,1323,260,1,58.0,0.0,23.34
2644,1323,545,1,120.0,12.0,54.17
2645,1323,405,2,124.0,0.0,49.31
2646,1323,915,3,70.0,0.0,27.43
2647,1324,310,3,108.0,48.6,41.48
2648,1324,222,3,59.0,0.0,22.21
2649,1324,845,3,117.0,17.55,59.8
2650,1325,332,2,132.0,0.0,45.84
2651,1326,879,3,105.0,31.5,44.55
2652,1326,940,1,77.0,7.7,28.25
2653,1327,63,2,100.0,0.0,36.76
2654,1328,322,1,100.0,15.0,40.16
2655,1329,768,2,59.0,23.6,24.59
2656,1330,826,1,47.0,4.7,20.29
2657,1330,508,2,110.0,22.0,47.26
2658,1330,722,1,49.0,4.9,17.67
2659,1330,496,3,124.0,0.0,53.98
2660,1331,886,1,100.0,0.0,50.07
2661,1331,179,2,102.0,20.4,42.91
2662,1331,281,2,71.0,0.0,34.15
2663,1331,126,1,128.0,0.0,60.06
2664,1332,474,1,130.0,0.0,58.66
2665,1332,778,1,48.0,2.4,16.73
2666,1332,741,2,63.0,0.0,30.97
2667,1333,830,1,51.0,2.55,21.92
2668,1334,1026,1,166.0,0.0,62.07
2669,1334,75,1,124.0,0.0,45.29
2670,1334,430,1,128.0,0.0,63.15
2671,1335,170,3,121.0,18.15,41.46
2672,1335,90,2,113.0,22.6,46.43
2673,1335,561,1,145.0,0.0,64.01
2674,1336,466,2,101.0,0.0,35.75
2675,1336,999,1,191.0,0.0,72.0
2676,1337,739,1,63.0,0.0,27.18
2677,1337,154,3,113.0,50.85,46.64
2678,1338,112,2,120.0,0.0,61.51
2679,1339,892,1,94.0,0.0,35.12
2680,1340,498,1,138.0,0.0,58.8
2681,1340,320,2,131.0,0.0,62.03
2682,1341,860,2,114.0,0.0,44.73
2683,1341,736,1,64.0,0.0,22.44
2684,1341,856,1,103.0,0.0,51.48
2685,1342,837,2,53.0,0.0,25.18
2686,1342,302,1,132.0,0.0,58.76
2687,1343,272,3,69.0,0.0,30.5
2688,1344,946,1,73.0,0.0,37.95
2689,1345,17,1,98.0,0.0,47.2
2690,1345,861,2,90.0,0.0,37.41
2691,1346,526,1,123.0,0.0,60.31
2692,1347,767,2,49.0,0.0,24.19
2693,1348,459,2,109.0,21.8,55.98
2694,1348,1041,3,162.0,72.9,78.14
2695,1348,238,3,67.0,0.0,29.0
2696,1349,937,1,79.0,7.9,35.54
2697,1349,774,2,54.0,0.0,21.33
2698,1350,240,3,59.0,0.0,27.47
2699,1351,84,1,124.0,0.0,44.51
2700,1352,835,3,47.0,0.0,16.33
2701,1352,110,1,126.0,0.0,56.77
2702,1352,251,1,58.0,0.0,20.87
2703,1353,1017,1,151.0,0.0,59.58
2704,1353,423,2,104.0,20.8,48.9
2705,1354,902,1,77.0,0.0,27.61
2706,1355,697,1,48.0,0.0,22.93
2707,1355,242,2,58.0,0.0,20.89
2708,1356,686,2,52.0,0.0,24.33
2709,1356,512,1,131.0,0.0,56.2
2710,1357,619,1,49.0,2.45,21.79
2711,1358,944,1,71.0,0.0,29.97
2712,1359,539,2,118.0,11.8,42.99
2713,1359,413,1,101.0,0.0,49.0
2714,1359,838,2,48.0,0.0,21.68
2715,1359,295,3,58.0,26.1,29.74
2716,1360,768,1,59.0,0.0,24.59
2717,1360,412,1,106.0,0.0,42.22
2718,1360,805,3,56.0,0.0,26.33
2719,1360,811,2,52.0,0.0,26.66
2720,1361,831,1,54.0,0.0,21.13
2721,1361,726,1,49.0,7.35,17.0
2722,1362,852,1,115.0,0.0,57.26
2723,1362,978,1,174.0,0.0,66.51
2724,1363,78,2,124.0,0.0,44.6
2725,1364,799,1,47.0,2.35,22.07
2726,1364,805,2,56.0,22.4,26.33
2727,1364,71,3,111.0,0.0,56.27
2728,1364,982,2,211.0,42.2,74.19
2729,1365,836,3,49.0,0.0,25.44
2730,1366,429,3,125.0,18.75,55.16
2731,1366,97,1,122.0,18.3,62.99
2732,1366,647,2,53.0,0.0,23.92
2733,1366,198,2,71.0,0.0,35.22
2734,1367,1030,1,204.0,20.4,87.99
2735,1367,700,1,58.0,0.0,30.1
2736,1367,316,2,106.0,0.0,40.87
2737,1367,360,2,111.0,0.0,53.67
2738,1368,305,1,136.0,6.8,49.19
2739,1368,243,1,58.0,0.0,25.03
2740,1368,915,1,70.0,0.0,27.43
2741,1369,865,2,116.0,0.0,44.58
2742,1369,387,1,100.0,0.0,51.83
2743,1370,157,2,117.0,0.0,48.45
2744,1370,493,3,123.0,36.9,55.7
2745,1370,424,1,106.0,0.0,46.78
2746,1370,746,1,64.0,0.0,24.06
2747,1371,421,1,125.0,18.75,54.97
2748,1372,1083,2,175.0,0.0,85.39
2749,1373,866,1,105.0,0.0,52.62
2750,1373,362,1,99.0,0.0,44.7
2751,1374,340,1,125.0,0.0,57.25
2752,1374,126,2,128.0,0.0,60.06
2753,1374,998,1,168.0,0.0,80.73
2754,1374,336,2,114.0,22.8,50.29
2755,1375,841,3,98.0,0.0,36.25
2756,1375,116,3,102.0,30.6,45.19
2757,1376,949,1,164.0,0.0,72.38
2758,1376,803,2,54.0,0.0,26.4
2759,1377,146,3,120.0,0.0,61.97
2760,1377,862,1,100.0,10.0,42.15
2761,1377,116,1,102.0,0.0,45.19
2762,1378,698,2,58.0,0.0,24.25
2763,1378,568,1,121.0,0.0,56.6
2764,1379,994,1,181.0,18.1,67.47
2765,1380,762,1,62.0,0.0,30.77
2766,1381,702,1,62.0,0.0,30.0
2767,1381,668,1,49.0,0.0,16.8
2768,1381,786,1,57.0,8.55,23.66
2769,1381,882,1,103.0,0.0,53.39
2770,1382,802,2,43.0,4.3,19.2
2771,1383,717,1,58.0,0.0,22.42
2772,1383,934,2,74.0,0.0,32.46
2773,1383,1018,1,185.0,0.0,65.02
2774,1384,147,1,99.0,0.0,44.64
2775,1385,53,1,121.0,6.05,43.49
2776,1385,118,2,114.0,0.0,51.06
2777,1385,217,3,76.0,22.8,27.0
2778,1385,947,1,86.0,0.0,39.68
2779,1386,104,3,111.0,0.0,51.44
2780,1386,337,3,118.0,17.7,59.39
2781,1387,228,1,71.0,0.0,27.97
2782,1388,133,1,106.0,0.0,52.01
2783,1389,906,1,77.0,11.55,39.88
2784,1389,1086,2,179.0,0.0,61.92
2785,1389,528,1,109.0,0.0,41.14
2786,1389,320,2,131.0,0.0,62.03
2787,1390,597,1,130.0,19.5,66.72
2788,1391,855,1,96.0,0.0,36.81
2789,1392,800,1,46.0,0.0,20.81
2790,1392,150,1,112.0,11.2,53.89
2791,1393,541,1,124.0,0.0,42.94
2792,1394,1042,1,202.0,0.0,95.87
2793,1395,910,3,80.0,12.0,30.72
2794,1395,481,1,109.0,16.35,45.63
2795,1396,859,1,110.0,0.0,52.45
2796,1396,81,1,106.0,0.0,43.18
2797,1396,61,3,125.0,75.0,59.3
2798,1396,643,1,68.0,13.6,32.09
2799,1397,66,3,113.0,0.0,41.35
2800,1398,955,2,218.0,87.2,80.15
2801,1398,442,3,133.0,0.0,45.79
2802,1398,811,1,52.0,0.0,26.66
2803,1398,372,1,111.0,0.0,54.37
2804,1399,447,2,112.0,0.0,40.03
2805,1399,35,1,120.0,0.0,50.51
2806,1399,910,2,80.0,0.0,30.72
2807,1400,369,1,102.0,15.3,48.04
2808,1400,452,1,137.0,20.55,47.58
2809,1401,1010,1,213.0,0.0,82.88
2810,1401,202,2,71.0,21.3,25.72
2811,1401,746,1,64.0,0.0,24.06
2812,1402,84,2,124.0,0.0,44.51
2813,1402,568,3,121.0,18.15,56.6
2814,1402,786,2,57.0,0.0,23.66
2815,1403,620,2,65.0,0.0,23.92
2816,1404,84,1,124.0,24.8,44.51
2817,1405,36,2,100.0,30.0,50.25
2818,1406,304,2,129.0,0.0,61.79
2819,1406,123,1,127.0,0.0,53.19
2820,1407,670,2,51.0,0.0,21.7
2821,1407,366,1,121.0,24.2,50.36
2822,1407,1016,1,194.0,0.0,67.94
2823,1407,632,1,53.0,0.0,18.43
2824,1408,210,1,66.0,0.0,23.02
2825,1409,269,1,61.0,3.05,27.28
2826,1410,724,1,57.0,0.0,23.65
2827,1410,24,2,124.0,0.0,47.38
2828,1410,295,2,58.0,0.0,29.74
2829,1411,320,1,131.0,0.0,62.03
2830,1411,880,1,97.0,0.0,35.96
2831,1412,841,3,98.0,0.0,36.25
2832,1412,360,1,111.0,0.0,53.67
2833,1412,406,1,108.0,0.0,43.67
2834,1413,650,3,55.0,0.0,19.41
2835,1413,643,1,68.0,0.0,32.09
2836,1414,182,2,62.0,0.0,27.62
2837,1415,140,2,124.0,12.4,43.44
2838,1415,56,1,107.0,0.0,54.73
2839,1416,405,2,124.0,37.2,49.31
2840,1417,148,1,125.0,0.0,58.47
2841,1417,107,1,113.0,0.0,54.78
2842,1417,529,1,141.0,0.0,50.2
2843,1418,801,1,50.0,0.0,24.86
2844,1418,807,1,45.0,0.0,18.32
2845,1418,387,1,100.0,10.0,51.83
2846,1419,31,2,109.0,0.0,42.98
2847,1420,767,1,49.0,0.0,24.19
2848,1420,506,1,122.0,0.0,51.12
2849,1421,1053,2,226.0,90.4,99.34
2850,1422,373,2,136.0,0.0,54.11
2851,1423,579,1,146.0,14.6,61.4
2852,1423,265,1,70.0,3.5,25.4
2853,1424,449,1,101.0,10.1,46.19
2854,1425,872,3,90.0,0.0,35.22
2855,1426,19,3,115.0,0.0,41.99
2856,1426,632,1,53.0,7.95,18.43
2857,1427,653,1,57.0,0.0,29.16
2858,1427,286,1,71.0,10.65,28.22
2859,1427,893,3,89.0,0.0,33.87
2860,1428,677,1,52.0,10.4,20.5
2861,1428,742,2,48.0,0.0,21.13
2862,1428,929,2,76.0,0.0,27.53
2863,1428,274,2,77.0,7.7,37.21
2864,1429,48,1,112.0,11.2,43.46
2865,1429,432,1,111.0,0.0,55.3
2866,1430,785,3,56.0,25.2,28.43
2867,1431,766,2,65.0,19.5,23.14
2868,1432,989,1,155.0,0.0,70.79
2869,1433,426,1,122.0,24.4,56.17
2870,1433,444,1,125.0,0.0,50.98
2871,1433,681,1,57.0,0.0,23.09
2872,1434,106,2,121.0,0.0,52.8
2873,1434,502,1,112.0,0.0,47.12
2874,1435,44,2,116.0,0.0,46.68
2875,1436,654,1,50.0,0.0,24.97
2876,1436,99,1,120.0,0.0,52.38
2877,1436,300,1,77.0,15.4,33.84
2878,1437,727,1,55.0,0.0,25.19
2879,1438,447,1,112.0,22.4,40.03
2880,1438,476,1,107.0,0.0,44.81
2881,1438,515,2,110.0,0.0,57.1
2882,1438,963,1,223.0,0.0,96.12
2883,1439,664,1,68.0,0.0,32.47
2884,1439,530,2,138.0,0.0,56.15
2885,1439,530,1,138.0,0.0,56.15
2886,1439,669,1,50.0,10.0,19.92
2887,1440,923,1,72.0,10.8,25.31
2888,1441,220,1,60.0,0.0,31.17
2889,1441,1082,1,219.0,10.95,85.98
2890,1441,881,1,92.0,13.8,45.53
2891,1441,204,2,76.0,0.0,39.22
2892,1442,633,2,57.0,11.4,23.63
2893,1442,728,1,67.0,0.0,31.81
2894,1442,1030,1,204.0,0.0,87.99
2895,1442,654,1,50.0,0.0,24.97
2896,1443,757,2,48.0,0.0,16.9
2897,1443,646,1,66.0,0.0,26.93
2898,1443,722,2,49.0,4.9,17.67
2899,1443,837,1,53.0,0.0,25.18
2900,1444,890,1,90.0,9.0,44.28
2901,1444,749,1,63.0,0.0,21.91
2902,1445,710,3,59.0,0.0,28.81
2903,1445,723,1,67.0,3.35,26.58
2904,1445,637,1,68.0,6.8,34.21
2905,1446,243,2,58.0,0.0,25.03
2906,1446,975,1,208.0,31.2,81.69
2907,1446,316,1,106.0,0.0,40.87
2908,1446,24,1,124.0,24.8,47.38
2909,1447,698,1,58.0,5.8,24.25
2910,1447,156,1,107.0,21.4,44.62
2911,1447,112,3,120.0,18.0,61.51
2912,1447,705,1,57.0,2.85,23.41
2913,1448,613,1,61.0,12.2,25.22
2914,1449,427,1,136.0,0.0,55.85
2915,1449,779,1,68.0,10.2,23.67
2916,1450,684,2,59.0,23.6,22.59
2917,1450,499,2,123.0,36.9,48.65
2918,1450,19,3,115.0,0.0,41.99
2919,1451,602,1,56.0,0.0,26.7
2920,1451,131,2,107.0,0.0,54.07
2921,1451,583,2,134.0,40.2,47.44
2922,1452,704,3,68.0,0.0,23.64
2923,1452,511,3,122.0,0.0,43.26
2924,1452,44,1,116.0,11.6,46.68
2925,1452,834,1,43.0,0.0,18.62
2926,1453,249,1,61.0,0.0,21.26
2927,1454,408,1,99.0,0.0,35.44
2928,1454,402,1,117.0,0.0,43.9
2929,1455,351,2,133.0,0.0,52.93
2930,1456,148,1,125.0,0.0,58.47
2931,1457,792,1,46.0,2.3,22.5
2932,1458,19,1,115.0,11.5,41.99
2933,1458,79,3,105.0,0.0,40.1
2934,1459,165,1,126.0,0.0,54.26
2935,1460,780,1,49.0,0.0,21.88
2936,1460,911,3,80.0,0.0,29.85
2937,1461,780,1,49.0,2.45,21.88
2938,1462,1079,2,189.0,0.0,71.85
2939,1462,660,1,48.0,0.0,18.47
2940,1463,853,1,95.0,0.0,48.23
2941,1464,192,1,58.0,0.0,21.72
2942,1465,696,2,48.0,19.2,20.91
2943,1465,149,1,100.0,10.0,37.3
2944,1465,529,1,141.0,0.0,50.2
2945,1466,146,1,120.0,6.0,61.97
2946,1466,1025,3,152.0,0.0,68.12
2947,1467,308,3,108.0,0.0,50.53
2948,1467,623,3,51.0,0.0,25.64
2949,1468,482,2,112.0,0.0,47.72
2950,1469,623,1,51.0,0.0,25.64
2951,1469,694,1,54.0,10.8,18.6
2952,1469,431,1,117.0,0.0,39.9
2953,1470,735,3,68.0,10.2,29.51
2954,1470,272,1,69.0,0.0,30.5
2955,1471,471,1,100.0,0.0,36.76
2956,1472,488,3,115.0,17.25,52.16
2957,1472,479,2,125.0,0.0,52.28
2958,1473,945,1,85.0,0.0,41.97
2959,1473,18,1,119.0,0.0,57.18
2960,1473,853,2,95.0,38.0,48.23
2961,1474,1015,1,204.0,40.8,95.85
2962,1475,638,3,59.0,0.0,20.89
2963,1475,460,1,133.0,19.95,62.17
2964,1475,406,2,108.0,0.0,43.67
2965,1475,253,1,75.0,0.0,25.56
2966,1476,2,2,121.0,0.0,58.26
2967,1477,614,1,55.0,0.0,21.97
2968,1477,360,2,111.0,0.0,53.67
2969,1477,189,1,60.0,0.0,24.08
2970,1477,992,3,196.0,29.4,82.23
2971,1478,782,1,48.0,0.0,21.47
2972,1478,571,3,108.0,48.6,52.5
2973,1479,704,1,68.0,0.0,23.64
2974,1479,204,1,76.0,0.0,39.22
2975,1479,887,1,97.0,0.0,42.67
2976,1480,48,1,112.0,0.0,43.46
2977,1481,732,1,52.0,0.0,20.13
2978,1482,86,2,107.0,0.0,39.15
2979,1483,1028,2,162.0,0.0,83.79
2980,1484,411,1,126.0,0.0,65.44
2981,1484,275,1,66.0,0.0,23.56
2982,1484,182,2,62.0,24.8,27.62
2983,1484,758,1,49.0,0.0,18.98
2984,1485,75,1,124.0,0.0,45.29
2985,1485,126,1,128.0,25.6,60.06
2986,1485,275,2,66.0,0.0,23.56
2987,1485,1006,1,194.0,0.0,88.53
2988,1486,864,1,111.0,11.1,54.54
2989,1486,463,2,120.0,24.0,60.22
2990,1487,439,3,122.0,0.0,50.81
2991,1487,1102,1,53.0,0.0,18.98
2992,1488,922,1,73.0,14.6,27.57
2993,1489,769,2,58.0,5.8,24.95
2994,1490,650,2,55.0,0.0,19.41
2995,1490,152,2,107.0,0.0,47.51
2996,1490,472,2,106.0,0.0,46.89
2997,1491,850,1,111.0,0.0,43.16
2998,1491,859,3,110.0,0.0,52.45
2999,1492,985,2,199.0,0.0,81.26
3000,1492,5,3,105.0,0.0,46.18
3001,1492,731,2,55.0,0.0,21.22
3002,1493,512,1,131.0,0.0,56.2
3003,1494,478,1,105.0,15.75,41.76
3004,1494,91,2,128.0,0.0,63.68
3005,1495,320,1,131.0,0.0,62.03
3006,1496,1014,1,158.0,23.7,79.35
3007,1496,848,3,95.0,0.0,43.69
3008,1496,540,2,124.0,0.0,47.18
3009,1497,782,2,48.0,0.0,21.47
3010,1497,228,1,71.0,10.65,27.97
3011,1497,864,3,111.0,16.65,54.54
3012,1497,591,1,142.0,0.0,54.34
3013,1498,1008,2,178.0,53.4,81.55
3014,1498,896,1,108.0,0.0,46.93
3015,1499,167,2,113.0,0.0,40.78
3016,1500,201,3,61.0,0.0,28.8
3017,1501,385,1,124.0,6.2,44.81
3018,1502,87,1,116.0,0.0,45.38
3019,1502,132,1,101.0,5.05,52.47
3020,1503,800,1,46.0,2.3,20.81
3021,1503,25,2,106.0,0.0,41.64
3022,1504,319,2,119.0,0.0,44.47
3023,1504,379,2,128.0,25.6,47.39
3024,1505,675,3,51.0,22.95,19.91
3025,1505,518,1,125.0,18.75,55.03
3026,1506,285,2,78.0,31.2,36.62
3027,1506,1024,2,210.0,42.0,107.85
3028,1507,347,3,108.0,0.0,48.88
3029,1507,907,3,69.0,20.7,31.24
3030,1508,80,1,121.0,0.0,60.04
3031,1508,749,1,63.0,6.3,21.91
3032,1508,379,3,128.0,19.2,47.39
3033,1509,924,1,75.0,0.0,30.63
3034,1509,894,2,113.0,0.0,40.06
3035,1510,247,2,62.0,24.8,24.77
3036,1511,609,1,65.0,0.0,25.65
3037,1512,104,2,111.0,44.4,51.44
3038,1513,187,1,64.0,0.0,30.61
3039,1514,436,1,105.0,21.0,46.93
3040,1514,996,1,214.0,0.0,100.63
3041,1515,492,2,129.0,0.0,61.16
3042,1515,25,1,106.0,0.0,41.64
3043,1516,862,2,100.0,0.0,42.15
3044,1516,970,1,193.0,0.0,82.05
3045,1516,681,2,57.0,22.8,23.09
3046,1517,827,1,42.0,2.1,16.85
3047,1518,143,2,101.0,0.0,43.51
3048,1518,1019,2,180.0,72.0,85.02
3049,1519,209,2,71.0,21.3,35.2
3050,1519,383,3,106.0,0.0,50.36
3051,1519,57,3,113.0,16.95,43.63
3052,1519,746,2,64.0,0.0,24.06
3053,1520,229,1,64.0,0.0,23.55
3054,1521,893,2,89.0,0.0,33.87
3055,1522,814,2,55.0,16.5,23.64
3056,1523,579,1,146.0,0.0,61.4
3057,1523,810,3,55.0,0.0,26.65
3058,1523,360,1,111.0,0.0,53.67
3059,1524,340,1,125.0,0.0,57.25
3060,1525,1008,3,178.0,0.0,81.55
3061,1525,228,1,71.0,0.0,27.97
3062,1526,76,1,98.0,4.9,43.83
3063,1526,783,1,53.0,0.0,26.53
3064,1527,367,1,107.0,16.05,49.6
3065,1527,280,1,71.0,0.0,30.75
3066,1527,607,1,59.0,0.0,26.85
3067,1527,623,1,51.0,0.0,25.64
3068,1528,358,2,114.0,0.0,43.25
3069,1529,723,1,67.0,0.0,26.58
3070,1529,768,1,59.0,0.0,24.59
3071,1530,90,1,113.0,0.0,46.43
3072,1530,568,2,121.0,0.0,56.6
3073,1530,476,2,107.0,0.0,44.81
3074,1530,745,2,52.0,10.4,18.56
3075,1531,508,3,110.0,0.0,47.26
3076,1531,470,1,136.0,0.0,70.16
3077,1531,79,2,105.0,0.0,40.1
3078,1531,52,1,106.0,15.9,48.62
3079,1532,32,1,109.0,0.0,38.78
3080,1533,147,2,99.0,0.0,44.64
3081,1534,612,1,59.0,0.0,26.02
3082,1534,718,2,55.0,0.0,27.98
3083,1534,817,1,57.0,0.0,24.84
3084,1534,976,2,209.0,83.6,97.33
3085,1535,745,1,52.0,2.6,18.56
3086,1535,536,1,116.0,0.0,43.31
3087,1535,389,1,105.0,0.0,54.14
3088,1536,455,1,100.0,15.0,49.02
3089,1536,459,1,109.0,5.45,55.98
3090,1536,385,1,124.0,18.6,44.81
3091,1536,20,3,118.0,0.0,50.13
3092,1537,547,1,137.0,13.7,57.46
3093,1538,592,1,127.0,0.0,60.56
3094,1538,1050,1,193.0,9.65,97.55
3095,1538,984,1,198.0,0.0,67.5
3096,1538,57,3,113.0,0.0,43.63
3097,1539,511,3,122.0,54.9,43.26
3098,1539,143,1,101.0,0.0,43.51
3099,1539,445,3,99.0,0.0,41.89
3100,1540,242,1,58.0,11.6,20.89
3101,1540,869,2,97.0,0.0,41.73
3102,1540,799,2,47.0,4.7,22.07
3103,1541,667,1,68.0,3.4,24.92
3104,1542,659,1,55.0,5.5,25.15
3105,1543,681,1,57.0,11.4,23.09
3106,1543,842,3,100.0,0.0,47.82
3107,1543,894,3,113.0,0.0,40.06
3108,1544,158,1,104.0,0.0,46.37
3109,1544,295,1,58.0,0.0,29.74
3110,1544,539,1,118.0,5.9,42.99
3111,1545,400,2,132.0,0.0,56.05
3112,1545,691,1,63.0,3.15,24.53
3113,1545,608,1,67.0,3.35,25.24
3114,1545,33,1,127.0,0.0,63.95
3115,1546,55,2,109.0,0.0,53.34
3116,1546,770,2,51.0,0.0,24.97
3117,1546,648,1,53.0,0.0,24.63
3118,1546,747,1,68.0,0.0,31.79
3119,1547,873,1,99.0,9.9,45.62
3120,1547,115,1,99.0,0.0,44.64
3121,1548,739,2,63.0,0.0,27.18
3122,1548,365,2,107.0,0.0,38.53
3123,1548,600,3,130.0,58.5,44.95
3124,1549,275,1,66.0,9.9,23.56
3125,1550,467,1,116.0,0.0,58.87
3126,1550,796,1,50.0,7.5,18.82
3127,1550,689,1,57.0,0.0,19.52
3128,1551,417,1,106.0,0.0,38.01
3129,1551,691,2,63.0,6.3,24.53
3130,1552,129,2,98.0,0.0,41.33
3131,1552,368,2,98.0,0.0,50.95
3132,1553,1079,1,189.0,0.0,71.85
3133,1553,455,3,100.0,0.0,49.02
3134,1553,825,1,57.0,0.0,27.4
3135,1554,527,2,108.0,10.8,47.82
3136,1554,842,1,100.0,15.0,47.82
3137,1555,313,1,119.0,0.0,49.77
3138,1556,1053,1,226.0,22.6,99.34
3139,1557,35,2,120.0,48.0,50.51
3140,1557,61,2,125.0,0.0,59.3
3141,1557,786,3,57.0,8.55,23.66
3142,1557,463,1,120.0,0.0,60.22
3143,1558,875,3,89.0,26.7,46.07
3144,1558,896,1,108.0,0.0,46.93
3145,1559,628,1,55.0,0.0,25.74
3146,1560,225,1,69.0,6.9,26.99
3147,1560,328,2,114.0,0.0,57.68
3148,1561,14,1,119.0,11.9,47.15
3149,1562,294,1,59.0,0.0,22.82
3150,1563,347,2,108.0,0.0,48.88
3151,1563,804,2,52.0,0.0,20.85
3152,1564,270,2,75.0,0.0,28.92
3153,1565,500,1,136.0,0.0,63.5
3154,1566,35,1,120.0,0.0,50.51
3155,1567,407,2,136.0,0.0,51.27
3156,1568,45,2,98.0,39.2,50.23
3157,1568,706,2,49.0,4.9,19.04
3158,1568,297,1,60.0,0.0,28.66
3159,1568,164,3,113.0,16.95,53.4
3160,1569,777,2,65.0,0.0,24.88
3161,1570,161,2,119.0,0.0,54.34
3162,1571,1046,2,187.0,0.0,78.37
3163,1572,995,2,184.0,0.0,63.1
3164,1573,53,2,121.0,0.0,43.49
3165,1573,38,3,103.0,0.0,50.9
3166,1574,553,2,135.0,0.0,58.61
3167,1574,845,3,117.0,70.2,59.8
3168,1575,254,2,71.0,0.0,26.22
3169,1576,876,2,93.0,0.0,45.34
3170,1577,336,2,114.0,34.2,50.29
3171,1578,686,3,52.0,0.0,24.33
3172,1578,1070,3,173.0,0.0,66.79
3173,1578,365,3,107.0,0.0,38.53
3174,1578,194,1,60.0,0.0,20.48
3175,1579,55,1,109.0,0.0,53.34
3176,1579,623,1,51.0,0.0,25.64
3177,1580,781,1,58.0,0.0,21.7
3178,1581,264,2,63.0,0.0,21.61
3179,1582,386,2,111.0,0.0,41.24
3180,1582,442,2,133.0,0.0,45.79
3181,1583,618,3,61.0,9.15,23.76
3182,1583,930,3,79.0,23.7,40.09
3183,1584,802,1,43.0,0.0,19.2
3184,1584,86,2,107.0,0.0,39.15
3185,1585,751,2,57.0,0.0,24.37
3186,1586,648,2,53.0,0.0,24.63
3187,1587,681,1,57.0,0.0,23.09
3188,1587,341,2,98.0,29.4,39.08
3189,1588,461,2,138.0,55.2,67.84
3190,1588,777,1,65.0,0.0,24.88
3191,1589,772,3,62.0,27.9,24.02
3192,1590,726,1,49.0,0.0,17.0
3193,1591,605,1,54.0,0.0,20.79
3194,1591,935,3,76.0,0.0,38.72
3195,1592,325,1,124.0,0.0,42.21
3196,1592,95,2,125.0,0.0,61.25
3197,1593,507,1,143.0,0.0,54.69
3198,1593,518,2,125.0,0.0,55.03
3199,1594,291,1,58.0,0.0,22.26
3200,1595,736,2,64.0,0.0,22.44
3201,1595,382,3,120.0,0.0,46.36
3202,1596,799,2,47.0,14.1,22.07
3203,1597,1098,3,57.0,0.0,19.67
3204,1597,222,3,59.0,0.0,22.21
3205,1597,143,3,101.0,0.0,43.51
3206,1598,676,1,66.0,0.0,28.74
3207,1598,1002,1,158.0,7.9,55.07
3208,1598,288,1,70.0,3.5,29.69
3209,1598,123,2,127.0,0.0,53.19
3210,1599,1003,2,174.0,34.8,67.23
3211,1599,357,1,109.0,0.0,42.12
3212,1600,38,1,103.0,0.0,50.9
3213,1601,183,2,58.0,0.0,22.26
3214,1602,850,1,111.0,5.55,43.16
3215,1602,140,2,124.0,0.0,43.44
3216,1602,525,1,118.0,5.9,56.6
3217,1603,13,2,118.0,0.0,49.41
3218,1604,727,2,55.0,0.0,25.19
3219,1604,149,1,100.0,0.0,37.3
3220,1605,1002,1,158.0,0.0,55.07
3221,1606,630,1,64.0,0.0,31.1
3222,1607,178,1,115.0,0.0,56.47
3223,1608,227,2,69.0,0.0,32.68
3224,1608,530,1,138.0,0.0,56.15
3225,1608,1066,2,183.0,54.9,73.84
3226,1608,626,3,58.0,8.7,22.85
3227,1609,696,1,48.0,0.0,20.91
3228,1610,813,2,50.0,15.0,21.97
3229,1611,491,1,123.0,0.0,58.13
3230,1611,656,3,48.0,0.0,18.8
3231,1612,3,3,111.0,16.65,45.15
3232,1612,785,1,56.0,0.0,28.43
3233,1612,448,1,114.0,5.7,55.36
3234,1612,712,3,60.0,0.0,21.93
3235,1613,69,1,121.0,0.0,45.49
3236,1614,547,1,137.0,6.85,57.46
3237,1615,452,1,137.0,0.0,47.58
3238,1615,148,1,125.0,18.75,58.47
3239,1615,550,1,117.0,0.0,50.37
3240,1615,275,1,66.0,0.0,23.56
3241,1616,286,2,71.0,0.0,28.22
3242,1617,212,1,77.0,15.4,35.57
3243,1617,111,3,117.0,35.1,41.56
3244,1617,257,3,65.0,0.0,31.61
3245,1617,394,1,113.0,0.0,43.71
3246,1618,647,1,53.0,0.0,23.92
3247,1618,7,2,108.0,0.0,55.59
3248,1618,716,2,55.0,5.5,26.78
3249,1619,64,2,109.0,0.0,54.22
3250,1620,1021,1,161.0,0.0,64.99
3251,1621,844,2,116.0,46.4,41.29
3252,1622,140,2,124.0,0.0,43.44
3253,1623,25,3,106.0,31.8,41.64
3254,1623,59,1,128.0,0.0,64.06
3255,1623,232,1,78.0,0.0,35.99
3256,1624,773,2,55.0,5.5,23.86
3257,1624,734,1,64.0,0.0,26.12
3258,1624,58,2,103.0,0.0,35.85
3259,1624,421,2,125.0,0.0,54.97
3260,1625,1008,1,178.0,0.0,81.55
3261,1625,933,2,70.0,0.0,24.98
3262,1625,611,1,64.0,12.8,24.86
3263,1625,971,1,165.0,0.0,85.18
3264,1626,746,1,64.0,0.0,24.06
3265,1627,917,2,85.0,17.0,40.17
3266,1628,29,3,112.0,0.0,41.33
3267,1628,905,1,77.0,0.0,37.77
3268,1628,736,1,64.0,3.2,22.44
3269,1628,168,2,124.0,0.0,43.4
3270,1629,682,2,49.0,9.8,18.55
3271,1629,439,2,122.0,0.0,50.81
3272,1629,452,1,137.0,0.0,47.58
3273,1629,1026,1,166.0,8.3,62.07
3274,1630,843,2,108.0,0.0,39.14
3275,1630,450,3,124.0,0.0,51.74
3276,1631,512,3,131.0,0.0,56.2
3277,1632,331,1,112.0,0.0,41.65
3278,1632,686,2,52.0,0.0,24.33
3279,1632,826,2,47.0,0.0,20.29
3280,1632,677,1,52.0,7.8,20.5
3281,1633,437,3,113.0,0.0,40.48
3282,1634,663,1,50.0,0.0,25.48
3283,1635,444,1,125.0,25.0,50.98
3284,1636,867,1,110.0,0.0,46.65
3285,1637,901,2,79.0,0.0,30.55
3286,1638,796,2,50.0,15.0,18.82
3287,1638,567,1,140.0,0.0,53.41
3288,1639,589,2,132.0,0.0,55.5
3289,1640,164,1,113.0,5.65,53.4
3290,1640,733,2,56.0,0.0,22.52
3291,1640,967,1,167.0,33.4,58.6
3292,1640,953,1,161.0,0.0,62.96
3293,1641,59,1,128.0,0.0,64.06
3294,1641,823,3,46.0,0.0,20.77
3295,1641,788,1,58.0,0.0,20.42
3296,1641,199,1,68.0,3.4,28.51
3297,1642,674,1,68.0,0.0,29.3
3298,1642,615,1,51.0,10.2,25.15
3299,1642,51,2,115.0,0.0,41.35
3300,1642,106,1,121.0,0.0,52.8
3301,1643,251,3,58.0,0.0,20.87
3302,1643,611,2,64.0,0.0,24.86
3303,1643,949,1,164.0,24.6,72.38
3304,1643,607,1,59.0,8.85,26.85
3305,1644,726,1,49.0,0.0,17.0
3306,1645,309,3,133.0,0.0,53.34
3307,1645,622,1,64.0,0.0,32.05
3308,1646,607,1,59.0,0.0,26.85
3309,1647,300,1,77.0,0.0,33.84
3310,1648,661,1,52.0,7.8,17.88
3311,1649,167,2,113.0,0.0,40.78
3312,1649,444,1,125.0,0.0,50.98
3313,1649,777,2,65.0,6.5,24.88
3314,1649,721,1,66.0,0.0,28.17
3315,1650,299,1,65.0,0.0,22.94
3316,1650,759,1,52.0,0.0,19.53
3317,1651,269,2,61.0,12.2,27.28
3318,1652,173,1,127.0,0.0,65.94
3319,1653,994,1,181.0,36.2,67.47
3320,1653,232,1,78.0,0.0,35.99
3321,1654,698,3,58.0,0.0,24.25
3322,1654,1062,1,191.0,0.0,76.07
3323,1654,452,1,137.0,0.0,47.58
3324,1654,596,1,135.0,20.25,68.3
3325,1655,783,1,53.0,0.0,26.53
3326,1656,646,1,66.0,3.3,26.93
3327,1657,963,1,223.0,33.45,96.12
3328,1657,215,1,74.0,0.0,29.14
3329,1657,631,1,50.0,5.0,21.28
3330,1658,472,1,106.0,0.0,46.89
3331,1658,862,1,100.0,5.0,42.15
3332,1658,959,2,226.0,0.0,80.94
3333,1659,226,2,62.0,0.0,24.71
3334,1659,869,3,97.0,29.1,41.73
3335,1660,1052,2,212.0,0.0,105.64
3336,1660,151,1,115.0,0.0,42.1
3337,1661,142,1,123.0,0.0,42.71
3338,1662,662,1,63.0,0.0,26.2
3339,1662,65,1,106.0,0.0,50.87
3340,1663,755,1,55.0,0.0,21.55
3341,1663,1014,1,158.0,0.0,79.35
3342,1663,818,1,49.0,0.0,20.36
3343,1663,610,2,68.0,0.0,35.18
3344,1664,406,1,108.0,0.0,43.67
3345,1665,990,2,197.0,19.7,84.55
3346,1666,285,3,78.0,0.0,36.62
3347,1666,544,1,117.0,17.55,40.84
3348,1667,913,1,76.0,0.0,26.23
3349,1668,691,1,63.0,0.0,24.53
3350,1668,641,3,49.0,0.0,23.1
3351,1668,496,1,124.0,0.0,53.98
3352,1668,600,3,130.0,0.0,44.95
3353,1669,763,1,59.0,8.85,20.79
3354,1669,273,1,73.0,0.0,30.33
3355,1669,343,1,125.0,0.0,45.41
3356,1669,994,1,181.0,0.0,67.47
3357,1670,466,3,101.0,0.0,35.75
3358,1671,878,3,108.0,16.2,44.26
3359,1671,254,1,71.0,0.0,26.22
3360,1671,126,3,128.0,0.0,60.06
3361,1671,388,3,138.0,20.7,58.07
3362,1672,909,3,68.0,10.2,23.87
3363,1672,626,3,58.0,0.0,22.85
3364,1672,96,2,110.0,0.0,39.36
3365,1673,175,1,110.0,0.0,50.09
3366,1673,148,1,125.0,0.0,58.47
3367,1673,112,1,120.0,12.0,61.51
3368,1674,736,1,64.0,0.0,22.44
3369,1675,776,1,60.0,0.0,21.84
3370,1676,553,1,135.0,0.0,58.61
3371,1676,258,1,74.0,0.0,33.16
3372,1676,843,1,108.0,0.0,39.14
3373,1676,73,1,107.0,0.0,41.9
3374,1677,290,2,64.0,0.0,29.65
3375,1677,223,2,67.0,13.4,30.43
3376,1678,66,3,113.0,16.95,41.35
3377,1679,799,1,47.0,0.0,22.07
3378,1680,225,3,69.0,0.0,26.99
3379,1681,146,3,120.0,18.0,61.97
3380,1682,724,1,57.0,8.55,23.65
3381,1682,863,1,94.0,0.0,41.53
3382,1682,269,1,61.0,3.05,27.28
3383,1682,700,1,58.0,0.0,30.1
3384,1683,286,1,71.0,0.0,28.22
3385,1683,250,1,77.0,0.0,26.31
3386,1683,13,3,118.0,0.0,49.41
3387,1683,31,2,109.0,21.8,42.98
3388,1684,540,1,124.0,0.0,47.18
3389,1685,308,1,108.0,0.0,50.53
3390,1686,141,1,126.0,0.0,60.35
3391,1686,320,2,131.0,0.0,62.03
3392,1686,525,1,118.0,0.0,56.6
3393,1686,762,1,62.0,0.0,30.77
3394,1687,896,2,108.0,0.0,46.93
3395,1687,197,1,71.0,10.65,33.35
3396,1688,915,1,70.0,0.0,27.43
3397,1689,187,1,64.0,0.0,30.61
3398,1690,99,1,120.0,0.0,52.38
3399,1690,394,1,113.0,0.0,43.71
3400,1691,300,2,77.0,15.4,33.84
3401,1692,602,1,56.0,0.0,26.7
3402,1693,458,3,137.0,0.0,54.24
3403,1694,936,1,82.0,0.0,30.04
3404,1694,657,2,57.0,11.4,23.63
3405,1694,894,1,113.0,22.6,40.06
3406,1695,411,1,126.0,0.0,65.44
3407,1696,864,3,111.0,0.0,54.54
3408,1697,350,1,123.0,0.0,51.65
3409,1697,440,2,115.0,0.0,41.55
3410,1698,657,3,57.0,0.0,23.63
3411,1698,251,1,58.0,8.7,20.87
3412,1699,275,1,66.0,0.0,23.56
3413,1700,757,1,48.0,0.0,16.9
3414,1700,116,1,102.0,0.0,45.19
3415,1700,731,1,55.0,2.75,21.22
3416,1700,469,1,138.0,0.0,52.35
3417,1701,613,1,61.0,0.0,25.22
3418,1701,429,1,125.0,0.0,55.16
3419,1702,64,2,109.0,21.8,54.22
3420,1703,150,1,112.0,0.0,53.89
3421,1704,1088,1,176.0,17.6,77.6
3422,1704,12,3,102.0,0.0,43.41
3423,1705,770,3,51.0,0.0,24.97
3424,1705,279,3,65.0,19.5,30.68
3425,1706,671,1,52.0,0.0,26.53
3426,1706,157,1,117.0,0.0,48.45
3427,1706,156,1,107.0,5.35,44.62
3428,1707,647,2,53.0,15.9,23.92
3429,1708,1045,1,202.0,0.0,75.76
3430,1708,415,1,109.0,5.45,44.53
3431,1709,291,1,58.0,0.0,22.26
3432,1709,897,1,116.0,0.0,41.54
3433,1710,718,1,55.0,0.0,27.98
3434,1710,439,1,122.0,0.0,50.81
3435,1710,174,2,107.0,21.4,49.62
3436,1711,153,1,118.0,0.0,60.1
3437,1711,654,1,50.0,0.0,24.97
3438,1712,382,1,120.0,6.0,46.36
3439,1713,196,2,74.0,0.0,31.52
3440,1713,136,2,105.0,0.0,38.4
3441,1714,571,1,108.0,0.0,52.5
3442,1714,316,2,106.0,21.2,40.87
3443,1714,395,2,108.0,0.0,52.79
3444,1714,502,1,112.0,5.6,47.12
3445,1715,458,1,137.0,20.55,54.24
3446,1715,100,1,127.0,0.0,53.76
3447,1716,86,3,107.0,0.0,39.15
3448,1716,669,1,50.0,0.0,19.92
3449,1717,504,2,117.0,0.0,48.04
3450,1718,375,1,108.0,0.0,53.81
3451,1719,570,2,113.0,33.9,51.45
3452,1719,81,1,106.0,15.9,43.18
3453,1720,568,1,121.0,0.0,56.6
3454,1720,515,1,110.0,5.5,57.1
3455,1720,1048,2,158.0,47.4,80.85
3456,1721,1006,1,194.0,19.4,88.53
3457,1721,591,1,142.0,21.3,54.34
3458,1721,781,3,58.0,0.0,21.7
3459,1721,1004,1,224.0,0.0,84.04
3460,1722,374,1,127.0,0.0,54.41
3461,1722,1076,1,173.0,0.0,59.21
3462,1723,753,1,60.0,0.0,30.1
3463,1724,830,1,51.0,5.1,21.92
3464,1724,289,1,65.0,3.25,26.71
3465,1724,946,2,73.0,0.0,37.95
3466,1725,120,1,113.0,0.0,46.93
3467,1726,725,2,66.0,0.0,25.45
3468,1727,100,2,127.0,0.0,53.76
3469,1727,1051,1,157.0,0.0,69.1
3470,1728,845,1,117.0,0.0,59.8
3471,1728,264,2,63.0,0.0,21.61
3472,1729,766,1,65.0,9.75,23.14
3473,1729,1101,2,51.0,0.0,22.08
3474,1729,71,1,111.0,0.0,56.27
3475,1729,581,2,140.0,0.0,51.47
3476,1730,661,2,52.0,0.0,17.88
3477,1731,663,2,50.0,5.0,25.48
3478,1731,21,1,121.0,6.05,54.96
3479,1731,310,3,108.0,0.0,41.48
3480,1731,663,1,50.0,5.0,25.48
3481,1732,590,1,125.0,6.25,47.5
3482,1733,736,3,64.0,0.0,22.44
3483,1733,362,2,99.0,0.0,44.7
3484,1733,74,1,113.0,0.0,49.71
3485,1733,208,1,65.0,0.0,30.0
3486,1734,791,2,43.0,0.0,19.97
3487,1734,683,1,57.0,0.0,19.78
3488,1734,583,1,134.0,26.8,47.44
3489,1734,573,1,114.0,0.0,57.68
3490,1735,148,1,125.0,18.75,58.47
3491,1736,324,3,106.0,0.0,53.67
3492,1736,865,1,116.0,5.8,44.58
3493,1737,498,1,138.0,0.0,58.8
3494,1738,373,1,136.0,0.0,54.11
3495,1738,1060,3,196.0,88.2,89.28
3496,1739,355,2,129.0,0.0,61.57
3497,1740,48,1,112.0,0.0,43.46
3498,1741,558,1,119.0,0.0,57.33
3499,1741,722,1,49.0,0.0,17.67
3500,1741,25,1,106.0,0.0,41.64
3501,1741,795,3,49.0,0.0,23.33
3502,1742,250,1,77.0,0.0,26.31
3503,1742,274,1,77.0,0.0,37.21
3504,1742,608,1,67.0,0.0,25.24
3505,1742,800,1,46.0,0.0,20.81
3506,1743,651,1,63.0,0.0,24.65
3507,1743,523,1,117.0,11.7,45.6
3508,1743,13,1,118.0,11.8,49.41
3509,1743,193,1,70.0,0.0,29.45
3510,1744,648,1,53.0,0.0,24.63
3511,1744,742,3,48.0,7.2,21.13
3512,1745,842,1,100.0,5.0,47.82
3513,1745,143,1,101.0,20.2,43.51
3514,1746,926,2,87.0,17.4,39.93
3515,1747,653,1,57.0,5.7,29.16
3516,1747,154,2,113.0,0.0,46.64
3517,1747,1081,1,177.0,0.0,71.37
3518,1747,845,1,117.0,0.0,59.8
3519,1748,1027,1,212.0,31.8,109.73
3520,1748,301,1,104.0,0.0,40.1
3521,1749,368,2,98.0,0.0,50.95
3522,1749,776,1,60.0,0.0,21.84
3523,1750,72,2,128.0,0.0,54.78
3524,1750,676,1,66.0,0.0,28.74
3525,1751,904,1,73.0,3.65,31.9
3526,1752,935,1,76.0,0.0,38.72
3527,1752,1059,2,225.0,0.0,82.18
3528,1753,504,2,117.0,0.0,48.04
3529,1754,492,3,129.0,38.7,61.16
3530,1755,1003,1,174.0,26.1,67.23
3531,1755,616,2,52.0,0.0,24.79
3532,1755,608,1,67.0,0.0,25.24
3533,1756,582,2,140.0,0.0,55.92
3534,1756,371,1,106.0,0.0,48.87
3535,1756,493,1,123.0,18.45,55.7
3536,1757,1046,1,187.0,0.0,78.37
3537,1758,628,1,55.0,5.5,25.74
3538,1758,219,1,71.0,7.1,29.35
3539,1759,2,1,121.0,24.2,58.26
3540,1760,369,3,102.0,0.0,48.04
3541,1760,855,1,96.0,0.0,36.81
3542,1761,788,3,58.0,0.0,20.42
3543,1761,549,2,138.0,0.0,54.07
3544,1762,1104,2,37.0,3.7,14.13
3545,1763,656,3,48.0,0.0,18.8
3546,1763,773,1,55.0,0.0,23.86
3547,1763,160,1,104.0,0.0,46.08
3548,1764,941,2,78.0,0.0,35.63
3549,1765,332,1,132.0,19.8,45.84
3550,1765,416,2,130.0,13.0,47.2
3551,1765,647,1,53.0,0.0,23.92
3552,1765,755,1,55.0,11.0,21.55
3553,1766,873,1,99.0,0.0,45.62
3554,1767,814,1,55.0,0.0,23.64
3555,1767,636,1,67.0,3.35,22.93
3556,1767,252,2,63.0,0.0,27.87
3557,1768,177,1,103.0,5.15,50.53
3558,1768,687,3,62.0,0.0,24.89
3559,1768,570,2,113.0,0.0,51.45
3560,1769,290,2,64.0,0.0,29.65
3561,1769,79,1,105.0,15.75,40.1
3562,1770,235,3,78.0,35.1,33.72
3563,1770,118,1,114.0,0.0,51.06
3564,1770,150,1,112.0,11.2,53.89
3565,1770,458,1,137.0,0.0,54.24
3566,1771,763,3,59.0,0.0,20.79
3567,1771,618,3,61.0,18.3,23.76
3568,1771,622,1,64.0,12.8,32.05
3569,1771,799,1,47.0,7.05,22.07
3570,1772,557,1,111.0,0.0,45.98
3571,1772,590,2,125.0,25.0,47.5
3572,1772,595,3,148.0,0.0,52.23
3573,1773,764,1,49.0,0.0,23.08
3574,1773,321,2,104.0,0.0,52.59
3575,1774,1061,1,205.0,41.0,99.95
3576,1774,756,2,64.0,12.8,27.48
3577,1775,925,1,85.0,0.0,33.81
3578,1775,462,1,103.0,5.15,49.77
3579,1775,646,3,66.0,0.0,26.93
3580,1776,42,1,108.0,0.0,39.53
3581,1776,327,1,103.0,0.0,37.84
3582,1776,11,1,109.0,10.9,46.27
3583,1776,169,1,108.0,0.0,40.08
3584,1777,559,2,148.0,0.0,73.86
3585,1777,824,1,50.0,0.0,17.15
3586,1777,167,1,113.0,22.6,40.78
3587,1778,418,2,99.0,0.0,40.05
3588,1778,442,2,133.0,26.6,45.79
3589,1779,412,3,106.0,0.0,42.22
3590,1779,31,1,109.0,16.35,42.98
3591,1780,647,1,53.0,0.0,23.92
3592,1780,174,2,107.0,0.0,49.62
3593,1780,524,1,118.0,0.0,49.25
3594,1780,132,1,101.0,0.0,52.47
3595,1781,517,3,138.0,41.4,61.98
3596,1782,306,2,102.0,10.2,39.54
3597,1782,889,2,104.0,0.0,48.59
3598,1782,25,3,106.0,47.7,41.64
3599,1782,823,1,46.0,2.3,20.77
3600,1783,617,1,48.0,0.0,19.05
3601,1783,112,2,120.0,0.0,61.51
3602,1783,771,1,58.0,0.0,28.97
3603,1783,378,3,132.0,59.4,45.71
3604,1784,465,1,113.0,0.0,45.77
3605,1784,131,1,107.0,16.05,54.07
3606,1785,1073,2,223.0,0.0,113.43
3607,1786,3,1,111.0,0.0,45.15
3608,1787,407,1,136.0,0.0,51.27
3609,1787,878,2,108.0,0.0,44.26
3610,1788,920,1,73.0,0.0,29.7
3611,1788,779,2,68.0,13.6,23.67
3612,1788,679,1,57.0,8.55,26.3
3613,1788,898,1,90.0,0.0,45.91
3614,1789,45,1,98.0,0.0,50.23
3615,1790,349,2,98.0,0.0,40.38
3616,1790,732,1,52.0,0.0,20.13
3617,1790,689,2,57.0,0.0,19.52
3618,1791,535,1,138.0,0.0,49.35
3619,1792,30,2,102.0,0.0,47.46
3620,1793,528,1,109.0,0.0,41.14
3621,1794,116,1,102.0,5.1,45.19
3622,1795,1018,2,185.0,37.0,65.02
3623,1796,811,2,52.0,0.0,26.66
3624,1796,976,3,209.0,0.0,97.33
3625,1796,1017,1,151.0,7.55,59.58
3626,1796,65,1,106.0,0.0,50.87
3627,1797,493,3,123.0,18.45,55.7
3628,1797,98,1,115.0,0.0,52.4
3629,1797,877,3,117.0,17.55,58.12
3630,1798,148,1,125.0,18.75,58.47
3631,1799,20,1,118.0,0.0,50.13
3632,1799,485,1,108.0,10.8,54.15
3633,1799,185,2,74.0,0.0,25.93
3634,1799,784,1,45.0,0.0,19.8
3635,1800,535,1,138.0,0.0,49.35
3636,1800,53,1,121.0,12.1,43.49
3637,1801,1061,1,205.0,0.0,99.95
3638,1801,696,1,48.0,0.0,20.91
3639,1801,138,1,99.0,0.0,33.76
3640,1801,1038,2,213.0,0.0,97.32
3641,1802,161,3,119.0,0.0,54.34
3642,1802,120,3,113.0,33.9,46.93
3643,1802,645,3,67.0,0.0,31.63
3644,1803,46,2,122.0,0.0,43.3
3645,1804,49,1,114.0,0.0,47.77
3646,1805,223,2,67.0,6.7,30.43
3647,1806,426,1,122.0,0.0,56.17
3648,1807,629,2,57.0,0.0,25.99
3649,1808,885,1,110.0,0.0,52.94
3650,1808,999,1,191.0,0.0,72.0
3651,1809,248,1,59.0,0.0,24.95
3652,1810,360,3,111.0,16.65,53.67
3653,1810,848,1,95.0,14.25,43.69
3654,1811,489,1,125.0,0.0,57.62
3655,1812,1092,1,200.0,0.0,72.86
3656,1813,835,2,47.0,4.7,16.33
3657,1814,286,2,71.0,0.0,28.22
3658,1815,671,2,52.0,0.0,26.53
3659,1815,333,3,134.0,0.0,63.64
3660,1816,748,1,54.0,2.7,21.27
3661,1817,461,1,138.0,0.0,67.84
3662,1818,586,1,118.0,0.0,51.89
3663,1818,394,1,113.0,0.0,43.71
3664,1818,229,2,64.0,0.0,23.55
3665,1819,33,1,127.0,25.4,63.95
3666,1820,93,1,105.0,0.0,46.5
3667,1820,281,3,71.0,0.0,34.15
3668,1821,48,2,112.0,11.2,43.46
3669,1822,25,2,106.0,0.0,41.64
3670,1822,77,1,120.0,0.0,50.9
3671,1822,720,1,55.0,0.0,23.08
3672,1822,598,1,132.0,0.0,50.03
3673,1823,622,1,64.0,9.6,32.05
3674,1823,696,2,48.0,9.6,20.91
3675,1823,414,1,130.0,0.0,55.87
3676,1823,591,2,142.0,0.0,54.34
3677,1824,824,1,50.0,2.5,17.15
3678,1825,642,1,57.0,0.0,24.61
3679,1826,747,1,68.0,0.0,31.79
3680,1826,511,1,122.0,0.0,43.26
3681,1826,961,2,170.0,17.0,75.36
3682,1826,224,2,66.0,0.0,33.84
3683,1827,26,1,115.0,0.0,55.33
3684,1827,336,2,114.0,0.0,50.29
3685,1827,4,1,117.0,0.0,57.11
3686,1828,762,2,62.0,0.0,30.77
3687,1828,690,1,60.0,0.0,20.83
3688,1828,763,2,59.0,0.0,20.79
3689,1828,329,1,127.0,0.0,53.72
3690,1829,1104,1,37.0,0.0,14.13
3691,1829,512,2,131.0,0.0,56.2
3692,1829,324,3,106.0,0.0,53.67
3693,1829,774,1,54.0,0.0,21.33
3694,1830,77,1,120.0,0.0,50.9
3695,1830,972,1,215.0,0.0,96.09
3696,1830,131,1,107.0,0.0,54.07
3697,1830,419,1,116.0,23.2,52.66
3698,1831,649,2,51.0,0.0,18.15
3699,1832,29,2,112.0,22.4,41.33
3700,1833,324,3,106.0,0.0,53.67
3701,1833,704,2,68.0,0.0,23.64
3702,1834,338,1,124.0,0.0,49.8
3703,1834,110,3,126.0,0.0,56.77
3704,1834,876,1,93.0,9.3,45.34
3705,1835,291,1,58.0,0.0,22.26
3706,1835,426,1,122.0,0.0,56.17
3707,1836,405,1,124.0,0.0,49.31
3708,1837,694,2,54.0,0.0,18.6
3709,1837,779,3,68.0,30.6,23.67
3710,1838,119,1,124.0,0.0,44.77
3711,1838,126,1,128.0,12.8,60.06
3712,1838,12,3,102.0,0.0,43.41
3713,1838,631,2,50.0,0.0,21.28
3714,1839,569,1,123.0,0.0,53.59
3715,1840,646,1,66.0,0.0,26.93
3716,1841,754,1,49.0,7.35,20.05
3717,1841,421,2,125.0,25.0,54.97
3718,1842,620,1,65.0,6.5,23.92
3719,1842,843,2,108.0,0.0,39.14
3720,1842,371,2,106.0,0.0,48.87
3721,1842,374,1,127.0,6.35,54.41
3722,1843,676,1,66.0,6.6,28.74
3723,1843,705,1,57.0,0.0,23.41
3724,1844,359,1,133.0,0.0,49.23
3725,1845,128,2,101.0,0.0,45.03
3726,1845,890,2,90.0,0.0,44.28
3727,1845,701,1,48.0,0.0,21.99
3728,1845,825,2,57.0,0.0,27.4
3729,1846,708,1,49.0,0.0,18.93
3730,1846,1049,1,176.0,0.0,70.04
3731,1846,409,1,100.0,0.0,45.15
3732,1847,769,2,58.0,17.4,24.95
3733,1847,637,1,68.0,0.0,34.21
3734,1848,525,2,118.0,0.0,56.6
3735,1849,667,1,68.0,13.6,24.92
3736,1849,45,2,98.0,0.0,50.23
3737,1849,1061,3,205.0,0.0,99.95
3738,1850,105,1,122.0,0.0,61.6
3739,1851,508,1,110.0,16.5,47.26
3740,1852,332,1,132.0,0.0,45.84
3741,1853,385,3,124.0,55.8,44.81
3742,1853,692,1,55.0,5.5,20.61
3743,1854,678,2,56.0,0.0,21.06
3744,1855,117,2,119.0,11.9,56.82
3745,1856,322,2,100.0,20.0,40.16
3746,1857,282,2,67.0,0.0,33.68
3747,1858,103,2,108.0,0.0,43.84
3748,1859,256,2,67.0,0.0,30.06
3749,1860,484,1,137.0,0.0,47.83
3750,1861,823,2,46.0,0.0,20.77
3751,1861,516,2,112.0,0.0,44.42
3752,1862,9,2,99.0,0.0,36.41
3753,1863,501,1,125.0,0.0,60.1
3754,1864,466,1,101.0,0.0,35.75
3755,1864,480,1,127.0,0.0,47.04
3756,1864,794,2,45.0,0.0,20.06
3757,1864,485,1,108.0,0.0,54.15
3758,1865,435,1,137.0,0.0,70.34
3759,1865,644,1,51.0,0.0,19.36
3760,1866,22,1,115.0,0.0,45.39
3761,1867,120,1,113.0,5.65,46.93
3762,1867,307,2,105.0,42.0,43.52
3763,1868,8,1,122.0,18.3,45.75
3764,1869,80,1,121.0,0.0,60.04
3765,1869,47,1,113.0,11.3,57.5
3766,1870,550,2,117.0,0.0,50.37
3767,1871,63,1,100.0,0.0,36.76
3768,1872,391,1,136.0,0.0,64.23
3769,1872,152,1,107.0,5.35,47.51
3770,1873,492,2,129.0,51.6,61.16
3771,1873,263,1,59.0,0.0,25.45
3772,1873,124,2,120.0,0.0,52.74
3773,1874,39,2,120.0,0.0,50.13
3774,1875,945,2,85.0,17.0,41.97
3775,1876,1085,2,212.0,0.0,94.58
3776,1876,115,1,99.0,0.0,44.64
3777,1877,826,1,47.0,0.0,20.29
3778,1877,519,1,116.0,0.0,43.52
3779,1878,8,1,122.0,18.3,45.75
3780,1879,1024,2,210.0,84.0,107.85
3781,1879,845,1,117.0,0.0,59.8
3782,1880,445,3,99.0,0.0,41.89
3783,1880,686,3,52.0,0.0,24.33
3784,1880,68,2,128.0,0.0,55.19
3785,1880,463,3,120.0,18.0,60.22
3786,1881,667,1,68.0,0.0,24.92
3787,1881,768,2,59.0,0.0,24.59
3788,1882,697,1,48.0,0.0,22.93
3789,1882,125,2,122.0,0.0,52.01
3790,1883,68,1,128.0,0.0,55.19
3791,1883,918,1,77.0,0.0,32.59
3792,1884,954,1,174.0,0.0,84.16
3793,1884,474,1,130.0,0.0,58.66
3794,1885,179,1,102.0,0.0,42.91
3795,1885,515,1,110.0,0.0,57.1
3796,1886,621,2,57.0,0.0,23.92
3797,1887,801,1,50.0,0.0,24.86
3798,1887,112,2,120.0,36.0,61.51
3799,1888,369,2,102.0,0.0,48.04
3800,1888,876,1,93.0,0.0,45.34
3801,1888,688,1,50.0,0.0,21.8
3802,1888,750,2,63.0,0.0,32.18
3803,1889,480,1,127.0,19.05,47.04
3804,1889,448,1,114.0,0.0,55.36
3805,1890,147,1,99.0,14.85,44.64
3806,1890,775,1,55.0,0.0,20.18
3807,1890,648,1,53.0,0.0,24.63
3808,1891,141,1,126.0,0.0,60.35
3809,1892,68,3,128.0,0.0,55.19
3810,1893,978,2,174.0,34.8,66.51
3811,1894,524,3,118.0,0.0,49.25
3812,1895,864,1,111.0,0.0,54.54
3813,1896,1002,1,158.0,0.0,55.07
3814,1896,623,2,51.0,0.0,25.64
3815,1897,862,3,100.0,30.0,42.15
3816,1897,348,1,138.0,20.7,56.85
3817,1898,920,2,73.0,0.0,29.7
3818,1899,585,1,134.0,0.0,52.68
3819,1900,893,1,89.0,0.0,33.87
3820,1900,96,3,110.0,0.0,39.36
3821,1900,116,2,102.0,0.0,45.19
3822,1900,269,1,61.0,3.05,27.28
3823,1901,689,2,57.0,17.1,19.52
3824,1901,278,2,77.0,0.0,38.83
3825,1901,636,2,67.0,6.7,22.93
3826,1901,292,1,67.0,0.0,33.41
3827,1902,472,2,106.0,0.0,46.89
3828,1902,756,2,64.0,0.0,27.48
3829,1902,1080,3,170.0,51.0,58.6
3830,1902,379,2,128.0,25.6,47.39
3831,1903,500,2,136.0,0.0,63.5
3832,1903,823,1,46.0,0.0,20.77
3833,1904,998,3,168.0,0.0,80.73
3834,1904,196,1,74.0,0.0,31.52
3835,1904,688,1,50.0,7.5,21.8
3836,1904,839,1,55.0,0.0,19.91
3837,1905,471,2,100.0,10.0,36.76
3838,1906,904,3,73.0,0.0,31.9
3839,1906,124,1,120.0,6.0,52.74
3840,1907,201,2,61.0,6.1,28.8
3841,1908,236,1,58.0,0.0,29.74
3842,1908,108,2,121.0,0.0,47.42
3843,1909,760,1,58.0,0.0,25.78
3844,1909,528,1,109.0,0.0,41.14
3845,1909,1046,1,187.0,0.0,78.37
3846,1910,110,3,126.0,0.0,56.77
3847,1911,608,1,67.0,0.0,25.24
3848,1911,371,2,106.0,0.0,48.87
3849,1911,609,2,65.0,6.5,25.65
3850,1912,744,1,51.0,7.65,20.45
3851,1913,807,2,45.0,0.0,18.32
3852,1913,365,1,107.0,10.7,38.53
3853,1913,996,1,214.0,21.4,100.63
3854,1913,902,1,77.0,0.0,27.61
3855,1914,1012,2,153.0,61.2,57.34
3856,1915,772,1,62.0,0.0,24.02
3857,1915,895,2,112.0,0.0,55.61
3858,1915,100,1,127.0,19.05,53.76
3859,1916,7,2,108.0,0.0,55.59
3860,1916,2,2,121.0,0.0,58.26
3861,1917,95,3,125.0,0.0,61.25
3862,1917,498,2,138.0,13.8,58.8
3863,1917,790,2,56.0,0.0,28.11
3864,1918,445,1,99.0,0.0,41.89
3865,1919,851,2,94.0,0.0,46.53
3866,1920,65,1,106.0,5.3,50.87
3867,1920,118,1,114.0,0.0,51.06
3868,1921,1055,2,156.0,15.6,61.71
3869,1921,190,1,75.0,0.0,26.92
3870,1921,365,2,107.0,0.0,38.53
3871,1921,642,1,57.0,0.0,24.61
3872,1922,1077,1,205.0,10.25,99.27
3873,1922,278,2,77.0,0.0,38.83
3874,1923,798,1,50.0,0.0,22.25
3875,1924,858,2,94.0,18.8,45.88
3876,1925,345,1,135.0,0.0,50.82
3877,1926,758,3,49.0,0.0,18.98
3878,1927,753,1,60.0,0.0,30.1
3879,1928,587,3,126.0,56.7,56.98
3880,1928,739,1,63.0,0.0,27.18
3881,1928,866,1,105.0,0.0,52.62
3882,1929,956,3,159.0,0.0,80.2
3883,1930,46,2,122.0,0.0,43.3
3884,1930,479,2,125.0,0.0,52.28
3885,1931,934,2,74.0,0.0,32.46
3886,1931,676,1,66.0,0.0,28.74
3887,1932,722,1,49.0,0.0,17.67
3888,1932,773,1,55.0,0.0,23.86
3889,1932,646,1,66.0,0.0,26.93
3890,1932,62,3,98.0,0.0,37.57
3891,1933,393,2,117.0,11.7,40.82
3892,1934,748,2,54.0,0.0,21.27
3893,1935,44,2,116.0,0.0,46.68
3894,1936,636,1,67.0,6.7,22.93
3895,1937,364,1,122.0,0.0,47.42
3896,1937,546,1,113.0,0.0,54.3
3897,1938,228,2,71.0,0.0,27.97
3898,1938,359,1,133.0,0.0,49.23
3899,1939,954,2,174.0,0.0,84.16
3900,1940,142,1,123.0,6.15,42.71
3901,1940,400,2,132.0,0.0,56.05
3902,1941,47,3,113.0,67.8,57.5
3903,1941,877,1,117.0,0.0,58.12
3904,1942,521,3,141.0,0.0,54.66
3905,1942,931,1,81.0,4.05,34.21
3906,1942,233,1,76.0,7.6,36.61
3907,1943,840,1,48.0,0.0,23.54
3908,1944,677,2,52.0,5.2,20.5
3909,1944,166,1,122.0,0.0,48.39
3910,1945,1048,1,158.0,0.0,80.85
3911,1945,313,1,119.0,0.0,49.77
3912,1946,821,2,55.0,0.0,27.73
3913,1946,1054,3,187.0,56.1,64.84
3914,1946,646,1,66.0,0.0,26.93
3915,1947,279,1,65.0,0.0,30.68
3916,1948,668,1,49.0,0.0,16.8
3917,1948,947,2,86.0,0.0,39.68
3918,1948,799,1,47.0,0.0,22.07
3919,1948,544,2,117.0,23.4,40.84
3920,1949,642,1,57.0,0.0,24.61
3921,1950,293,1,68.0,0.0,25.39
3922,1950,437,2,113.0,22.6,40.48
3923,1950,694,1,54.0,0.0,18.6
3924,1951,440,3,115.0,0.0,41.55
3925,1951,395,2,108.0,0.0,52.79
3926,1952,578,3,124.0,0.0,56.41
3927,1952,533,2,148.0,29.6,61.29
3928,1953,546,3,113.0,50.85,54.3
3929,1954,282,1,67.0,0.0,33.68
3930,1954,665,1,64.0,0.0,29.04
3931,1954,1070,2,173.0,0.0,66.79
3932,1954,344,2,103.0,20.6,40.28
3933,1955,28,1,98.0,4.9,34.91
3934,1955,949,2,164.0,0.0,72.38
3935,1956,581,1,140.0,0.0,51.47
3936,1957,164,2,113.0,0.0,53.4
3937,1957,934,1,74.0,0.0,32.46
3938,1957,1003,3,174.0,0.0,67.23
3939,1958,135,2,100.0,30.0,50.15
3940,1958,404,3,102.0,0.0,37.91
3941,1958,701,1,48.0,7.2,21.99
3942,1959,95,2,125.0,12.5,61.25
3943,1959,371,1,106.0,5.3,48.87
3944,1960,779,2,68.0,6.8,23.67
3945,1961,899,1,108.0,21.6,53.07
3946,1962,965,1,218.0,0.0,98.2
3947,1963,694,2,54.0,21.6,18.6
3948,1963,637,1,68.0,0.0,34.21
3949,1963,142,1,123.0,0.0,42.71
3950,1963,636,2,67.0,0.0,22.93
3951,1964,959,2,226.0,0.0,80.94
3952,1964,742,3,48.0,7.2,21.13
3953,1965,724,3,57.0,0.0,23.65
3954,1965,515,2,110.0,0.0,57.1
3955,1966,33,2,127.0,12.7,63.95
3956,1966,993,2,219.0,0.0,89.2
3957,1966,1009,1,186.0,0.0,68.58
3958,1966,241,1,64.0,3.2,26.3
3959,1967,515,1,110.0,0.0,57.1
3960,1968,1079,1,189.0,0.0,71.85
3961,1968,687,2,62.0,0.0,24.89
3962,1968,434,1,129.0,0.0,55.39
3963,1969,435,1,137.0,20.55,70.34
3964,1969,776,3,60.0,0.0,21.84
3965,1970,229,2,64.0,6.4,23.55
3966,1970,806,2,48.0,0.0,16.76
3967,1971,980,1,173.0,0.0,63.22
3968,1972,537,3,119.0,0.0,57.51
3969,1973,201,2,61.0,0.0,28.8
3970,1974,211,2,60.0,0.0,29.67
3971,1975,81,1,106.0,0.0,43.18
3972,1976,893,1,89.0,13.35,33.87
3973,1977,347,3,108.0,0.0,48.88
3974,1977,883,1,105.0,0.0,45.38
3975,1977,1045,2,202.0,0.0,75.76
3976,1977,352,1,118.0,11.8,53.55
3977,1978,531,1,116.0,0.0,48.0
3978,1979,777,1,65.0,0.0,24.88
3979,1980,859,1,110.0,0.0,52.45
3980,1981,591,1,142.0,28.4,54.34
3981,1981,607,2,59.0,0.0,26.85
3982,1981,773,2,55.0,0.0,23.86
3983,1981,1080,2,170.0,0.0,58.6
3984,1982,877,1,117.0,0.0,58.12
3985,1983,1048,3,158.0,0.0,80.85
3986,1983,843,1,108.0,5.4,39.14
3987,1984,738,1,49.0,0.0,21.62
3988,1984,1086,3,179.0,0.0,61.92
3989,1984,304,1,129.0,0.0,61.79
3990,1985,153,2,118.0,0.0,60.1
3991,1986,462,2,103.0,0.0,49.77
3992,1987,612,3,59.0,17.7,26.02
3993,1987,499,2,123.0,0.0,48.65
3994,1987,527,3,108.0,16.2,47.82
3995,1987,792,2,46.0,0.0,22.5
3996,1988,729,2,50.0,5.0,19.88
3997,1988,85,2,112.0,22.4,41.03
3998,1988,1103,1,58.0,2.9,25.06
3999,1988,603,1,67.0,10.05,28.81
4000,1989,299,1,65.0,0.0,22.94
4001,1989,949,1,164.0,0.0,72.38
4002,1990,306,1,102.0,0.0,39.54
4003,1990,645,1,67.0,6.7,31.63
4004,1991,87,3,116.0,17.4,45.38
4005,1992,266,2,59.0,0.0,25.75
4006,1993,891,2,111.0,0.0,44.94
4007,1993,855,1,96.0,0.0,36.81
4008,1994,914,3,78.0,0.0,34.9
4009,1995,783,2,53.0,15.9,26.53
4010,1995,153,3,118.0,0.0,60.1
4011,1995,877,1,117.0,11.7,58.12
4012,1996,409,1,100.0,15.0,45.15
4013,1996,449,1,101.0,0.0,46.19
4014,1997,111,2,117.0,0.0,41.56
4015,1997,666,1,68.0,0.0,23.64
4016,1997,874,1,103.0,0.0,52.61
4017,1997,522,1,113.0,0.0,52.2
4018,1998,66,1,113.0,16.95,41.35
4019,1998,93,1,105.0,10.5,46.5
4020,1998,508,1,110.0,5.5,47.26
4021,1998,471,2,100.0,0.0,36.76
4022,1999,643,3,68.0,10.2,32.09
4023,1999,342,1,129.0,0.0,63.84
4024,1999,277,2,65.0,0.0,24.19
4025,1999,65,1,106.0,0.0,50.87
4026,2000,388,1,138.0,0.0,58.07
4027,2000,153,1,118.0,5.9,60.1
4028,2001,439,1,122.0,12.2,50.81
4029,2001,686,2,52.0,0.0,24.33
4030,2002,206,3,69.0,41.4,34.94
4031,2002,843,1,108.0,0.0,39.14
4032,2003,426,2,122.0,0.0,56.17
4033,2003,163,3,111.0,0.0,50.25
4034,2003,203,2,68.0,0.0,29.11
4035,2003,65,1,106.0,21.2,50.87
4036,2004,700,2,58.0,11.6,30.1
4037,2005,140,2,124.0,49.6,43.44
4038,2005,698,3,58.0,0.0,24.25
4039,2005,55,2,109.0,0.0,53.34
4040,2005,1048,1,158.0,0.0,80.85
4041,2006,660,1,48.0,0.0,18.47
4042,2006,29,2,112.0,0.0,41.33
4043,2006,601,2,61.0,24.4,24.32
4044,2006,435,2,137.0,0.0,70.34
4045,2007,746,1,64.0,6.4,24.06
4046,2007,480,2,127.0,0.0,47.04
4047,2007,839,2,55.0,0.0,19.91
4048,2007,515,2,110.0,0.0,57.1
4049,2008,808,1,50.0,5.0,19.11
4050,2009,384,1,110.0,0.0,41.74
4051,2009,415,1,109.0,5.45,44.53
4052,2009,347,2,108.0,0.0,48.88
4053,2010,381,1,116.0,0.0,41.38
4054,2010,479,1,125.0,6.25,52.28
4055,2011,1102,1,53.0,0.0,18.98
4056,2012,981,1,217.0,0.0,97.31
4057,2012,151,1,115.0,5.75,42.1
4058,2012,617,2,48.0,0.0,19.05
4059,2012,74,1,113.0,0.0,49.71
4060,2013,645,3,67.0,20.1,31.63
4061,2013,636,3,67.0,10.05,22.93
4062,2013,77,2,120.0,0.0,50.9
4063,2013,584,3,116.0,0.0,43.96
4064,2014,730,2,59.0,0.0,23.21
4065,2015,981,1,217.0,0.0,97.31
4066,2016,57,3,113.0,0.0,43.63
4067,2017,944,1,71.0,0.0,29.97
4068,2018,1019,1,180.0,0.0,85.02
4069,2019,866,3,105.0,63.0,52.62
4070,2019,153,1,118.0,0.0,60.1
4071,2020,33,1,127.0,0.0,63.95
4072,2020,648,3,53.0,15.9,24.63
4073,2021,53,1,121.0,0.0,43.49
4074,2021,1095,3,19.0,0.0,9.42
4075,2022,331,2,112.0,22.4,41.65
4076,2022,1024,1,210.0,0.0,107.85
4077,2022,142,1,123.0,6.15,42.71
4078,2022,535,2,138.0,0.0,49.35
4079,2023,578,3,124.0,0.0,56.41
4080,2023,151,1,115.0,5.75,42.1
4081,2023,183,2,58.0,5.8,22.26
4082,2024,182,1,62.0,0.0,27.62
4083,2024,446,1,106.0,0.0,38.7
4084,2024,772,1,62.0,0.0,24.02
4085,2025,163,1,111.0,0.0,50.25
4086,2025,714,1,54.0,0.0,27.4
4087,2025,368,2,98.0,29.4,50.95
4088,2025,707,1,67.0,0.0,26.73
4089,2026,39,1,120.0,0.0,50.13
4090,2027,545,1,120.0,0.0,54.17
4091,2027,768,1,59.0,8.85,24.59
4092,2027,189,1,60.0,3.0,24.08
4093,2027,672,1,64.0,0.0,22.8
4094,2028,758,3,49.0,0.0,18.98
4095,2028,350,2,123.0,0.0,51.65
4096,2028,271,1,61.0,0.0,25.09
4097,2028,325,1,124.0,18.6,42.21
4098,2029,547,1,137.0,0.0,57.46
4099,2029,777,1,65.0,0.0,24.88
4100,2030,296,2,72.0,7.2,25.91
4101,2031,686,1,52.0,0.0,24.33
4102,2031,802,1,43.0,0.0,19.2
4103,2032,851,2,94.0,0.0,46.53
4104,2032,760,2,58.0,0.0,25.78
4105,2032,456,3,119.0,35.7,60.08
4106,2033,1019,1,180.0,0.0,85.02
4107,2034,701,2,48.0,9.6,21.99
4108,2035,470,1,136.0,0.0,70.16
4109,2035,676,2,66.0,0.0,28.74
4110,2035,593,1,130.0,0.0,58.7
4111,2035,729,2,50.0,0.0,19.88
4112,2036,167,1,113.0,0.0,40.78
4113,2037,107,2,113.0,0.0,54.78
4114,2038,627,1,55.0,0.0,20.92
4115,2038,791,2,43.0,0.0,19.97
4116,2038,395,2,108.0,0.0,52.79
4117,2038,789,1,54.0,0.0,20.28
4118,2039,82,2,101.0,0.0,50.11
4119,2040,230,3,63.0,0.0,27.79
4120,2041,207,2,63.0,0.0,25.65
4121,2042,61,1,125.0,0.0,59.3
4122,2042,501,1,125.0,0.0,60.1
4123,2042,765,2,63.0,6.3,22.17
4124,2043,80,1,121.0,0.0,60.04
4125,2044,262,2,62.0,0.0,22.68
4126,2044,179,1,102.0,0.0,42.91
4127,2045,239,1,59.0,0.0,21.25
4128,2045,542,1,134.0,0.0,64.44
4129,2045,5,1,105.0,15.75,46.18
4130,2046,869,1,97.0,14.55,41.73
4131,2047,437,1,113.0,5.65,40.48
4132,2048,866,1,105.0,0.0,52.62
4133,2048,116,1,102.0,0.0,45.19
4134,2048,140,2,124.0,12.4,43.44
4135,2048,211,2,60.0,0.0,29.67
4136,2049,827,1,42.0,8.4,16.85
4137,2050,316,2,106.0,0.0,40.87
4138,2051,686,3,52.0,23.4,24.33
4139,2052,790,3,56.0,0.0,28.11
4140,2052,588,1,121.0,0.0,55.84
4141,2053,420,2,130.0,39.0,53.36
4142,2054,282,1,67.0,10.05,33.68
4143,2054,779,1,68.0,0.0,23.67
4144,2055,936,3,82.0,49.2,30.04
4145,2056,277,2,65.0,0.0,24.19
4146,2056,679,1,57.0,2.85,26.3
4147,2056,1081,2,177.0,35.4,71.37
4148,2057,781,1,58.0,0.0,21.7
4149,2058,476,3,107.0,0.0,44.81
4150,2058,879,1,105.0,10.5,44.55
4151,2059,887,1,97.0,9.7,42.67
4152,2059,1003,1,174.0,26.1,67.23
4153,2059,656,1,48.0,0.0,18.8
4154,2059,175,2,110.0,11.0,50.09
4155,2060,7,2,108.0,0.0,55.59
4156,2061,168,1,124.0,0.0,43.4
4157,2062,113,1,110.0,0.0,52.9
4158,2063,197,1,71.0,0.0,33.35
4159,2063,1048,2,158.0,31.6,80.85
4160,2064,312,1,119.0,0.0,50.97
4161,2065,462,1,103.0,0.0,49.77
4162,2066,11,1,109.0,0.0,46.27
4163,2066,124,3,120.0,72.0,52.74
4164,2066,283,1,76.0,0.0,27.21
4165,2067,76,2,98.0,0.0,43.83
4166,2067,338,2,124.0,0.0,49.8
4167,2068,382,2,120.0,24.0,46.36
4168,2068,223,2,67.0,0.0,30.43
4169,2068,882,1,103.0,0.0,53.39
4170,2068,509,1,108.0,0.0,56.14
4171,2069,496,3,124.0,0.0,53.98
4172,2069,348,1,138.0,0.0,56.85
4173,2070,460,1,133.0,0.0,62.17
4174,2071,356,2,116.0,0.0,44.46
4175,2072,721,1,66.0,0.0,28.17
4176,2072,1078,1,216.0,32.4,89.24
4177,2073,348,1,138.0,27.6,56.85
4178,2073,817,2,57.0,22.8,24.84
4179,2073,254,1,71.0,0.0,26.22
4180,2074,255,1,75.0,15.0,28.93
4181,2074,427,2,136.0,0.0,55.85
4182,2075,764,1,49.0,0.0,23.08
4183,2075,276,1,71.0,10.65,32.86
4184,2076,729,1,50.0,0.0,19.88
4185,2077,569,2,123.0,0.0,53.59
4186,2077,432,1,111.0,0.0,55.3
4187,2078,30,2,102.0,10.2,47.46
4188,2078,788,2,58.0,0.0,20.42
4189,2079,776,1,60.0,0.0,21.84
4190,2079,912,1,68.0,6.8,33.81
4191,2080,112,1,120.0,0.0,61.51
4192,2080,185,3,74.0,44.4,25.93
4193,2080,65,3,106.0,0.0,50.87
4194,2081,431,2,117.0,0.0,39.9
4195,2081,434,2,129.0,0.0,55.39
4196,2082,904,2,73.0,0.0,31.9
4197,2082,346,1,126.0,0.0,64.45
4198,2083,883,2,105.0,31.5,45.38
4199,2084,31,1,109.0,0.0,42.98
4200,2085,321,2,104.0,0.0,52.59
4201,2086,785,1,56.0,2.8,28.43
4202,2087,611,1,64.0,0.0,24.86
4203,2087,428,1,121.0,12.1,41.24
4204,2088,388,2,138.0,0.0,58.07
4205,2088,396,2,104.0,0.0,40.43
4206,2088,1028,2,162.0,0.0,83.79
4207,2088,159,1,99.0,0.0,41.12
4208,2089,567,2,140.0,0.0,53.41
4209,2089,204,3,76.0,45.6,39.22
4210,2089,324,2,106.0,42.4,53.67
4211,2090,423,3,104.0,0.0,48.9
4212,2090,415,2,109.0,0.0,44.53
4213,2090,189,1,60.0,0.0,24.08
4214,2091,869,3,97.0,0.0,41.73
4215,2092,610,1,68.0,0.0,35.18
4216,2092,315,2,137.0,0.0,50.61
4217,2092,1068,1,226.0,0.0,107.61
4218,2092,187,1,64.0,0.0,30.61
4219,2093,161,3,119.0,0.0,54.34
4220,2093,859,1,110.0,0.0,52.45
4221,2093,433,2,121.0,12.1,47.03
4222,2093,287,1,69.0,0.0,28.54
4223,2094,846,2,108.0,0.0,45.6
4224,2095,316,3,106.0,0.0,40.87
4225,2096,1040,3,165.0,0.0,58.93
4226,2097,710,3,59.0,0.0,28.81
4227,2097,556,1,134.0,0.0,56.99
4228,2098,88,1,112.0,0.0,38.51
4229,2099,207,1,63.0,12.6,25.65
4230,2100,41,1,110.0,0.0,38.22
4231,2100,370,1,111.0,0.0,46.95
4232,2100,415,1,109.0,0.0,44.53
4233,2100,631,2,50.0,0.0,21.28
4234,2101,775,1,55.0,0.0,20.18
4235,2101,395,2,108.0,0.0,52.79
4236,2101,637,1,68.0,0.0,34.21
4237,2102,252,2,63.0,0.0,27.87
4238,2102,7,2,108.0,0.0,55.59
4239,2102,138,3,99.0,0.0,33.76
4240,2102,773,1,55.0,5.5,23.86
4241,2103,471,2,100.0,0.0,36.76
4242,2103,644,2,51.0,0.0,19.36
4243,2103,523,3,117.0,0.0,45.6
4244,2104,331,1,112.0,5.6,41.65
4245,2105,769,1,58.0,0.0,24.95
4246,2106,198,1,71.0,0.0,35.22
4247,2107,532,2,143.0,0.0,65.15
4248,2107,85,2,112.0,0.0,41.03
4249,2107,839,2,55.0,16.5,19.91
4250,2107,325,3,124.0,0.0,42.21
4251,2108,803,2,54.0,0.0,26.4
4252,2108,861,1,90.0,0.0,37.41
4253,2108,461,2,138.0,0.0,67.84
4254,2109,51,1,115.0,0.0,41.35
4255,2109,287,1,69.0,3.45,28.54
4256,2110,761,1,65.0,0.0,23.72
4257,2111,658,1,53.0,0.0,18.33
4258,2111,636,2,67.0,20.1,22.93
4259,2111,245,2,75.0,0.0,29.01
4260,2112,510,2,126.0,12.6,63.45
4261,2113,850,1,111.0,5.55,43.16
4262,2113,856,1,103.0,10.3,51.48
4263,2113,910,3,80.0,24.0,30.72
4264,2114,497,1,137.0,0.0,64.04
4265,2115,822,2,58.0,0.0,29.14
4266,2115,654,2,50.0,0.0,24.97
4267,2115,197,3,71.0,21.3,33.35
4268,2116,1049,1,176.0,0.0,70.04
4269,2116,879,1,105.0,0.0,44.55
4270,2116,164,1,113.0,0.0,53.4
4271,2117,106,1,121.0,18.15,52.8
4272,2118,924,1,75.0,3.75,30.63
4273,2118,669,1,50.0,0.0,19.92
4274,2119,46,1,122.0,0.0,43.3
4275,2119,849,2,115.0,0.0,56.06
4276,2119,339,3,116.0,0.0,42.07
4277,2119,707,2,67.0,0.0,26.73
4278,2120,889,1,104.0,0.0,48.59
4279,2120,232,1,78.0,0.0,35.99
4280,2121,578,1,124.0,12.4,56.41
4281,2122,66,2,113.0,0.0,41.35
4282,2122,7,2,108.0,21.6,55.59
4283,2123,329,1,127.0,12.7,53.72
4284,2123,157,2,117.0,0.0,48.45
4285,2123,227,1,69.0,0.0,32.68
4286,2124,133,1,106.0,0.0,52.01
4287,2124,693,1,56.0,2.8,22.46
4288,2124,852,2,115.0,46.0,57.26
4289,2124,411,1,126.0,0.0,65.44
4290,2125,466,3,101.0,0.0,35.75
4291,2126,734,1,64.0,9.6,26.12
4292,2126,467,2,116.0,34.8,58.87
4293,2127,776,1,60.0,0.0,21.84
4294,2127,755,3,55.0,8.25,21.55
4295,2128,250,1,77.0,0.0,26.31
4296,2129,863,1,94.0,0.0,41.53
4297,2129,608,1,67.0,0.0,25.24
4298,2129,398,1,132.0,0.0,44.91
4299,2130,515,2,110.0,0.0,57.1
4300,2130,459,3,109.0,49.05,55.98
4301,2130,183,2,58.0,11.6,22.26
4302,2130,854,2,101.0,0.0,44.53
4303,2131,385,1,124.0,12.4,44.81
4304,2131,947,1,86.0,0.0,39.68
4305,2131,674,1,68.0,0.0,29.3
4306,2131,749,1,63.0,0.0,21.91
4307,2132,748,3,54.0,0.0,21.27
4308,2132,112,1,120.0,0.0,61.51
4309,2132,1099,1,56.0,5.6,19.79
4310,2133,639,3,60.0,0.0,27.04
4311,2134,292,1,67.0,0.0,33.41
4312,2135,583,2,134.0,0.0,47.44
4313,2136,855,3,96.0,28.8,36.81
4314,2136,591,1,142.0,21.3,54.34
4315,2137,115,1,99.0,0.0,44.64
4316,2137,109,1,99.0,9.9,46.04
4317,2137,907,1,69.0,0.0,31.24
4318,2137,401,3,132.0,79.2,46.29
4319,2138,629,1,57.0,0.0,25.99
4320,2138,884,1,99.0,0.0,40.97
4321,2139,489,3,125.0,0.0,57.62
4322,2140,528,3,109.0,0.0,41.14
4323,2141,143,1,101.0,0.0,43.51
4324,2141,563,2,138.0,41.4,56.77
4325,2142,6,2,123.0,12.3,55.81
4326,2142,301,1,104.0,10.4,40.1
4327,2143,406,2,108.0,0.0,43.67
4328,2143,511,1,122.0,0.0,43.26
4329,2144,384,2,110.0,0.0,41.74
4330,2145,1090,1,176.0,0.0,78.38
4331,2145,98,3,115.0,17.25,52.4
4332,2145,750,1,63.0,0.0,32.18
4333,2145,391,1,136.0,0.0,64.23
4334,2146,234,1,69.0,6.9,24.73
4335,2147,745,1,52.0,0.0,18.56
4336,2147,133,2,106.0,31.8,52.01
4337,2148,897,1,116.0,0.0,41.54
4338,2148,170,1,121.0,0.0,41.46
4339,2149,108,2,121.0,0.0,47.42
4340,2150,43,1,116.0,0.0,43.0
4341,2150,894,1,113.0,11.3,40.06
4342,2151,340,2,125.0,0.0,57.25
4343,2151,859,2,110.0,0.0,52.45
4344,2151,357,1,109.0,0.0,42.12
4345,2152,115,2,99.0,0.0,44.64
4346,2153,17,1,98.0,0.0,47.2
4347,2153,214,1,63.0,9.45,31.09
4348,2154,890,1,90.0,0.0,44.28
4349,2154,1104,1,37.0,7.4,14.13
4350,2154,478,1,105.0,0.0,41.76
4351,2155,277,2,65.0,0.0,24.19
4352,2155,110,1,126.0,12.6,56.77
4353,2155,671,1,52.0,0.0,26.53
4354,2155,153,1,118.0,0.0,60.1
4355,2156,339,1,116.0,23.2,42.07
4356,2156,149,1,100.0,0.0,37.3
4357,2157,139,1,116.0,0.0,56.17
4358,2157,385,1,124.0,6.2,44.81
4359,2157,728,2,67.0,0.0,31.81
4360,2157,221,1,68.0,13.6,24.76
4361,2158,512,2,131.0,0.0,56.2
4362,2159,601,1,61.0,0.0,24.32
4363,2159,35,1,120.0,0.0,50.51
4364,2160,763,1,59.0,0.0,20.79
4365,2160,488,1,115.0,0.0,52.16
4366,2160,921,2,84.0,33.6,35.11
4367,2161,532,1,143.0,0.0,65.15
4368,2162,119,2,124.0,0.0,44.77
4369,2163,519,2,116.0,0.0,43.52
4370,2164,148,3,125.0,0.0,58.47
4371,2164,646,2,66.0,19.8,26.93
4372,2164,361,1,116.0,0.0,43.46
4373,2165,1090,1,176.0,0.0,78.38
4374,2165,878,1,108.0,0.0,44.26
4375,2166,294,2,59.0,0.0,22.82
4376,2167,903,1,72.0,0.0,27.29
4377,2168,701,1,48.0,0.0,21.99
4378,2168,634,1,65.0,13.0,32.93
4379,2169,413,3,101.0,0.0,49.0
4380,2169,1026,2,166.0,0.0,62.07
4381,2170,999,3,191.0,0.0,72.0
4382,2170,696,1,48.0,0.0,20.91
4383,2170,731,3,55.0,0.0,21.22
4384,2170,338,2,124.0,0.0,49.8
4385,2171,621,1,57.0,0.0,23.92
4386,2171,885,1,110.0,0.0,52.94
4387,2171,285,3,78.0,23.4,36.62
4388,2171,823,1,46.0,0.0,20.77
4389,2172,899,2,108.0,0.0,53.07
4390,2172,95,3,125.0,75.0,61.25
4391,2173,321,1,104.0,0.0,52.59
4392,2173,628,1,55.0,8.25,25.74
4393,2173,476,1,107.0,0.0,44.81
4394,2174,347,2,108.0,21.6,48.88
4395,2174,289,1,65.0,0.0,26.71
4396,2174,410,1,106.0,5.3,50.43
4397,2175,731,2,55.0,0.0,21.22
4398,2176,868,2,105.0,0.0,43.23
4399,2177,958,2,168.0,0.0,84.76
4400,2177,494,1,117.0,0.0,45.52
4401,2178,745,3,52.0,23.4,18.56
4402,2179,415,3,109.0,0.0,44.53
4403,2179,345,1,135.0,0.0,50.82
4404,2179,753,1,60.0,12.0,30.1
4405,2180,272,1,69.0,0.0,30.5
4406,2181,134,2,128.0,12.8,58.86
4407,2181,424,1,106.0,5.3,46.78
4408,2182,737,1,62.0,0.0,32.09
4409,2183,329,1,127.0,0.0,53.72
4410,2183,985,3,199.0,0.0,81.26
4411,2184,71,2,111.0,0.0,56.27
4412,2185,720,1,55.0,0.0,23.08
4413,2185,51,2,115.0,23.0,41.35
4414,2185,648,2,53.0,0.0,24.63
4415,2185,804,3,52.0,0.0,20.85
4416,2186,331,2,112.0,11.2,41.65
4417,2187,574,2,141.0,56.4,53.31
4418,2188,543,1,145.0,0.0,71.51
4419,2188,142,1,123.0,0.0,42.71
4420,2188,613,1,61.0,0.0,25.22
4421,2188,325,1,124.0,0.0,42.21
4422,2189,351,2,133.0,26.6,52.93
4423,2189,632,1,53.0,0.0,18.43
4424,2189,306,2,102.0,0.0,39.54
4425,2190,873,2,99.0,0.0,45.62
4426,2191,775,3,55.0,0.0,20.18
4427,2192,389,3,105.0,63.0,54.14
4428,2192,454,1,136.0,0.0,66.74
4429,2192,656,3,48.0,0.0,18.8
4430,2192,264,2,63.0,0.0,21.61
4431,2193,659,1,55.0,8.25,25.15
4432,2194,542,1,134.0,13.4,64.44
4433,2194,91,1,128.0,0.0,63.68
4434,2194,865,3,116.0,0.0,44.58
4435,2194,182,1,62.0,6.2,27.62
4436,2195,860,3,114.0,0.0,44.73
4437,2195,977,2,205.0,0.0,104.69
4438,2195,459,2,109.0,0.0,55.98
4439,2195,615,2,51.0,20.4,25.15
4440,2196,688,2,50.0,0.0,21.8
4441,2197,255,2,75.0,0.0,28.93
4442,2197,497,3,137.0,20.55,64.04
4443,2197,899,1,108.0,0.0,53.07
4444,2197,727,2,55.0,0.0,25.19
4445,2198,793,2,56.0,16.8,22.29
4446,2199,66,3,113.0,0.0,41.35
4447,2199,169,3,108.0,0.0,40.08
4448,2199,854,1,101.0,0.0,44.53
4449,2200,751,1,57.0,11.4,24.37
4450,2200,409,1,100.0,15.0,45.15
4451,2200,522,1,113.0,11.3,52.2
4452,2201,158,2,104.0,0.0,46.37
4453,2201,702,1,62.0,0.0,30.0
4454,2202,34,2,106.0,0.0,54.53
4455,2202,1057,1,153.0,0.0,65.16
4456,2203,750,2,63.0,6.3,32.18
4457,2203,887,1,97.0,14.55,42.67
4458,2204,497,2,137.0,0.0,64.04
4459,2204,677,1,52.0,0.0,20.5
4460,2205,1045,1,202.0,0.0,75.76
4461,2205,1032,1,150.0,15.0,53.17
4462,2206,88,1,112.0,0.0,38.51
4463,2206,716,1,55.0,0.0,26.78
4464,2206,624,2,51.0,0.0,19.2
4465,2206,692,1,55.0,0.0,20.61
4466,2207,311,1,136.0,0.0,67.98
4467,2208,1102,2,53.0,0.0,18.98
4468,2208,346,1,126.0,0.0,64.45
4469,2208,89,1,104.0,0.0,36.36
4470,2208,922,2,73.0,21.9,27.57
4471,2209,750,1,63.0,0.0,32.18
4472,2209,595,2,148.0,0.0,52.23
4473,2210,804,1,52.0,0.0,20.85
4474,2210,112,1,120.0,0.0,61.51
4475,2210,944,1,71.0,0.0,29.97
4476,2211,933,2,70.0,0.0,24.98
4477,2211,1058,2,166.0,0.0,62.08
4478,2211,753,1,60.0,0.0,30.1
4479,2212,182,2,62.0,0.0,27.62
4480,2212,404,1,102.0,10.2,37.91
4481,2213,286,1,71.0,3.55,28.22
4482,2214,645,1,67.0,6.7,31.63
4483,2214,373,2,136.0,0.0,54.11
4484,2214,636,2,67.0,0.0,22.93
4485,2215,515,1,110.0,0.0,57.1
4486,2216,194,2,60.0,0.0,20.48
4487,2217,50,2,123.0,36.9,61.66
4488,2217,547,1,137.0,0.0,57.46
4489,2217,178,1,115.0,23.0,56.47
4490,2218,653,2,57.0,17.1,29.16
4491,2218,57,2,113.0,22.6,43.63
4492,2219,703,2,58.0,0.0,20.74
4493,2219,832,1,58.0,11.6,22.46
4494,2220,934,3,74.0,33.3,32.46
4495,2221,519,1,116.0,11.6,43.52
4496,2222,685,2,55.0,5.5,26.69
4497,2223,1088,1,176.0,0.0,77.6
4498,2223,299,1,65.0,9.75,22.94
4499,2224,983,2,166.0,16.6,85.88
4500,2224,720,2,55.0,0.0,23.08
4501,2224,694,1,54.0,2.7,18.6
4502,2225,208,3,65.0,0.0,30.0
4503,2225,945,1,85.0,0.0,41.97
4504,2225,281,2,71.0,0.0,34.15
4505,2225,1013,1,168.0,0.0,77.95
4506,2226,409,1,100.0,0.0,45.15
4507,2227,678,2,56.0,11.2,21.06
4508,2227,170,1,121.0,0.0,41.46
4509,2228,523,2,117.0,0.0,45.6
4510,2228,680,1,58.0,8.7,23.36
4511,2229,653,2,57.0,17.1,29.16
4512,2229,207,3,63.0,0.0,25.65
4513,2230,578,1,124.0,0.0,56.41
4514,2231,444,3,125.0,0.0,50.98
4515,2232,722,2,49.0,0.0,17.67
4516,2233,819,3,43.0,12.9,16.42
4517,2233,158,1,104.0,5.2,46.37
4518,2233,1033,2,159.0,0.0,58.16
4519,2234,833,2,56.0,0.0,25.27
4520,2235,184,1,75.0,3.75,34.26
4521,2236,276,2,71.0,0.0,32.86
4522,2237,63,2,100.0,0.0,36.76
4523,2237,1072,1,150.0,0.0,67.19
4524,2238,677,1,52.0,7.8,20.5
4525,2238,1048,3,158.0,0.0,80.85
4526,2239,111,2,117.0,0.0,41.56
4527,2239,401,1,132.0,0.0,46.29
4528,2240,341,1,98.0,9.8,39.08
4529,2241,78,1,124.0,0.0,44.6
4530,2242,209,2,71.0,0.0,35.2
4531,2242,390,1,116.0,0.0,44.05
4532,2242,913,1,76.0,0.0,26.23
4533,2242,688,2,50.0,20.0,21.8
4534,2243,748,3,54.0,0.0,21.27
4535,2243,402,2,117.0,0.0,43.9
4536,2244,869,1,97.0,0.0,41.73
4537,2245,616,1,52.0,0.0,24.79
4538,2246,849,1,115.0,0.0,56.06
4539,2246,276,2,71.0,0.0,32.86
4540,2246,756,2,64.0,0.0,27.48
4541,2247,135,1,100.0,0.0,50.15
4542,2247,645,1,67.0,0.0,31.63
4543,2248,366,2,121.0,0.0,50.36
4544,2249,494,2,117.0,0.0,45.52
4545,2249,89,1,104.0,0.0,36.36
4546,2249,526,2,123.0,0.0,60.31
4547,2249,563,1,138.0,0.0,56.77
4548,2250,315,1,137.0,0.0,50.61
4549,2250,316,1,106.0,0.0,40.87
4550,2251,946,1,73.0,7.3,37.95
4551,2251,1030,1,204.0,0.0,87.99
4552,2251,653,1,57.0,0.0,29.16
4553,2251,810,1,55.0,0.0,26.65
4554,2252,49,1,114.0,0.0,47.77
4555,2253,469,3,138.0,0.0,52.35
4556,2254,450,2,124.0,0.0,51.74
4557,2254,595,1,148.0,0.0,52.23
4558,2255,285,1,78.0,0.0,36.62
4559,2255,45,2,98.0,0.0,50.23
4560,2255,118,3,114.0,0.0,51.06
4561,2256,753,1,60.0,6.0,30.1
4562,2257,684,2,59.0,0.0,22.59
4563,2257,696,1,48.0,0.0,20.91
4564,2258,415,1,109.0,16.35,44.53
4565,2259,580,1,114.0,0.0,42.24
4566,2259,610,1,68.0,0.0,35.18
4567,2260,269,3,61.0,0.0,27.28
4568,2260,329,1,127.0,0.0,53.72
4569,2260,585,1,134.0,0.0,52.68
4570,2260,503,1,119.0,0.0,48.19
4571,2261,815,2,53.0,0.0,27.09
4572,2261,173,1,127.0,0.0,65.94
4573,2262,524,1,118.0,5.9,49.25
4574,2263,253,1,75.0,0.0,25.56
4575,2264,38,1,103.0,0.0,50.9
4576,2264,60,2,125.0,0.0,62.6
4577,2265,196,1,74.0,0.0,31.52
4578,2266,452,1,137.0,0.0,47.58
4579,2266,703,2,58.0,0.0,20.74
4580,2266,1034,1,171.0,0.0,58.97
4581,2267,919,2,82.0,32.8,37.37
4582,2268,1003,2,174.0,0.0,67.23
4583,2269,650,1,55.0,0.0,19.41
4584,2269,202,1,71.0,14.2,25.72
4585,2269,294,1,59.0,0.0,22.82
4586,2270,821,1,55.0,0.0,27.73
4587,2271,707,1,67.0,10.05,26.73
4588,2271,917,1,85.0,0.0,40.17
4589,2272,738,3,49.0,14.7,21.62
4590,2273,615,1,51.0,5.1,25.15
4591,2274,725,2,66.0,6.6,25.45
4592,2275,455,1,100.0,0.0,49.02
4593,2276,1021,1,161.0,0.0,64.99
4594,2277,118,1,114.0,0.0,51.06
4595,2277,1035,2,187.0,0.0,85.39
4596,2278,751,2,57.0,0.0,24.37
4597,2279,551,1,131.0,26.2,53.86
4598,2280,993,2,219.0,0.0,89.2
4599,2281,2,1,121.0,0.0,58.26
4600,2281,543,2,145.0,43.5,71.51
4601,2281,478,2,105.0,0.0,41.76
4602,2282,912,2,68.0,0.0,33.81
4603,2283,278,1,77.0,3.85,38.83
4604,2283,715,1,55.0,11.0,25.84
4605,2283,977,3,205.0,92.25,104.69
4606,2284,672,1,64.0,0.0,22.8
4607,2284,505,3,145.0,0.0,57.49
4608,2285,189,2,60.0,0.0,24.08
4609,2285,88,2,112.0,33.6,38.51
4610,2285,524,1,118.0,0.0,49.25
4611,2285,628,1,55.0,0.0,25.74
4612,2286,351,2,133.0,39.9,52.93
4613,2287,359,1,133.0,0.0,49.23
4614,2287,49,2,114.0,11.4,47.77
4615,2288,753,2,60.0,0.0,30.1
4616,2289,794,1,45.0,0.0,20.06
4617,2290,131,1,107.0,21.4,54.07
4618,2290,322,1,100.0,0.0,40.16
4619,2290,180,3,100.0,15.0,47.6
4620,2290,670,2,51.0,0.0,21.7
4621,2291,975,1,208.0,20.8,81.69
4622,2292,521,3,141.0,21.15,54.66
4623,2293,22,1,115.0,0.0,45.39
4624,2294,380,2,100.0,0.0,48.82
4625,2294,13,3,118.0,0.0,49.41
4626,2295,93,1,105.0,0.0,46.5
4627,2295,571,3,108.0,0.0,52.5
4628,2296,31,2,109.0,0.0,42.98
4629,2297,235,2,78.0,7.8,33.72
4630,2297,670,1,51.0,10.2,21.7
4631,2297,921,3,84.0,0.0,35.11
4632,2297,608,1,67.0,3.35,25.24
4633,2298,889,1,104.0,20.8,48.59
4634,2298,445,3,99.0,14.85,41.89
4635,2298,852,1,115.0,0.0,57.26
4636,2299,398,2,132.0,0.0,44.91
4637,2300,717,1,58.0,0.0,22.42
4638,2301,399,2,122.0,24.4,55.67
4639,2302,604,2,65.0,0.0,33.79
4640,2302,242,1,58.0,0.0,20.89
4641,2302,23,2,111.0,33.3,42.03
4642,2303,309,3,133.0,0.0,53.34
4643,2303,572,1,147.0,0.0,53.71
4644,2303,1041,2,162.0,0.0,78.14
4645,2304,650,3,55.0,16.5,19.41
4646,2305,786,1,57.0,0.0,23.66
4647,2305,745,3,52.0,0.0,18.56
4648,2305,286,2,71.0,0.0,28.22
4649,2305,479,2,125.0,0.0,52.28
4650,2306,815,1,53.0,0.0,27.09
4651,2306,428,2,121.0,0.0,41.24
4652,2306,278,1,77.0,3.85,38.83
4653,2306,675,1,51.0,0.0,19.91
4654,2307,105,1,122.0,18.3,61.6
4655,2307,363,3,109.0,0.0,38.43
4656,2307,491,1,123.0,0.0,58.13
4657,2307,390,1,116.0,5.8,44.05
4658,2308,400,1,132.0,6.6,56.05
4659,2308,410,1,106.0,0.0,50.43
4660,2309,172,2,116.0,23.2,41.94
4661,2310,53,2,121.0,0.0,43.49
4662,2311,239,2,59.0,0.0,21.25
4663,2311,1005,3,205.0,92.25,93.35
4664,2312,178,3,115.0,0.0,56.47
4665,2312,624,3,51.0,15.3,19.2
4666,2312,105,1,122.0,0.0,61.6
4667,2313,891,2,111.0,0.0,44.94
4668,2313,544,1,117.0,0.0,40.84
4669,2313,82,1,101.0,0.0,50.11
4670,2313,471,1,100.0,0.0,36.76
4671,2314,304,2,129.0,0.0,61.79
4672,2314,33,3,127.0,57.15,63.95
4673,2315,773,1,55.0,0.0,23.86
4674,2315,864,2,111.0,44.4,54.54
4675,2316,435,1,137.0,0.0,70.34
4676,2317,128,1,101.0,10.1,45.03
4677,2317,332,1,132.0,0.0,45.84
4678,2318,715,3,55.0,0.0,25.84
4679,2319,349,1,98.0,4.9,40.38
4680,2319,1050,1,193.0,9.65,97.55
4681,2319,241,1,64.0,0.0,26.3
4682,2319,748,2,54.0,0.0,21.27
4683,2320,333,1,134.0,0.0,63.64
4684,2321,1091,1,173.0,0.0,69.11
4685,2322,1040,2,165.0,0.0,58.93
4686,2323,443,1,117.0,0.0,54.31
4687,2323,58,1,103.0,0.0,35.85
4688,2324,594,1,146.0,0.0,63.53
4689,2324,159,2,99.0,19.8,41.12
4690,2324,102,1,111.0,16.65,46.07
4691,2325,780,1,49.0,0.0,21.88
4692,2325,674,1,68.0,0.0,29.3
4693,2326,775,1,55.0,0.0,20.18
4694,2326,963,2,223.0,22.3,96.12
4695,2326,561,1,145.0,0.0,64.01
4696,2327,649,1,51.0,0.0,18.15
4697,2327,619,2,49.0,0.0,21.79
4698,2327,775,1,55.0,0.0,20.18
4699,2327,605,1,54.0,2.7,20.79
4700,2328,250,1,77.0,3.85,26.31
4701,2329,717,2,58.0,0.0,22.42
4702,2329,541,2,124.0,0.0,42.94
4703,2329,864,1,111.0,0.0,54.54
4704,2329,477,2,113.0,0.0,54.1
4705,2330,779,3,68.0,0.0,23.67
4706,2330,524,3,118.0,0.0,49.25
4707,2331,1028,1,162.0,0.0,83.79
4708,2332,1104,1,37.0,0.0,14.13
4709,2333,697,2,48.0,4.8,22.93
4710,2334,767,1,49.0,0.0,24.19
4711,2335,54,3,105.0,31.5,36.41
4712,2336,517,2,138.0,27.6,61.98
4713,2337,762,1,62.0,12.4,30.77
4714,2337,103,2,108.0,10.8,43.84
4715,2338,345,2,135.0,27.0,50.82
4716,2338,212,1,77.0,0.0,35.57
4717,2339,75,1,124.0,0.0,45.29
4718,2339,220,1,60.0,0.0,31.17
4719,2339,830,2,51.0,0.0,21.92
4720,2340,736,1,64.0,6.4,22.44
4721,2340,374,1,127.0,12.7,54.41
4722,2341,436,2,105.0,0.0,46.93
4723,2341,861,2,90.0,0.0,37.41
4724,2341,537,1,119.0,0.0,57.51
4725,2342,451,1,99.0,0.0,43.19
4726,2342,296,2,72.0,0.0,25.91
4727,2343,838,3,48.0,0.0,21.68
4728,2344,438,3,117.0,0.0,51.67
4729,2345,218,1,67.0,0.0,32.52
4730,2345,330,1,122.0,18.3,51.86
4731,2345,447,1,112.0,5.6,40.03
4732,2345,556,1,134.0,6.7,56.99
4733,2346,45,3,98.0,0.0,50.23
4734,2346,859,1,110.0,16.5,52.45
4735,2347,669,1,50.0,0.0,19.92
4736,2347,713,3,59.0,26.55,28.75
4737,2348,449,1,101.0,15.15,46.19
4738,2348,759,1,52.0,0.0,19.53
4739,2349,735,1,68.0,0.0,29.51
4740,2349,492,3,129.0,0.0,61.16
4741,2349,963,3,223.0,0.0,96.12
4742,2350,1038,3,213.0,0.0,97.32
4743,2351,232,1,78.0,0.0,35.99
4744,2351,87,1,116.0,0.0,45.38
4745,2352,151,2,115.0,0.0,42.1
4746,2352,898,3,90.0,40.5,45.91
4747,2352,121,2,121.0,0.0,47.03
4748,2352,80,2,121.0,48.4,60.04
4749,2353,1018,2,185.0,18.5,65.02
4750,2354,841,2,98.0,9.8,36.25
4751,2355,135,2,100.0,0.0,50.15
4752,2356,474,1,130.0,0.0,58.66
4753,2356,587,1,126.0,0.0,56.98
4754,2357,647,1,53.0,5.3,23.92
4755,2357,1101,1,51.0,10.2,22.08
4756,2358,355,1,129.0,0.0,61.57
4757,2359,392,1,128.0,6.4,62.61
4758,2360,242,2,58.0,0.0,20.89
4759,2361,973,1,208.0,20.8,73.88
4760,2361,85,2,112.0,44.8,41.03
4761,2362,470,1,136.0,6.8,70.16
4762,2363,657,1,57.0,0.0,23.63
4763,2363,708,1,49.0,7.35,18.93
4764,2363,57,2,113.0,0.0,43.63
4765,2364,908,1,79.0,0.0,37.82
4766,2365,645,2,67.0,13.4,31.63
4767,2366,313,3,119.0,35.7,49.77
4768,2366,1060,1,196.0,0.0,89.28
4769,2367,852,3,115.0,0.0,57.26
4770,2367,126,2,128.0,0.0,60.06
4771,2368,1092,3,200.0,30.0,72.86
4772,2368,782,1,48.0,0.0,21.47
4773,2369,136,1,105.0,0.0,38.4
4774,2369,300,3,77.0,0.0,33.84
4775,2369,69,1,121.0,12.1,45.49
4776,2370,723,1,67.0,13.4,26.58
4777,2371,297,3,60.0,27.0,28.66
4778,2371,675,2,51.0,0.0,19.91
4779,2371,637,1,68.0,3.4,34.21
4780,2372,705,1,57.0,0.0,23.41
4781,2373,17,2,98.0,0.0,47.2
4782,2373,46,1,122.0,18.3,43.3
4783,2374,652,1,65.0,0.0,28.18
4784,2374,892,1,94.0,0.0,35.12
4785,2375,944,3,71.0,0.0,29.97
4786,2376,829,3,49.0,0.0,19.48
4787,2377,140,2,124.0,0.0,43.44
4788,2378,866,3,105.0,0.0,52.62
4789,2378,770,2,51.0,0.0,24.97
4790,2379,153,1,118.0,0.0,60.1
4791,2379,669,2,50.0,20.0,19.92
4792,2380,923,2,72.0,0.0,25.31
4793,2381,789,1,54.0,0.0,20.28
4794,2381,243,2,58.0,0.0,25.03
4795,2381,372,1,111.0,5.55,54.37
4796,2381,469,1,138.0,20.7,52.35
4797,2382,144,1,117.0,0.0,57.7
4798,2382,702,1,62.0,0.0,30.0
4799,2383,418,1,99.0,0.0,40.05
4800,2384,32,1,109.0,0.0,38.78
4801,2385,426,1,122.0,0.0,56.17
4802,2386,585,1,134.0,0.0,52.68
4803,2387,304,1,129.0,0.0,61.79
4804,2388,146,2,120.0,0.0,61.97
4805,2389,878,1,108.0,0.0,44.26
4806,2390,454,1,136.0,0.0,66.74
4807,2391,425,3,108.0,0.0,52.79
4808,2391,467,3,116.0,0.0,58.87
4809,2392,1024,3,210.0,0.0,107.85
4810,2392,714,1,54.0,0.0,27.4
4811,2393,147,1,99.0,0.0,44.64
4812,2393,313,3,119.0,71.4,49.77
4813,2393,8,2,122.0,0.0,45.75
4814,2394,885,2,110.0,11.0,52.94
4815,2395,605,1,54.0,0.0,20.79
4816,2396,329,1,127.0,19.05,53.72
4817,2397,691,1,63.0,0.0,24.53
4818,2398,173,2,127.0,12.7,65.94
4819,2399,686,1,52.0,0.0,24.33
4820,2399,519,1,116.0,17.4,43.52
4821,2399,436,1,105.0,21.0,46.93
4822,2399,282,2,67.0,6.7,33.68
4823,2400,736,2,64.0,0.0,22.44
4824,2400,999,3,191.0,0.0,72.0
4825,2401,115,1,99.0,0.0,44.64
4826,2401,606,1,60.0,0.0,31.13
4827,2401,324,2,106.0,10.6,53.67
4828,2401,1025,2,152.0,0.0,68.12
4829,2402,950,2,202.0,20.2,85.83
4830,2402,918,1,77.0,7.7,32.59
4831,2403,1104,1,37.0,0.0,14.13
4832,2404,376,1,111.0,16.65,48.41
4833,2405,72,2,128.0,0.0,54.78
4834,2405,1088,1,176.0,35.2,77.6
4835,2405,803,3,54.0,0.0,26.4
4836,2406,221,1,68.0,0.0,24.76
4837,2407,682,1,49.0,2.45,18.55
4838,2407,731,2,55.0,0.0,21.22
4839,2407,770,2,51.0,0.0,24.97
4840,2408,642,1,57.0,8.55,24.61
4841,2409,697,2,48.0,14.4,22.93
4842,2409,622,3,64.0,0.0,32.05
4843,2409,536,1,116.0,0.0,43.31
4844,2410,410,3,106.0,47.7,50.43
4845,2410,364,1,122.0,0.0,47.42
4846,2411,310,1,108.0,21.6,41.48
4847,2412,77,2,120.0,24.0,50.9
4848,2413,918,3,77.0,0.0,32.59
4849,2413,658,2,53.0,0.0,18.33
4850,2413,597,1,130.0,6.5,66.72
4851,2413,163,2,111.0,22.2,50.25
4852,2414,158,2,104.0,0.0,46.37
4853,2414,137,3,104.0,0.0,52.41
4854,2415,959,2,226.0,0.0,80.94
4855,2415,713,2,59.0,0.0,28.75
4856,2416,897,1,116.0,0.0,41.54
4857,2417,725,3,66.0,0.0,25.45
4858,2417,892,1,94.0,0.0,35.12
4859,2417,341,2,98.0,0.0,39.08
4860,2417,368,1,98.0,0.0,50.95
4861,2418,1065,1,198.0,29.7,82.33
4862,2418,884,1,99.0,0.0,40.97
4863,2418,493,1,123.0,0.0,55.7
4864,2418,1055,3,156.0,0.0,61.71
4865,2419,474,1,130.0,0.0,58.66
4866,2420,394,1,113.0,11.3,43.71
4867,2421,452,1,137.0,0.0,47.58
4868,2421,125,1,122.0,6.1,52.01
4869,2421,324,1,106.0,0.0,53.67
4870,2422,400,2,132.0,0.0,56.05
4871,2422,515,1,110.0,0.0,57.1
4872,2422,571,1,108.0,5.4,52.5
4873,2422,179,1,102.0,0.0,42.91
4874,2423,1046,2,187.0,0.0,78.37
4875,2424,121,1,121.0,6.05,47.03
4876,2425,397,2,104.0,0.0,45.92
4877,2426,319,2,119.0,0.0,44.47
4878,2427,264,1,63.0,0.0,21.61
4879,2428,338,2,124.0,0.0,49.8
4880,2428,604,1,65.0,0.0,33.79
4881,2429,930,2,79.0,15.8,40.09
4882,2429,803,2,54.0,10.8,26.4
4883,2429,47,2,113.0,22.6,57.5
4884,2429,412,2,106.0,0.0,42.22
4885,2430,867,3,110.0,16.5,46.65
4886,2431,227,3,69.0,10.35,32.68
4887,2431,475,1,136.0,0.0,54.76
4888,2431,443,1,117.0,0.0,54.31
4889,2432,800,3,46.0,20.7,20.81
4890,2433,408,1,99.0,19.8,35.44
4891,2434,673,2,48.0,0.0,20.66
4892,2434,1022,3,180.0,27.0,71.95
4893,2435,262,3,62.0,0.0,22.68
4894,2436,465,1,113.0,0.0,45.77
4895,2436,152,2,107.0,21.4,47.51
4896,2437,193,2,70.0,0.0,29.45
4897,2438,1052,3,212.0,0.0,105.64
4898,2438,706,1,49.0,7.35,19.04
4899,2439,30,3,102.0,0.0,47.46
4900,2439,256,2,67.0,0.0,30.06
4901,2440,397,3,104.0,0.0,45.92
4902,2441,218,2,67.0,0.0,32.52
4903,2441,962,2,185.0,74.0,84.57
4904,2441,853,3,95.0,28.5,48.23
4905,2442,705,2,57.0,0.0,23.41
4906,2443,592,1,127.0,0.0,60.56
4907,2443,358,1,114.0,0.0,43.25
4908,2444,739,2,63.0,12.6,27.18
4909,2445,785,2,56.0,16.8,28.43
4910,2446,305,2,136.0,0.0,49.19
4911,2446,432,2,111.0,22.2,55.3
4912,2447,109,1,99.0,0.0,46.04
4913,2448,371,1,106.0,5.3,48.87
4914,2449,644,1,51.0,0.0,19.36
4915,2449,158,2,104.0,31.2,46.37
4916,2450,823,2,46.0,0.0,20.77
4917,2451,172,2,116.0,0.0,41.94
4918,2451,208,2,65.0,0.0,30.0
4919,2452,651,1,63.0,0.0,24.65
4920,2452,562,1,127.0,0.0,51.14
4921,2453,664,1,68.0,6.8,32.47
4922,2454,315,2,137.0,13.7,50.61
4923,2455,671,1,52.0,0.0,26.53
4924,2455,423,1,104.0,0.0,48.9
4925,2455,320,2,131.0,0.0,62.03
4926,2456,417,1,106.0,0.0,38.01
4927,2457,524,2,118.0,23.6,49.25
4928,2457,846,1,108.0,5.4,45.6
4929,2458,971,1,165.0,0.0,85.18
4930,2459,844,1,116.0,5.8,41.29
4931,2460,715,1,55.0,5.5,25.84
4932,2460,546,1,113.0,11.3,54.3
4933,2460,863,1,94.0,0.0,41.53
4934,2460,799,1,47.0,0.0,22.07
4935,2461,182,1,62.0,0.0,27.62
4936,2462,403,1,99.0,0.0,35.43
4937,2463,891,2,111.0,0.0,44.94
4938,2464,641,1,49.0,0.0,23.1
4939,2465,575,1,115.0,0.0,40.58
4940,2466,146,2,120.0,0.0,61.97
4941,2466,877,1,117.0,0.0,58.12
4942,2466,592,1,127.0,12.7,60.56
4943,2466,493,3,123.0,0.0,55.7
4944,2467,173,1,127.0,0.0,65.94
4945,2467,681,1,57.0,2.85,23.09
4946,2468,161,1,119.0,0.0,54.34
4947,2468,418,3,99.0,0.0,40.05
4948,2469,1025,2,152.0,0.0,68.12
4949,2469,822,1,58.0,0.0,29.14
4950,2470,1086,2,179.0,17.9,61.92
4951,2471,580,2,114.0,0.0,42.24
4952,2471,389,2,105.0,0.0,54.14
4953,2472,500,1,136.0,6.8,63.5
4954,2472,345,1,135.0,6.75,50.82
4955,2472,365,1,107.0,10.7,38.53
4956,2473,959,1,226.0,45.2,80.94
4957,2473,741,1,63.0,3.15,30.97
4958,2473,318,1,122.0,0.0,51.69
4959,2474,894,3,113.0,0.0,40.06
4960,2474,340,3,125.0,0.0,57.25
4961,2475,227,2,69.0,6.9,32.68
4962,2476,699,1,62.0,3.1,24.52
4963,2476,478,1,105.0,0.0,41.76
4964,2477,850,2,111.0,0.0,43.16
4965,2477,680,2,58.0,23.2,23.36
4966,2477,258,1,74.0,3.7,33.16
4967,2478,112,3,120.0,0.0,61.51
4968,2478,434,1,129.0,12.9,55.39
4969,2479,63,2,100.0,0.0,36.76
4970,2479,670,2,51.0,0.0,21.7
4971,2480,1073,2,223.0,89.2,113.43
4972,2480,88,2,112.0,0.0,38.51
4973,2481,691,2,63.0,0.0,24.53
4974,2481,92,1,114.0,0.0,42.48
4975,2482,728,3,67.0,0.0,31.81
4976,2483,906,2,77.0,0.0,39.88
4977,2484,182,1,62.0,6.2,27.62
4978,2485,579,1,146.0,0.0,61.4
4979,2485,81,2,106.0,0.0,43.18
4980,2485,255,1,75.0,0.0,28.93
4981,2485,319,1,119.0,0.0,44.47
4982,2486,810,2,55.0,0.0,26.65
4983,2486,657,1,57.0,0.0,23.63
4984,2487,134,2,128.0,0.0,58.86
4985,2487,663,2,50.0,0.0,25.48
4986,2488,330,2,122.0,0.0,51.86
4987,2488,200,1,78.0,0.0,40.14
4988,2489,141,2,126.0,12.6,60.35
4989,2489,61,1,125.0,0.0,59.3
4990,2490,449,1,101.0,0.0,46.19
4991,2491,635,1,67.0,0.0,23.0
4992,2492,80,2,121.0,24.2,60.04
4993,2493,789,1,54.0,0.0,20.28
4994,2494,707,1,67.0,6.7,26.73
4995,2495,353,3,108.0,0.0,54.46
4996,2496,229,1,64.0,0.0,23.55
4997,2497,543,2,145.0,0.0,71.51
4998,2497,457,2,114.0,11.4,47.89
4999,2497,406,1,108.0,0.0,43.67
5000,2498,100,1,127.0,12.7,53.76
5001,2498,856,3,103.0,0.0,51.48
5002,2499,751,2,57.0,0.0,24.37
5003,2499,258,2,74.0,0.0,33.16
5004,2499,738,1,49.0,0.0,21.62
5005,2499,326,2,109.0,0.0,38.28
5006,2500,673,1,48.0,0.0,20.66
5007,2500,742,2,48.0,0.0,21.13
5008,2501,217,1,76.0,7.6,27.0
5009,2501,217,1,76.0,11.4,27.0
5010,2502,620,3,65.0,0.0,23.92
5011,2503,484,1,137.0,0.0,47.83
5012,2504,883,1,105.0,0.0,45.38
5013,2505,322,2,100.0,30.0,40.16
5014,2506,822,1,58.0,0.0,29.14
5015,2506,878,1,108.0,0.0,44.26
5016,2507,282,2,67.0,0.0,33.68
5017,2508,301,1,104.0,5.2,40.1
5018,2508,1090,1,176.0,0.0,78.38
5019,2508,547,3,137.0,0.0,57.46
5020,2508,934,1,74.0,11.1,32.46
5021,2509,31,1,109.0,10.9,42.98
5022,2510,681,3,57.0,0.0,23.09
5023,2510,372,1,111.0,0.0,54.37
5024,2511,293,1,68.0,10.2,25.39
5025,2512,159,1,99.0,0.0,41.12
5026,2512,507,1,143.0,0.0,54.69
5027,2513,967,1,167.0,0.0,58.6
5028,2513,477,1,113.0,0.0,54.1
5029,2513,164,1,113.0,11.3,53.4
5030,2514,659,1,55.0,5.5,25.15
5031,2515,912,2,68.0,13.6,33.81
5032,2515,205,3,59.0,0.0,20.96
5033,2516,226,3,62.0,0.0,24.71
5034,2516,586,3,118.0,0.0,51.89
5035,2516,716,1,55.0,0.0,26.78
5036,2516,35,1,120.0,0.0,50.51
5037,2517,757,3,48.0,0.0,16.9
5038,2518,327,1,103.0,5.15,37.84
5039,2519,74,3,113.0,0.0,49.71
5040,2519,612,1,59.0,0.0,26.02
5041,2520,105,1,122.0,0.0,61.6
5042,2520,394,1,113.0,0.0,43.71
5043,2521,934,1,74.0,0.0,32.46
5044,2522,539,1,118.0,17.7,42.99
5045,2523,447,2,112.0,33.6,40.03
5046,2523,856,1,103.0,0.0,51.48
5047,2524,547,1,137.0,0.0,57.46
5048,2525,252,1,63.0,3.15,27.87
5049,2525,1017,1,151.0,0.0,59.58
5050,2526,520,3,133.0,0.0,54.86
5051,2527,575,1,115.0,17.25,40.58
5052,2527,772,1,62.0,0.0,24.02
5053,2528,428,1,121.0,0.0,41.24
5054,2528,144,1,117.0,0.0,57.7
5055,2529,42,2,108.0,0.0,39.53
5056,2529,548,1,129.0,0.0,61.15
5057,2529,946,1,73.0,0.0,37.95
5058,2530,22,2,115.0,11.5,45.39
5059,2530,604,2,65.0,19.5,33.79
5060,2530,203,1,68.0,6.8,29.11
5061,2530,558,1,119.0,0.0,57.33
5062,2531,955,2,218.0,0.0,80.15
5063,2531,364,2,122.0,36.6,47.42
5064,2532,348,1,138.0,13.8,56.85
5065,2532,469,1,138.0,0.0,52.35
5066,2533,210,1,66.0,13.2,23.02
5067,2533,413,1,101.0,0.0,49.0
5068,2533,172,1,116.0,0.0,41.94
5069,2533,939,1,86.0,0.0,35.74
5070,2534,757,1,48.0,0.0,16.9
5071,2534,377,2,118.0,0.0,40.13
5072,2535,777,1,65.0,0.0,24.88
5073,2536,869,3,97.0,29.1,41.73
5074,2536,32,1,109.0,0.0,38.78
5075,2537,62,1,98.0,0.0,37.57
5076,2537,120,1,113.0,0.0,46.93
5077,2538,170,1,121.0,18.15,41.46
5078,2539,756,1,64.0,9.6,27.48
5079,2540,827,2,42.0,0.0,16.85
5080,2541,990,1,197.0,0.0,84.55
5081,2542,577,1,138.0,0.0,66.16
5082,2542,394,2,113.0,0.0,43.71
5083,2542,691,1,63.0,0.0,24.53
5084,2543,440,1,115.0,0.0,41.55
5085,2544,512,1,131.0,0.0,56.2
5086,2544,377,2,118.0,23.6,40.13
5087,2545,622,2,64.0,12.8,32.05
5088,2545,616,1,52.0,0.0,24.79
5089,2545,941,2,78.0,0.0,35.63
5090,2546,642,1,57.0,0.0,24.61
5091,2547,396,1,104.0,0.0,40.43
5092,2548,1004,1,224.0,0.0,84.04
5093,2548,1046,2,187.0,0.0,78.37
5094,2548,237,1,58.0,0.0,22.29
5095,2549,908,1,79.0,0.0,37.82
5096,2550,787,3,57.0,25.65,20.48
5097,2551,1068,1,226.0,0.0,107.61
5098,2551,517,1,138.0,0.0,61.98
5099,2551,614,1,55.0,2.75,21.97
5100,2551,405,1,124.0,6.2,49.31
5101,2552,137,1,104.0,5.2,52.41
5102,2552,612,3,59.0,0.0,26.02
5103,2553,577,1,138.0,20.7,66.16
5104,2554,814,1,55.0,0.0,23.64
5105,2554,890,1,90.0,9.0,44.28
5106,2555,1032,1,150.0,0.0,53.17
5107,2555,145,2,120.0,0.0,44.97
5108,2555,612,1,59.0,2.95,26.02
5109,2556,296,2,72.0,0.0,25.91
5110,2556,121,3,121.0,18.15,47.03
5111,2556,227,3,69.0,0.0,32.68
5112,2557,341,1,98.0,0.0,39.08
5113,2557,729,1,50.0,0.0,19.88
5114,2557,824,3,50.0,0.0,17.15
5115,2557,899,1,108.0,0.0,53.07
5116,2558,704,2,68.0,6.8,23.64
5117,2558,643,1,68.0,0.0,32.09
5118,2559,1069,1,186.0,0.0,64.13
5119,2560,731,1,55.0,0.0,21.22
5120,2560,501,2,125.0,0.0,60.1
5121,2561,265,1,70.0,0.0,25.4
5122,2562,658,1,53.0,0.0,18.33
5123,2563,741,2,63.0,6.3,30.97
5124,2564,190,2,75.0,30.0,26.92
5125,2564,657,1,57.0,11.4,23.63
5126,2564,981,1,217.0,0.0,97.31
5127,2565,925,1,85.0,0.0,33.81
5128,2565,710,1,59.0,0.0,28.81
5129,2566,1099,1,56.0,2.8,19.79
5130,2566,283,2,76.0,0.0,27.21
5131,2567,453,2,110.0,22.0,55.28
5132,2568,24,3,124.0,0.0,47.38
5133,2568,608,1,67.0,3.35,25.24
5134,2568,572,1,147.0,0.0,53.71
5135,2568,215,1,74.0,0.0,29.14
5136,2569,893,1,89.0,0.0,33.87
5137,2570,601,1,61.0,6.1,24.32
5138,2570,938,2,83.0,0.0,42.78
5139,2571,734,1,64.0,0.0,26.12
5140,2572,952,2,227.0,0.0,86.27
5141,2572,1093,2,32.0,0.0,13.32
5142,2573,334,2,119.0,0.0,54.6
5143,2573,15,1,122.0,0.0,49.99
5144,2573,214,2,63.0,0.0,31.09
5145,2574,665,2,64.0,0.0,29.04
5146,2574,316,2,106.0,21.2,40.87
5147,2575,757,2,48.0,0.0,16.9
5148,2576,734,3,64.0,19.2,26.12
5149,2576,223,2,67.0,13.4,30.43
5150,2576,23,2,111.0,0.0,42.03
5151,2577,970,1,193.0,0.0,82.05
5152,2578,196,2,74.0,0.0,31.52
5153,2579,884,2,99.0,0.0,40.97
5154,2579,965,2,218.0,21.8,98.2
5155,2580,768,1,59.0,0.0,24.59
5156,2581,19,2,115.0,0.0,41.99
5157,2581,733,1,56.0,5.6,22.52
5158,2581,491,2,123.0,0.0,58.13
5159,2581,1093,1,32.0,1.6,13.32
5160,2582,879,2,105.0,0.0,44.55
5161,2582,65,2,106.0,0.0,50.87
5162,2582,24,1,124.0,0.0,47.38
5163,2582,260,1,58.0,5.8,23.34
5164,2583,946,2,73.0,0.0,37.95
5165,2584,775,1,55.0,5.5,20.18
5166,2585,355,1,129.0,0.0,61.57
5167,2585,403,1,99.0,0.0,35.43
5168,2585,538,1,140.0,14.0,54.3
5169,2585,827,1,42.0,6.3,16.85
5170,2586,537,3,119.0,0.0,57.51
5171,2586,949,1,164.0,0.0,72.38
5172,2587,981,1,217.0,32.55,97.31
5173,2588,386,3,111.0,0.0,41.24
5174,2588,948,2,71.0,0.0,32.88
5175,2589,930,3,79.0,0.0,40.09
5176,2589,1099,3,56.0,0.0,19.79
5177,2589,247,2,62.0,6.2,24.77
5178,2590,419,1,116.0,0.0,52.66
5179,2591,88,3,112.0,0.0,38.51
5180,2591,92,2,114.0,0.0,42.48
5181,2591,370,2,111.0,0.0,46.95
5182,2592,206,1,69.0,0.0,34.94
5183,2592,485,1,108.0,0.0,54.15
5184,2593,234,1,69.0,0.0,24.73
5185,2594,593,2,130.0,26.0,58.7
5186,2594,43,1,116.0,0.0,43.0
5187,2594,31,1,109.0,10.9,42.98
5188,2594,84,1,124.0,12.4,44.51
5189,2595,205,1,59.0,0.0,20.96
5190,2596,321,1,104.0,0.0,52.59
5191,2597,18,1,119.0,0.0,57.18
5192,2598,199,1,68.0,0.0,28.51
5193,2599,633,3,57.0,0.0,23.63
5194,2600,888,1,96.0,4.8,40.59
5195,2600,421,1,125.0,0.0,54.97
5196,2601,588,1,121.0,6.05,55.84
5197,2601,586,1,118.0,0.0,51.89
5198,2601,997,2,210.0,0.0,79.79
5199,2601,421,1,125.0,0.0,54.97
5200,2602,700,3,58.0,0.0,30.1
5201,2603,41,1,110.0,22.0,38.22
5202,2603,479,1,125.0,0.0,52.28
5203,2604,280,1,71.0,0.0,30.75
5204,2604,37,1,104.0,0.0,41.09
5205,2604,954,2,174.0,0.0,84.16
5206,2605,806,2,48.0,0.0,16.76
5207,2605,1007,2,149.0,14.9,58.75
5208,2605,151,1,115.0,17.25,42.1
5209,2606,360,2,111.0,0.0,53.67
5210,2607,88,1,112.0,11.2,38.51
5211,2608,145,1,120.0,0.0,44.97
5212,2608,451,1,99.0,19.8,43.19
5213,2608,388,1,138.0,20.7,58.07
5214,2608,679,2,57.0,11.4,26.3
5215,2609,661,3,52.0,0.0,17.88
5216,2609,762,1,62.0,0.0,30.77
5217,2609,522,1,113.0,0.0,52.2
5218,2609,413,1,101.0,0.0,49.0
5219,2610,252,3,63.0,0.0,27.87
5220,2611,840,1,48.0,7.2,23.54
5221,2611,1018,1,185.0,0.0,65.02
5222,2611,154,1,113.0,0.0,46.64
5223,2612,536,2,116.0,0.0,43.31
5224,2612,314,1,103.0,0.0,52.67
5225,2613,924,1,75.0,0.0,30.63
5226,2613,476,1,107.0,16.05,44.81
5227,2614,340,1,125.0,6.25,57.25
5228,2614,1032,2,150.0,0.0,53.17
5229,2615,145,1,120.0,6.0,44.97
5230,2615,746,1,64.0,3.2,24.06
5231,2615,102,1,111.0,0.0,46.07
5232,2615,152,1,107.0,0.0,47.51
5233,2616,654,3,50.0,0.0,24.97
5234,2616,710,2,59.0,0.0,28.81
5235,2617,155,1,101.0,0.0,36.78
5236,2618,582,1,140.0,0.0,55.92
5237,2618,181,3,77.0,0.0,29.41
5238,2619,988,2,222.0,0.0,85.42
5239,2620,52,1,106.0,0.0,48.62
5240,2621,1007,2,149.0,0.0,58.75
5241,2622,790,1,56.0,0.0,28.11
5242,2622,108,1,121.0,0.0,47.42
5243,2622,1071,3,206.0,0.0,71.8
5244,2623,1034,3,171.0,0.0,58.97
5245,2623,420,2,130.0,0.0,53.36
5246,2623,831,2,54.0,0.0,21.13
5247,2623,444,3,125.0,18.75,50.98
5248,2624,311,2,136.0,40.8,67.98
5249,2624,450,1,124.0,0.0,51.74
5250,2625,1045,1,202.0,20.2,75.76
5251,2626,470,2,136.0,0.0,70.16
5252,2626,598,1,132.0,0.0,50.03
5253,2627,913,1,76.0,11.4,26.23
5254,2627,610,1,68.0,0.0,35.18
5255,2627,458,3,137.0,0.0,54.24
5256,2628,363,1,109.0,0.0,38.43
5257,2628,1068,3,226.0,0.0,107.61
5258,2628,759,1,52.0,0.0,19.53
5259,2628,708,2,49.0,4.9,18.93
5260,2629,971,1,165.0,16.5,85.18
5261,2629,823,3,46.0,6.9,20.77
5262,2629,497,1,137.0,0.0,64.04
5263,2630,433,1,121.0,0.0,47.03
5264,2630,1029,2,175.0,0.0,86.81
5265,2630,833,1,56.0,0.0,25.27
5266,2631,588,1,121.0,12.1,55.84
5267,2631,391,1,136.0,0.0,64.23
5268,2632,324,2,106.0,10.6,53.67
5269,2633,740,1,66.0,0.0,29.91
5270,2633,695,3,54.0,8.1,27.99
5271,2633,354,3,132.0,0.0,68.12
5272,2633,986,2,209.0,41.8,87.89
5273,2634,851,2,94.0,0.0,46.53
5274,2635,469,3,138.0,0.0,52.35
5275,2636,191,3,78.0,0.0,35.38
5276,2637,399,1,122.0,12.2,55.67
5277,2638,36,1,100.0,0.0,50.25
5278,2638,59,1,128.0,0.0,64.06
5279,2639,306,2,102.0,10.2,39.54
5280,2640,122,1,107.0,0.0,39.42
5281,2640,419,1,116.0,0.0,52.66
5282,2640,1079,1,189.0,0.0,71.85
5283,2641,868,1,105.0,0.0,43.23
5284,2642,290,1,64.0,0.0,29.65
5285,2642,31,1,109.0,0.0,42.98
5286,2642,745,3,52.0,15.6,18.56
5287,2642,410,2,106.0,0.0,50.43
5288,2643,763,1,59.0,8.85,20.79
5289,2643,143,2,101.0,0.0,43.51
5290,2644,728,1,67.0,0.0,31.81
5291,2645,821,3,55.0,0.0,27.73
5292,2645,275,3,66.0,19.8,23.56
5293,2646,872,2,90.0,0.0,35.22
5294,2646,1062,1,191.0,0.0,76.07
5295,2647,665,1,64.0,0.0,29.04
5296,2648,588,2,121.0,0.0,55.84
5297,2648,262,1,62.0,3.1,22.68
5298,2648,532,2,143.0,0.0,65.15
5299,2649,255,1,75.0,3.75,28.93
5300,2650,618,1,61.0,12.2,23.76
5301,2650,369,3,102.0,0.0,48.04
5302,2650,1045,2,202.0,0.0,75.76
5303,2650,755,2,55.0,0.0,21.55
5304,2651,218,2,67.0,13.4,32.52
5305,2652,114,1,126.0,0.0,48.59
5306,2653,472,3,106.0,15.9,46.89
5307,2653,886,2,100.0,0.0,50.07
5308,2654,139,1,116.0,0.0,56.17
5309,2655,613,1,61.0,3.05,25.22
5310,2656,832,2,58.0,0.0,22.46
5311,2656,419,1,116.0,0.0,52.66
5312,2656,166,2,122.0,0.0,48.39
5313,2656,157,2,117.0,0.0,48.45
5314,2657,868,3,105.0,0.0,43.23
5315,2657,555,3,145.0,0.0,74.99
5316,2658,737,2,62.0,6.2,32.09
5317,2658,514,2,148.0,0.0,56.32
5318,2659,1023,1,217.0,0.0,109.56
5319,2659,879,1,105.0,0.0,44.55
5320,2659,865,1,116.0,0.0,44.58
5321,2660,865,1,116.0,5.8,44.58
5322,2660,830,1,51.0,0.0,21.92
5323,2660,577,1,138.0,20.7,66.16
5324,2661,984,1,198.0,29.7,67.5
5325,2662,440,1,115.0,0.0,41.55
5326,2663,443,1,117.0,0.0,54.31
5327,2663,903,1,72.0,0.0,27.29
5328,2664,13,1,118.0,0.0,49.41
5329,2665,516,3,112.0,0.0,44.42
5330,2666,43,2,116.0,0.0,43.0
5331,2666,662,3,63.0,0.0,26.2
5332,2666,265,1,70.0,0.0,25.4
5333,2666,45,1,98.0,0.0,50.23
5334,2667,822,1,58.0,8.7,29.14
5335,2667,22,1,115.0,0.0,45.39
5336,2668,163,2,111.0,22.2,50.25
5337,2669,1062,2,191.0,0.0,76.07
5338,2669,354,1,132.0,13.2,68.12
5339,2670,463,1,120.0,0.0,60.22
5340,2671,145,1,120.0,0.0,44.97
5341,2672,855,1,96.0,0.0,36.81
5342,2672,644,3,51.0,0.0,19.36
5343,2673,139,2,116.0,0.0,56.17
5344,2674,546,1,113.0,11.3,54.3
5345,2675,85,1,112.0,0.0,41.03
5346,2676,227,1,69.0,0.0,32.68
5347,2677,583,2,134.0,0.0,47.44
5348,2677,819,1,43.0,0.0,16.42
5349,2678,651,2,63.0,0.0,24.65
5350,2679,728,1,67.0,0.0,31.81
5351,2679,686,1,52.0,2.6,24.33
5352,2679,521,1,141.0,0.0,54.66
5353,2680,224,2,66.0,0.0,33.84
5354,2680,641,1,49.0,0.0,23.1
5355,2681,304,1,129.0,0.0,61.79
5356,2681,108,1,121.0,0.0,47.42
5357,2682,742,1,48.0,0.0,21.13
5358,2682,130,1,107.0,0.0,45.21
5359,2682,977,2,205.0,20.5,104.69
5360,2683,631,3,50.0,0.0,21.28
5361,2683,841,2,98.0,0.0,36.25
5362,2684,264,3,63.0,0.0,21.61
5363,2684,394,1,113.0,0.0,43.71
5364,2685,1097,1,29.0,0.0,10.58
5365,2686,940,2,77.0,15.4,28.25
5366,2686,1033,2,159.0,63.6,58.16
5367,2687,835,1,47.0,0.0,16.33
5368,2687,674,2,68.0,0.0,29.3
5369,2688,423,2,104.0,20.8,48.9
5370,2688,827,1,42.0,4.2,16.85
5371,2688,158,2,104.0,41.6,46.37
5372,2689,387,1,100.0,0.0,51.83
5373,2690,654,3,50.0,7.5,24.97
5374,2691,762,1,62.0,0.0,30.77
5375,2692,498,1,138.0,20.7,58.8
5376,2693,320,1,131.0,0.0,62.03
5377,2694,82,2,101.0,10.1,50.11
5378,2694,455,1,100.0,0.0,49.02
5379,2694,446,2,106.0,42.4,38.7
5380,2694,169,1,108.0,5.4,40.08
5381,2695,102,3,111.0,0.0,46.07
5382,2696,818,3,49.0,14.7,20.36
5383,2696,716,1,55.0,0.0,26.78
5384,2697,1095,2,19.0,5.7,9.42
5385,2698,483,1,147.0,0.0,65.67
5386,2699,794,1,45.0,0.0,20.06
5387,2699,672,1,64.0,3.2,22.8
5388,2700,729,2,50.0,0.0,19.88
5389,2700,742,1,48.0,0.0,21.13
5390,2700,504,1,117.0,5.85,48.04
5391,2701,737,1,62.0,0.0,32.09
5392,2702,878,2,108.0,0.0,44.26
5393,2702,602,1,56.0,0.0,26.7
5394,2702,663,2,50.0,0.0,25.48
5395,2703,391,2,136.0,0.0,64.23
5396,2703,773,2,55.0,0.0,23.86
5397,2704,534,1,145.0,0.0,55.72
5398,2705,947,2,86.0,0.0,39.68
5399,2705,865,3,116.0,0.0,44.58
5400,2706,398,1,132.0,0.0,44.91
5401,2706,744,1,51.0,2.55,20.45
5402,2707,703,1,58.0,0.0,20.74
5403,2708,345,1,135.0,0.0,50.82
5404,2709,805,1,56.0,2.8,26.33
5405,2709,209,1,71.0,0.0,35.2
5406,2709,324,2,106.0,0.0,53.67
5407,2709,985,1,199.0,0.0,81.26
5408,2710,350,1,123.0,0.0,51.65
5409,2710,520,3,133.0,79.8,54.86
5410,2711,316,1,106.0,0.0,40.87
5411,2712,774,3,54.0,0.0,21.33
5412,2712,896,2,108.0,0.0,46.93
5413,2712,357,2,109.0,0.0,42.12
5414,2712,821,1,55.0,0.0,27.73
5415,2713,167,1,113.0,0.0,40.78
5416,2714,391,1,136.0,0.0,64.23
5417,2714,192,1,58.0,0.0,21.72
5418,2715,603,1,67.0,0.0,28.81
5419,2715,470,1,136.0,0.0,70.16
5420,2715,940,1,77.0,15.4,28.25
5421,2716,853,1,95.0,0.0,48.23
5422,2717,417,1,106.0,0.0,38.01
5423,2718,307,1,105.0,0.0,43.52
5424,2719,427,2,136.0,0.0,55.85
5425,2719,720,1,55.0,2.75,23.08
5426,2719,70,2,98.0,0.0,46.36
5427,2719,348,1,138.0,0.0,56.85
5428,2720,50,3,123.0,18.45,61.66
5429,2720,865,2,116.0,0.0,44.58
5430,2721,914,1,78.0,0.0,34.9
5431,2721,727,2,55.0,16.5,25.19
5432,2722,254,1,71.0,0.0,26.22
5433,2722,942,1,80.0,0.0,40.49
5434,2722,916,2,80.0,0.0,40.96
5435,2723,766,1,65.0,0.0,23.14
5436,2723,415,3,109.0,49.05,44.53
5437,2723,80,1,121.0,6.05,60.04
5438,2723,744,3,51.0,0.0,20.45
5439,2724,164,1,113.0,0.0,53.4
5440,2724,12,1,102.0,0.0,43.41
5441,2724,686,3,52.0,0.0,24.33
5442,2724,456,1,119.0,0.0,60.08
5443,2725,787,1,57.0,2.85,20.48
5444,2725,850,1,111.0,0.0,43.16
5445,2725,498,1,138.0,13.8,58.8
5446,2726,160,3,104.0,31.2,46.08
5447,2726,800,1,46.0,0.0,20.81
5448,2727,155,1,101.0,15.15,36.78
5449,2728,1095,1,19.0,0.0,9.42
5450,2728,282,1,67.0,3.35,33.68
5451,2729,549,2,138.0,55.2,54.07
5452,2730,274,1,77.0,0.0,37.21
5453,2730,738,1,49.0,0.0,21.62
5454,2731,92,1,114.0,22.8,42.48
5455,2731,1067,2,194.0,0.0,83.13
5456,2732,237,3,58.0,8.7,22.29
5457,2732,944,3,71.0,0.0,29.97
5458,2732,200,2,78.0,0.0,40.14
5459,2733,25,3,106.0,15.9,41.64
5460,2733,257,1,65.0,0.0,31.61
5461,2734,601,1,61.0,0.0,24.32
5462,2734,352,1,118.0,0.0,53.55
5463,2734,792,1,46.0,9.2,22.5
5464,2735,898,2,90.0,0.0,45.91
5465,2735,729,3,50.0,0.0,19.88
5466,2736,814,3,55.0,0.0,23.64
5467,2736,764,1,49.0,0.0,23.08
5468,2737,737,1,62.0,0.0,32.09
5469,2738,651,2,63.0,18.9,24.65
5470,2738,427,1,136.0,0.0,55.85
5471,2738,997,1,210.0,0.0,79.79
5472,2738,888,1,96.0,0.0,40.59
5473,2739,483,1,147.0,0.0,65.67
5474,2739,250,3,77.0,0.0,26.31
5475,2739,578,1,124.0,0.0,56.41
5476,2740,132,2,101.0,0.0,52.47
5477,2741,609,2,65.0,13.0,25.65
5478,2742,770,2,51.0,0.0,24.97
5479,2743,725,1,66.0,0.0,25.45
5480,2743,757,2,48.0,0.0,16.9
5481,2744,373,1,136.0,0.0,54.11
5482,2745,709,1,49.0,0.0,19.76
5483,2745,6,1,123.0,0.0,55.81
5484,2745,789,1,54.0,5.4,20.28
5485,2746,287,1,69.0,0.0,28.54
5486,2746,473,1,120.0,0.0,54.32
5487,2747,518,2,125.0,0.0,55.03
5488,2747,501,1,125.0,6.25,60.1
5489,2748,1073,1,223.0,0.0,113.43
5490,2749,20,1,118.0,0.0,50.13
5491,2750,709,2,49.0,0.0,19.76
5492,2750,650,1,55.0,11.0,19.41
5493,2751,8,1,122.0,0.0,45.75
5494,2751,643,1,68.0,3.4,32.09
5495,2752,199,1,68.0,0.0,28.51
5496,2752,975,1,208.0,0.0,81.69
5497,2753,628,1,55.0,0.0,25.74
5498,2753,1048,2,158.0,0.0,80.85
5499,2754,597,1,130.0,0.0,66.72
5500,2755,453,1,110.0,0.0,55.28
5501,2756,377,1,118.0,0.0,40.13
5502,2756,909,2,68.0,27.2,23.87
5503,2757,150,2,112.0,33.6,53.89
5504,2758,640,1,60.0,0.0,22.06
5505,2758,772,2,62.0,0.0,24.02
5506,2758,370,1,111.0,0.0,46.95
5507,2758,469,1,138.0,0.0,52.35
5508,2759,577,2,138.0,0.0,66.16
5509,2759,772,3,62.0,27.9,24.02
5510,2759,909,1,68.0,0.0,23.87
5511,2760,234,2,69.0,0.0,24.73
5512,2760,952,1,227.0,0.0,86.27
5513,2761,836,1,49.0,0.0,25.44
5514,2761,811,2,52.0,15.6,26.66
5515,2761,400,1,132.0,0.0,56.05
5516,2761,890,2,90.0,0.0,44.28
5517,2762,1005,1,205.0,30.75,93.35
5518,2763,922,1,73.0,0.0,27.57
5519,2763,64,2,109.0,10.9,54.22
5520,2764,575,3,115.0,17.25,40.58
5521,2764,35,1,120.0,0.0,50.51
5522,2764,222,1,59.0,0.0,22.21
5523,2764,583,1,134.0,0.0,47.44
5524,2765,982,1,211.0,10.55,74.19
5525,2765,734,1,64.0,0.0,26.12
5526,2765,783,1,53.0,0.0,26.53
5527,2766,501,1,125.0,0.0,60.1
5528,2767,511,1,122.0,0.0,43.26
5529,2767,705,1,57.0,0.0,23.41
5530,2768,271,1,61.0,0.0,25.09
5531,2769,294,3,59.0,0.0,22.82
5532,2769,102,1,111.0,5.55,46.07
5533,2769,546,1,113.0,0.0,54.3
5534,2770,1063,1,201.0,0.0,69.56
5535,2771,18,2,119.0,11.9,57.18
5536,2772,879,1,105.0,10.5,44.55
5537,2772,541,3,124.0,55.8,42.94
5538,2773,383,1,106.0,0.0,50.36
5539,2774,962,1,185.0,0.0,84.57
5540,2774,801,3,50.0,0.0,24.86
5541,2775,914,3,78.0,0.0,34.9
5542,2776,803,1,54.0,0.0,26.4
5543,2777,172,2,116.0,0.0,41.94
5544,2778,838,2,48.0,14.4,21.68
5545,2778,341,1,98.0,0.0,39.08
5546,2778,650,2,55.0,5.5,19.41
5547,2778,1008,1,178.0,17.8,81.55
5548,2779,310,2,108.0,0.0,41.48
5549,2779,58,1,103.0,0.0,35.85
5550,2780,543,2,145.0,43.5,71.51
5551,2781,414,1,130.0,13.0,55.87
5552,2781,265,1,70.0,0.0,25.4
5553,2782,649,3,51.0,15.3,18.15
5554,2782,407,1,136.0,20.4,51.27
5555,2783,845,1,117.0,0.0,59.8
5556,2784,910,1,80.0,0.0,30.72
5557,2784,181,3,77.0,0.0,29.41
5558,2784,305,1,136.0,0.0,49.19
5559,2784,162,1,107.0,5.35,51.55
5560,2785,576,1,111.0,0.0,40.39
5561,2786,342,1,129.0,0.0,63.84
5562,2786,199,2,68.0,6.8,28.51
5563,2787,154,1,113.0,5.65,46.64
5564,2788,128,2,101.0,0.0,45.03
5565,2789,337,2,118.0,23.6,59.39
5566,2789,126,1,128.0,0.0,60.06
5567,2789,530,2,138.0,41.4,56.15
5568,2789,305,2,136.0,0.0,49.19
5569,2790,282,1,67.0,0.0,33.68
5570,2791,297,3,60.0,0.0,28.66
5571,2792,870,1,112.0,5.6,53.11
5572,2793,379,1,128.0,0.0,47.39
5573,2794,66,1,113.0,5.65,41.35
5574,2794,1002,2,158.0,0.0,55.07
5575,2795,1051,1,157.0,31.4,69.1
5576,2796,271,1,61.0,0.0,25.09
5577,2796,751,1,57.0,0.0,24.37
5578,2797,615,2,51.0,0.0,25.15
5579,2797,426,2,122.0,0.0,56.17
5580,2798,96,1,110.0,22.0,39.36
5581,2798,155,1,101.0,0.0,36.78
5582,2799,957,1,175.0,0.0,64.45
5583,2800,829,1,49.0,2.45,19.48
5584,2800,7,1,108.0,21.6,55.59
5585,2801,201,1,61.0,0.0,28.8
5586,2802,698,2,58.0,5.8,24.25
5587,2802,105,2,122.0,0.0,61.6
5588,2803,498,1,138.0,0.0,58.8
5589,2803,1097,1,29.0,0.0,10.58
5590,2803,894,1,113.0,0.0,40.06
5591,2804,743,2,66.0,0.0,30.14
5592,2804,722,2,49.0,4.9,17.67
5593,2804,874,1,103.0,0.0,52.61
5594,2804,708,3,49.0,0.0,18.93
5595,2805,741,1,63.0,0.0,30.97
5596,2805,17,1,98.0,0.0,47.2
5597,2806,72,1,128.0,0.0,54.78
5598,2806,297,1,60.0,0.0,28.66
5599,2806,600,1,130.0,6.5,44.95
5600,2807,512,2,131.0,0.0,56.2
5601,2807,838,1,48.0,0.0,21.68
5602,2807,822,1,58.0,5.8,29.14
5603,2808,196,1,74.0,0.0,31.52
5604,2809,621,1,57.0,2.85,23.92
5605,2810,187,1,64.0,0.0,30.61
5606,2810,871,1,108.0,10.8,53.31
5607,2810,758,1,49.0,4.9,18.98
5608,2811,652,1,65.0,0.0,28.18
5609,2811,766,2,65.0,0.0,23.14
5610,2811,341,1,98.0,4.9,39.08
5611,2812,700,1,58.0,0.0,30.1
5612,2813,801,2,50.0,20.0,24.86
5613,2813,139,1,116.0,0.0,56.17
5614,2813,479,1,125.0,6.25,52.28
5615,2814,203,1,68.0,0.0,29.11
5616,2815,905,1,77.0,3.85,37.77
5617,2815,401,1,132.0,19.8,46.29
5618,2815,494,2,117.0,11.7,45.52
5619,2816,521,1,141.0,0.0,54.66
5620,2816,295,3,58.0,34.8,29.74
5621,2817,67,1,103.0,0.0,37.46
5622,2818,110,3,126.0,0.0,56.77
5623,2818,163,1,111.0,0.0,50.25
5624,2818,617,1,48.0,4.8,19.05
5625,2819,630,3,64.0,0.0,31.1
5626,2819,627,2,55.0,11.0,20.92
5627,2819,279,1,65.0,0.0,30.68
5628,2819,295,1,58.0,2.9,29.74
5629,2820,978,1,174.0,0.0,66.51
5630,2821,467,2,116.0,0.0,58.87
5631,2822,415,3,109.0,0.0,44.53
5632,2822,453,1,110.0,5.5,55.28
5633,2822,29,2,112.0,0.0,41.33
5634,2822,700,2,58.0,0.0,30.1
5635,2823,855,1,96.0,0.0,36.81
5636,2824,692,2,55.0,0.0,20.61
5637,2824,1046,1,187.0,0.0,78.37
5638,2825,523,1,117.0,0.0,45.6
5639,2825,687,3,62.0,0.0,24.89
5640,2825,423,1,104.0,0.0,48.9
5641,2826,55,1,109.0,0.0,53.34
5642,2826,932,1,73.0,0.0,26.38
5643,2826,884,1,99.0,0.0,40.97
5644,2826,113,1,110.0,16.5,52.9
5645,2827,793,1,56.0,5.6,22.29
5646,2828,480,1,127.0,0.0,47.04
5647,2829,22,1,115.0,0.0,45.39
5648,2829,760,2,58.0,5.8,25.78
5649,2830,1033,1,159.0,7.95,58.16
5650,2831,923,2,72.0,28.8,25.31
5651,2831,610,2,68.0,0.0,35.18
5652,2831,467,2,116.0,0.0,58.87
5653,2832,7,1,108.0,0.0,55.59
5654,2833,433,2,121.0,0.0,47.03
5655,2834,555,3,145.0,65.25,74.99
5656,2834,266,2,59.0,5.9,25.75
5657,2834,335,2,136.0,0.0,55.21
5658,2834,611,1,64.0,0.0,24.86
5659,2835,606,1,60.0,3.0,31.13
5660,2835,882,1,103.0,15.45,53.39
5661,2835,834,1,43.0,0.0,18.62
5662,2835,967,1,167.0,0.0,58.6
5663,2836,637,3,68.0,0.0,34.21
5664,2836,408,1,99.0,0.0,35.44
5665,2837,427,1,136.0,0.0,55.85
5666,2838,776,1,60.0,3.0,21.84
5667,2839,521,1,141.0,21.15,54.66
5668,2839,192,1,58.0,5.8,21.72
5669,2840,1069,1,186.0,18.6,64.13
5670,2840,961,1,170.0,0.0,75.36
5671,2841,464,2,126.0,0.0,53.79
5672,2841,713,2,59.0,5.9,28.75
5673,2842,309,1,133.0,0.0,53.34
5674,2842,408,2,99.0,0.0,35.44
5675,2842,61,1,125.0,6.25,59.3
5676,2843,387,3,100.0,0.0,51.83
5677,2843,724,1,57.0,8.55,23.65
5678,2844,885,3,110.0,33.0,52.94
5679,2845,263,2,59.0,11.8,25.45
5680,2845,1059,1,225.0,0.0,82.18
5681,2845,750,1,63.0,3.15,32.18
5682,2845,246,2,63.0,18.9,26.86
5683,2846,544,3,117.0,0.0,40.84
5684,2846,188,1,65.0,0.0,32.74
5685,2847,94,2,106.0,0.0,43.17
5686,2848,22,1,115.0,0.0,45.39
5687,2848,570,3,113.0,0.0,51.45
5688,2849,180,1,100.0,0.0,47.6
5689,2849,575,2,115.0,0.0,40.58
5690,2850,720,1,55.0,0.0,23.08
5691,2851,944,2,71.0,0.0,29.97
5692,2852,998,3,168.0,0.0,80.73
5693,2853,841,3,98.0,0.0,36.25
5694,2854,1011,2,222.0,44.4,88.72
5695,2855,444,1,125.0,0.0,50.98
5696,2855,347,1,108.0,0.0,48.88
5697,2856,69,1,121.0,12.1,45.49
5698,2856,856,2,103.0,10.3,51.48
5699,2856,21,1,121.0,0.0,54.96
5700,2857,931,2,81.0,0.0,34.21
5701,2858,197,1,71.0,3.55,33.35
5702,2858,337,2,118.0,0.0,59.39
5703,2858,69,1,121.0,12.1,45.49
5704,2858,986,1,209.0,0.0,87.89
5705,2859,618,1,61.0,0.0,23.76
5706,2860,741,1,63.0,3.15,30.97
5707,2860,874,1,103.0,0.0,52.61
5708,2860,267,2,61.0,0.0,21.29
5709,2860,671,2,52.0,0.0,26.53
5710,2861,462,1,103.0,0.0,49.77
5711,2861,841,3,98.0,14.7,36.25
5712,2862,240,2,59.0,0.0,27.47
5713,2862,66,1,113.0,0.0,41.35
5714,2863,732,3,52.0,15.6,20.13
5715,2863,573,1,114.0,0.0,57.68
5716,2864,957,1,175.0,0.0,64.45
5717,2864,528,1,109.0,0.0,41.14
5718,2864,896,1,108.0,0.0,46.93
5719,2865,721,2,66.0,0.0,28.17
5720,2866,6,2,123.0,12.3,55.81
5721,2866,1094,2,45.0,4.5,18.98
5722,2867,714,2,54.0,0.0,27.4
5723,2867,1066,1,183.0,18.3,73.84
5724,2868,247,1,62.0,0.0,24.77
5725,2869,451,1,99.0,0.0,43.19
5726,2869,917,1,85.0,0.0,40.17
5727,2870,706,3,49.0,0.0,19.04
5728,2870,718,1,55.0,5.5,27.98
5729,2871,854,3,101.0,0.0,44.53
5730,2871,898,1,90.0,0.0,45.91
5731,2872,668,1,49.0,0.0,16.8
5732,2873,667,1,68.0,0.0,24.92
5733,2873,716,2,55.0,0.0,26.78
5734,2873,561,1,145.0,0.0,64.01
5735,2874,727,2,55.0,0.0,25.19
5736,2875,609,2,65.0,0.0,25.65
5737,2875,153,1,118.0,11.8,60.1
5738,2876,1044,1,215.0,10.75,104.52
5739,2876,277,1,65.0,3.25,24.19
5740,2876,401,1,132.0,26.4,46.29
5741,2877,708,1,49.0,0.0,18.93
5742,2878,839,1,55.0,0.0,19.91
5743,2878,385,1,124.0,0.0,44.81
5744,2878,434,2,129.0,0.0,55.39
5745,2879,727,1,55.0,0.0,25.19
5746,2879,55,2,109.0,21.8,53.34
5747,2880,839,3,55.0,0.0,19.91
5748,2880,334,3,119.0,0.0,54.6
5749,2880,452,1,137.0,0.0,47.58
5750,2881,781,1,58.0,0.0,21.7
5751,2882,611,3,64.0,19.2,24.86
5752,2882,539,2,118.0,0.0,42.99
5753,2882,370,1,111.0,0.0,46.95
5754,2882,464,1,126.0,0.0,53.79
5755,2883,690,2,60.0,12.0,20.83
5756,2883,918,1,77.0,3.85,32.59
5757,2883,772,2,62.0,6.2,24.02
5758,2883,1100,2,46.0,0.0,21.01
5759,2884,644,1,51.0,0.0,19.36
5760,2885,103,3,108.0,0.0,43.84
5761,2886,658,1,53.0,0.0,18.33
5762,2886,180,1,100.0,0.0,47.6
5763,2887,464,2,126.0,37.8,53.79
5764,2888,201,1,61.0,0.0,28.8
5765,2888,823,2,46.0,0.0,20.77
5766,2889,654,1,50.0,0.0,24.97
5767,2890,421,1,125.0,0.0,54.97
5768,2891,743,1,66.0,0.0,30.14
5769,2892,166,3,122.0,36.6,48.39
5770,2892,275,1,66.0,0.0,23.56
5771,2892,486,2,137.0,0.0,66.86
5772,2892,133,3,106.0,0.0,52.01
5773,2893,110,2,126.0,0.0,56.77
5774,2894,516,2,112.0,0.0,44.42
5775,2894,778,1,48.0,2.4,16.73
5776,2894,870,2,112.0,11.2,53.11
5777,2894,359,2,133.0,0.0,49.23
5778,2895,523,1,117.0,0.0,45.6
5779,2895,671,3,52.0,0.0,26.53
5780,2895,660,1,48.0,0.0,18.47
5781,2896,274,2,77.0,0.0,37.21
5782,2897,881,1,92.0,0.0,45.53
5783,2897,711,3,62.0,37.2,29.84
5784,2898,90,2,113.0,33.9,46.43
5785,2898,120,1,113.0,0.0,46.93
5786,2899,1011,2,222.0,22.2,88.72
5787,2899,206,1,69.0,0.0,34.94
5788,2900,217,1,76.0,0.0,27.0
5789,2901,44,2,116.0,34.8,46.68
5790,2902,52,1,106.0,15.9,48.62
5791,2902,36,2,100.0,0.0,50.25
5792,2903,950,1,202.0,0.0,85.83
5793,2904,1089,1,202.0,30.3,92.93
5794,2905,295,3,58.0,8.7,29.74
5795,2906,854,2,101.0,10.1,44.53
5796,2906,27,1,110.0,0.0,53.52
5797,2907,622,3,64.0,28.8,32.05
5798,2907,662,2,63.0,0.0,26.2
5799,2907,1024,3,210.0,0.0,107.85
5800,2908,761,1,65.0,6.5,23.72
5801,2908,161,1,119.0,11.9,54.34
5802,2909,452,1,137.0,0.0,47.58
5803,2909,149,2,100.0,0.0,37.3
5804,2910,1015,2,204.0,0.0,95.85
5805,2911,688,1,50.0,0.0,21.8
5806,2911,167,2,113.0,11.3,40.78
5807,2912,672,1,64.0,0.0,22.8
5808,2913,746,2,64.0,0.0,24.06
5809,2914,161,1,119.0,5.95,54.34
5810,2914,33,2,127.0,0.0,63.95
5811,2915,1015,2,204.0,0.0,95.85
5812,2916,651,1,63.0,0.0,24.65
5813,2917,115,3,99.0,14.85,44.64
5814,2917,400,1,132.0,19.8,56.05
5815,2917,852,3,115.0,0.0,57.26
5816,2917,214,2,63.0,0.0,31.09
5817,2918,48,1,112.0,0.0,43.46
5818,2918,609,1,65.0,0.0,25.65
5819,2918,726,2,49.0,0.0,17.0
5820,2919,786,1,57.0,0.0,23.66
5821,2920,429,3,125.0,0.0,55.16
5822,2921,1055,1,156.0,0.0,61.71
5823,2921,732,1,52.0,0.0,20.13
5824,2921,163,3,111.0,16.65,50.25
5825,2922,776,3,60.0,0.0,21.84
5826,2922,936,1,82.0,0.0,30.04
5827,2922,954,1,174.0,0.0,84.16
5828,2923,398,1,132.0,26.4,44.91
5829,2923,696,1,48.0,0.0,20.91
5830,2923,566,1,120.0,0.0,52.28
5831,2923,355,1,129.0,0.0,61.57
5832,2924,288,1,70.0,0.0,29.69
5833,2925,856,1,103.0,0.0,51.48
5834,2926,67,1,103.0,0.0,37.46
5835,2926,998,1,168.0,0.0,80.73
5836,2926,708,1,49.0,0.0,18.93
5837,2927,662,3,63.0,9.45,26.2
5838,2928,1076,1,173.0,8.65,59.21
5839,2929,799,1,47.0,0.0,22.07
5840,2929,314,1,103.0,0.0,52.67
5841,2929,178,1,115.0,5.75,56.47
5842,2930,1010,1,213.0,0.0,82.88
5843,2930,258,2,74.0,0.0,33.16
5844,2930,769,3,58.0,0.0,24.95
5845,2931,398,2,132.0,13.2,44.91
5846,2932,424,1,106.0,0.0,46.78
5847,2933,868,2,105.0,0.0,43.23
5848,2934,879,3,105.0,0.0,44.55
5849,2934,339,1,116.0,0.0,42.07
5850,2934,130,3,107.0,0.0,45.21
5851,2935,395,2,108.0,21.6,52.79
5852,2936,381,2,116.0,11.6,41.38
5853,2937,309,1,133.0,0.0,53.34
5854,2938,765,1,63.0,9.45,22.17
5855,2939,924,1,75.0,11.25,30.63
5856,2939,267,1,61.0,0.0,21.29
5857,2940,240,1,59.0,0.0,27.47
5858,2941,810,1,55.0,0.0,26.65
5859,2942,634,1,65.0,3.25,32.93
5860,2943,641,1,49.0,0.0,23.1
5861,2943,1068,1,226.0,0.0,107.61
5862,2944,236,2,58.0,11.6,29.74
5863,2944,599,1,132.0,13.2,55.14
5864,2945,285,1,78.0,11.7,36.62
5865,2945,562,2,127.0,0.0,51.14
5866,2946,232,3,78.0,0.0,35.99
5867,2946,844,1,116.0,11.6,41.29
5868,2946,603,1,67.0,0.0,28.81
5869,2947,634,2,65.0,0.0,32.93
5870,2948,1091,2,173.0,0.0,69.11
5871,2948,585,3,134.0,0.0,52.68
5872,2949,819,1,43.0,2.15,16.42
5873,2950,1090,1,176.0,0.0,78.38
5874,2950,53,1,121.0,0.0,43.49
5875,2950,600,2,130.0,0.0,44.95
5876,2951,364,2,122.0,0.0,47.42
5877,2952,542,1,134.0,0.0,64.44
5878,2953,776,1,60.0,0.0,21.84
5879,2953,784,2,45.0,4.5,19.8
5880,2954,1052,2,212.0,0.0,105.64
5881,2954,387,1,100.0,0.0,51.83
5882,2954,1024,1,210.0,0.0,107.85
5883,2955,747,1,68.0,3.4,31.79
5884,2956,600,1,130.0,0.0,44.95
5885,2957,977,3,205.0,61.5,104.69
5886,2957,561,2,145.0,0.0,64.01
5887,2957,462,1,103.0,0.0,49.77
5888,2958,340,2,125.0,0.0,57.25
5889,2958,581,1,140.0,14.0,51.47
5890,2959,674,1,68.0,0.0,29.3
5891,2959,800,1,46.0,0.0,20.81
5892,2960,167,1,113.0,0.0,40.78
5893,2960,413,3,101.0,15.15,49.0
5894,2960,153,1,118.0,0.0,60.1
5895,2961,119,3,124.0,0.0,44.77
5896,2961,785,2,56.0,0.0,28.43
5897,2961,162,3,107.0,0.0,51.55
5898,2962,1018,1,185.0,0.0,65.02
5899,2962,801,2,50.0,0.0,24.86
5900,2962,115,1,99.0,0.0,44.64
5901,2963,638,1,59.0,0.0,20.89
5902,2964,866,2,105.0,21.0,52.62
5903,2964,937,2,79.0,15.8,35.54
5904,2965,303,1,110.0,0.0,44.75
5905,2965,254,1,71.0,0.0,26.22
5906,2965,847,1,88.0,0.0,32.2
5907,2966,14,2,119.0,0.0,47.15
5908,2967,949,1,164.0,8.2,72.38
5909,2968,1084,3,156.0,23.4,67.16
5910,2968,495,3,112.0,0.0,41.19
5911,2969,354,1,132.0,6.6,68.12
5912,2970,134,1,128.0,0.0,58.86
5913,2971,311,1,136.0,0.0,67.98
5914,2971,989,3,155.0,0.0,70.79
5915,2972,620,1,65.0,0.0,23.92
5916,2972,863,1,94.0,0.0,41.53
5917,2973,707,2,67.0,0.0,26.73
5918,2974,993,2,219.0,0.0,89.2
5919,2975,1017,1,151.0,0.0,59.58
5920,2975,325,3,124.0,0.0,42.21
5921,2975,33,1,127.0,25.4,63.95
5922,2975,97,2,122.0,12.2,62.99
5923,2976,1000,1,208.0,0.0,105.13
5924,2976,533,2,148.0,59.2,61.29
5925,2977,819,1,43.0,4.3,16.42
5926,2978,1046,3,187.0,0.0,78.37
5927,2978,127,2,101.0,0.0,49.8
5928,2978,218,1,67.0,0.0,32.52
5929,2978,174,2,107.0,0.0,49.62
5930,2979,474,2,130.0,13.0,58.66
5931,2979,278,1,77.0,0.0,38.83
5932,2979,10,1,121.0,6.05,62.21
5933,2980,266,1,59.0,0.0,25.75
5934,2981,1036,1,168.0,0.0,59.97
5935,2982,999,2,191.0,0.0,72.0
5936,2982,676,2,66.0,0.0,28.74
5937,2982,837,1,53.0,5.3,25.18
5938,2983,893,1,89.0,0.0,33.87
5939,2983,624,1,51.0,0.0,19.2
5940,2983,814,1,55.0,0.0,23.64
5941,2983,153,2,118.0,0.0,60.1
5942,2984,1019,1,180.0,0.0,85.02
5943,2984,247,2,62.0,0.0,24.77
5944,2984,601,1,61.0,0.0,24.32
5945,2984,15,2,122.0,0.0,49.99
5946,2985,499,2,123.0,24.6,48.65
5947,2985,255,1,75.0,0.0,28.93
5948,2985,693,1,56.0,0.0,22.46
5949,2985,1083,2,175.0,0.0,85.39
5950,2986,744,1,51.0,0.0,20.45
5951,2986,891,2,111.0,11.1,44.94
5952,2987,252,1,63.0,3.15,27.87
5953,2987,808,2,50.0,10.0,19.11
5954,2988,849,1,115.0,5.75,56.06
5955,2989,90,1,113.0,0.0,46.43
5956,2990,879,1,105.0,0.0,44.55
5957,2991,766,1,65.0,0.0,23.14
5958,2992,460,2,133.0,13.3,62.17
5959,2992,469,3,138.0,0.0,52.35
5960,2993,633,1,57.0,0.0,23.63
5961,2994,350,1,123.0,0.0,51.65
5962,2994,150,2,112.0,0.0,53.89
5963,2995,376,2,111.0,44.4,48.41
5964,2995,1045,2,202.0,0.0,75.76
5965,2995,1005,1,205.0,0.0,93.35
5966,2996,61,2,125.0,0.0,59.3
5967,2996,582,2,140.0,14.0,55.92
5968,2996,152,1,107.0,0.0,47.51
5969,2996,21,1,121.0,0.0,54.96
5970,2997,723,3,67.0,30.15,26.58
5971,2998,263,2,59.0,0.0,25.45
5972,2998,109,1,99.0,0.0,46.04
5973,2998,684,3,59.0,0.0,22.59
5974,2998,58,1,103.0,0.0,35.85
5975,2999,692,1,55.0,0.0,20.61
5976,2999,843,3,108.0,0.0,39.14
5977,3000,21,2,121.0,0.0,54.96
5978,3000,477,1,113.0,16.95,54.1
5979,3001,57,3,113.0,0.0,43.63
5980,3002,940,2,77.0,0.0,28.25
5981,3002,494,3,117.0,35.1,45.52
5982,3002,703,1,58.0,0.0,20.74
5983,3003,724,2,57.0,17.1,23.65
5984,3003,383,1,106.0,15.9,50.36
5985,3004,863,1,94.0,14.1,41.53
5986,3004,468,1,99.0,0.0,36.47
5987,3005,1101,2,51.0,0.0,22.08
5988,3005,7,1,108.0,0.0,55.59
5989,3006,287,1,69.0,3.45,28.54
5990,3007,524,2,118.0,0.0,49.25
5991,3007,636,1,67.0,0.0,22.93
5992,3008,434,1,129.0,0.0,55.39
5993,3008,720,3,55.0,33.0,23.08
5994,3008,946,1,73.0,0.0,37.95
5995,3008,738,1,49.0,0.0,21.62
5996,3009,1045,1,202.0,0.0,75.76
5997,3010,844,1,116.0,0.0,41.29
5998,3010,934,1,74.0,7.4,32.46
5999,3010,518,1,125.0,0.0,55.03
6000,3010,387,2,100.0,0.0,51.83
6001,3011,511,1,122.0,0.0,43.26
6002,3012,663,1,50.0,5.0,25.48
6003,3013,406,1,108.0,21.6,43.67
6004,3013,435,2,137.0,0.0,70.34
6005,3013,515,1,110.0,0.0,57.1
6006,3014,565,1,129.0,6.45,61.18
6007,3015,533,1,148.0,0.0,61.29
6008,3015,225,3,69.0,0.0,26.99
6009,3015,33,1,127.0,0.0,63.95
6010,3015,86,1,107.0,0.0,39.15
6011,3016,332,1,132.0,19.8,45.84
6012,3016,731,3,55.0,0.0,21.22
6013,3016,139,2,116.0,0.0,56.17
6014,3016,477,2,113.0,33.9,54.1
6015,3017,590,1,125.0,0.0,47.5
6016,3017,131,2,107.0,0.0,54.07
6017,3018,95,1,125.0,0.0,61.25
6018,3018,633,1,57.0,0.0,23.63
6019,3018,1061,1,205.0,0.0,99.95
6020,3019,103,2,108.0,0.0,43.84
6021,3019,836,1,49.0,7.35,25.44
6022,3019,408,1,99.0,0.0,35.44
6023,3019,342,2,129.0,12.9,63.84
6024,3020,48,2,112.0,0.0,43.46
6025,3020,885,3,110.0,0.0,52.94
6026,3021,231,2,74.0,0.0,31.0
6027,3021,6,1,123.0,0.0,55.81
6028,3022,417,2,106.0,0.0,38.01
6029,3023,228,1,71.0,3.55,27.97
6030,3024,687,3,62.0,0.0,24.89
6031,3025,747,1,68.0,0.0,31.79
6032,3026,433,1,121.0,0.0,47.03
6033,3026,148,2,125.0,0.0,58.47
6034,3026,721,1,66.0,0.0,28.17
6035,3027,1045,1,202.0,0.0,75.76
6036,3027,582,1,140.0,7.0,55.92
6037,3028,655,2,50.0,0.0,18.37
6038,3029,40,1,116.0,0.0,53.01
6039,3029,453,1,110.0,11.0,55.28
6040,3030,695,2,54.0,0.0,27.99
6041,3031,475,1,136.0,0.0,54.76
6042,3031,140,1,124.0,0.0,43.44
6043,3032,674,1,68.0,0.0,29.3
6044,3033,592,1,127.0,0.0,60.56
6045,3033,610,1,68.0,0.0,35.18
6046,3033,977,1,205.0,20.5,104.69
6047,3033,387,3,100.0,0.0,51.83
6048,3034,225,1,69.0,0.0,26.99
6049,3034,560,2,139.0,0.0,55.69
6050,3034,26,3,115.0,0.0,55.33
6051,3034,177,2,103.0,0.0,50.53
6052,3035,306,1,102.0,0.0,39.54
6053,3035,458,1,137.0,0.0,54.24
6054,3035,59,2,128.0,51.2,64.06
6055,3035,46,2,122.0,0.0,43.3
6056,3036,325,1,124.0,0.0,42.21
6057,3036,451,2,99.0,0.0,43.19
6058,3037,144,2,117.0,0.0,57.7
6059,3037,180,1,100.0,0.0,47.6
6060,3037,877,1,117.0,0.0,58.12
6061,3037,396,1,104.0,20.8,40.43
6062,3038,380,1,100.0,0.0,48.82
6063,3039,330,2,122.0,0.0,51.86
6064,3040,760,1,58.0,0.0,25.78
6065,3041,642,2,57.0,22.8,24.61
6066,3042,993,2,219.0,0.0,89.2
6067,3043,672,3,64.0,0.0,22.8
6068,3043,873,1,99.0,0.0,45.62
6069,3044,956,1,159.0,23.85,80.2
6070,3044,820,2,44.0,0.0,16.76
6071,3045,316,1,106.0,0.0,40.87
6072,3045,77,3,120.0,18.0,50.9
6073,3045,609,2,65.0,0.0,25.65
6074,3046,349,3,98.0,0.0,40.38
6075,3047,560,1,139.0,0.0,55.69
6076,3048,470,1,136.0,20.4,70.16
6077,3049,244,1,64.0,0.0,26.73
6078,3049,381,2,116.0,0.0,41.38
6079,3050,60,1,125.0,12.5,62.6
6080,3050,1008,1,178.0,0.0,81.55
6081,3051,47,1,113.0,0.0,57.5
6082,3052,16,3,119.0,0.0,43.45
6083,3052,110,3,126.0,0.0,56.77
6084,3053,136,1,105.0,10.5,38.4
6085,3053,732,3,52.0,23.4,20.13
6086,3054,720,1,55.0,0.0,23.08
6087,3055,133,1,106.0,0.0,52.01
6088,3056,310,2,108.0,43.2,41.48
6089,3056,884,1,99.0,0.0,40.97
6090,3057,907,1,69.0,0.0,31.24
6091,3058,1073,1,223.0,0.0,113.43
6092,3058,880,1,97.0,0.0,35.96
6093,3058,518,2,125.0,0.0,55.03
6094,3059,49,1,114.0,0.0,47.77
6095,3060,318,1,122.0,0.0,51.69
6096,3061,775,1,55.0,0.0,20.18
6097,3061,385,1,124.0,0.0,44.81
6098,3061,340,1,125.0,25.0,57.25
6099,3061,21,3,121.0,0.0,54.96
6100,3062,67,2,103.0,0.0,37.46
6101,3063,390,3,116.0,0.0,44.05
6102,3063,723,1,67.0,3.35,26.58
6103,3063,547,1,137.0,13.7,57.46
6104,3063,90,1,113.0,11.3,46.43
6105,3064,173,2,127.0,0.0,65.94
6106,3064,229,1,64.0,0.0,23.55
6107,3065,582,1,140.0,0.0,55.92
6108,3066,1062,1,191.0,0.0,76.07
6109,3067,108,1,121.0,0.0,47.42
6110,3068,78,3,124.0,18.6,44.6
6111,3068,377,1,118.0,5.9,40.13
6112,3069,315,1,137.0,0.0,50.61
6113,3070,65,1,106.0,0.0,50.87
6114,3070,339,2,116.0,46.4,42.07
6115,3071,785,1,56.0,2.8,28.43
6116,3072,993,1,219.0,0.0,89.2
6117,3072,455,1,100.0,10.0,49.02
6118,3072,541,1,124.0,18.6,42.94
6119,3072,456,1,119.0,0.0,60.08
6120,3073,124,1,120.0,0.0,52.74
6121,3073,174,2,107.0,32.1,49.62
6122,3073,260,1,58.0,0.0,23.34
6123,3074,283,2,76.0,0.0,27.21
6124,3074,502,1,112.0,0.0,47.12
6125,3075,831,3,54.0,0.0,21.13
6126,3076,989,2,155.0,31.0,70.79
6127,3077,63,1,100.0,0.0,36.76
6128,3078,612,1,59.0,0.0,26.02
6129,3078,353,1,108.0,0.0,54.46
6130,3078,581,1,140.0,7.0,51.47
6131,3078,940,1,77.0,3.85,28.25
6132,3079,347,2,108.0,0.0,48.88
6133,3080,78,2,124.0,37.2,44.6
6134,3080,631,2,50.0,10.0,21.28
6135,3081,36,1,100.0,15.0,50.25
6136,3081,321,3,104.0,31.2,52.59
6137,3081,778,3,48.0,0.0,16.73
6138,3082,161,1,119.0,5.95,54.34
6139,3082,665,3,64.0,9.6,29.04
6140,3083,494,1,117.0,11.7,45.52
6141,3083,817,2,57.0,0.0,24.84
6142,3083,575,2,115.0,0.0,40.58
6143,3083,871,2,108.0,0.0,53.31
6144,3084,92,2,114.0,34.2,42.48
6145,3085,141,2,126.0,0.0,60.35
6146,3085,509,1,108.0,16.2,56.14
6147,3086,68,2,128.0,0.0,55.19
6148,3087,775,1,55.0,0.0,20.18
6149,3088,401,1,132.0,0.0,46.29
6150,3088,1025,1,152.0,0.0,68.12
6151,3088,522,1,113.0,0.0,52.2
6152,3089,791,2,43.0,0.0,19.97
6153,3090,934,3,74.0,0.0,32.46
6154,3091,910,3,80.0,0.0,30.72
6155,3091,420,1,130.0,0.0,53.36
6156,3091,668,1,49.0,4.9,16.8
6157,3091,444,1,125.0,0.0,50.98
6158,3092,11,3,109.0,65.4,46.27
6159,3093,984,2,198.0,0.0,67.5
6160,3093,272,1,69.0,0.0,30.5
6161,3094,350,1,123.0,0.0,51.65
6162,3094,1044,1,215.0,0.0,104.52
6163,3094,1097,1,29.0,1.45,10.58
6164,3095,451,1,99.0,9.9,43.19
6165,3095,220,1,60.0,0.0,31.17
6166,3095,9,1,99.0,4.95,36.41
6167,3095,293,2,68.0,0.0,25.39
6168,3096,248,2,59.0,5.9,24.95
6169,3097,26,2,115.0,46.0,55.33
6170,3097,70,2,98.0,0.0,46.36
6171,3097,940,2,77.0,0.0,28.25
6172,3097,641,1,49.0,0.0,23.1
6173,3098,689,3,57.0,0.0,19.52
6174,3098,531,3,116.0,17.4,48.0
6175,3099,785,1,56.0,8.4,28.43
6176,3099,1095,1,19.0,1.9,9.42
6177,3100,146,1,120.0,6.0,61.97
6178,3100,727,3,55.0,8.25,25.19
6179,3101,658,1,53.0,0.0,18.33
6180,3102,113,2,110.0,0.0,52.9
6181,3102,177,2,103.0,10.3,50.53
6182,3102,781,1,58.0,8.7,21.7
6183,3102,27,3,110.0,0.0,53.52
6184,3103,290,3,64.0,0.0,29.65
6185,3104,316,1,106.0,5.3,40.87
6186,3105,111,1,117.0,0.0,41.56
6187,3106,808,1,50.0,0.0,19.11
6188,3106,25,2,106.0,21.2,41.64
6189,3106,966,1,156.0,31.2,70.06
6190,3107,554,1,140.0,0.0,71.81
6191,3108,887,1,97.0,0.0,42.67
6192,3109,987,1,227.0,0.0,96.02
6193,3110,704,1,68.0,3.4,23.64
6194,3111,720,1,55.0,0.0,23.08
6195,3111,772,1,62.0,0.0,24.02
6196,3111,575,2,115.0,0.0,40.58
6197,3112,425,3,108.0,0.0,52.79
6198,3112,170,2,121.0,12.1,41.46
6199,3112,645,3,67.0,0.0,31.63
6200,3113,862,3,100.0,15.0,42.15
6201,3113,337,2,118.0,0.0,59.39
6202,3114,529,1,141.0,0.0,50.2
6203,3114,35,1,120.0,0.0,50.51
6204,3114,375,1,108.0,0.0,53.81
6205,3114,932,2,73.0,0.0,26.38
6206,3115,312,1,119.0,0.0,50.97
6207,3116,681,2,57.0,22.8,23.09
6208,3117,459,1,109.0,0.0,55.98
6209,3117,14,1,119.0,0.0,47.15
6210,3117,706,1,49.0,7.35,19.04
6211,3117,259,1,66.0,0.0,26.21
6212,3118,458,1,137.0,13.7,54.24
6213,3118,841,2,98.0,0.0,36.25
6214,3119,694,2,54.0,0.0,18.6
6215,3119,146,1,120.0,12.0,61.97
6216,3120,601,1,61.0,0.0,24.32
6217,3121,1005,3,205.0,0.0,93.35
6218,3122,724,1,57.0,11.4,23.65
6219,3122,79,1,105.0,0.0,40.1
6220,3123,26,2,115.0,0.0,55.33
6221,3124,313,1,119.0,0.0,49.77
6222,3125,523,3,117.0,0.0,45.6
6223,3125,437,2,113.0,0.0,40.48
6224,3126,980,1,173.0,25.95,63.22
6225,3126,4,1,117.0,5.85,57.11
6226,3126,380,1,100.0,0.0,48.82
6227,3126,607,2,59.0,0.0,26.85
6228,3127,261,2,75.0,0.0,37.52
6229,3127,97,1,122.0,0.0,62.99
6230,3127,672,2,64.0,6.4,22.8
6231,3127,13,3,118.0,0.0,49.41
6232,3128,693,1,56.0,0.0,22.46
6233,3128,162,1,107.0,0.0,51.55
6234,3128,1063,3,201.0,120.6,69.56
6235,3128,119,2,124.0,0.0,44.77
6236,3129,345,1,135.0,13.5,50.82
6237,3129,912,1,68.0,3.4,33.81
6238,3129,188,2,65.0,0.0,32.74
6239,3129,581,2,140.0,0.0,51.47
6240,3130,709,1,49.0,0.0,19.76
6241,3131,737,1,62.0,0.0,32.09
6242,3132,351,2,133.0,13.3,52.93
6243,3132,497,1,137.0,6.85,64.04
6244,3133,765,2,63.0,12.6,22.17
6245,3133,271,3,61.0,0.0,25.09
6246,3134,109,1,99.0,0.0,46.04
6247,3134,88,1,112.0,0.0,38.51
6248,3135,420,1,130.0,13.0,53.36
6249,3135,810,2,55.0,0.0,26.65
6250,3135,373,1,136.0,0.0,54.11
6251,3136,49,1,114.0,0.0,47.77
6252,3137,334,3,119.0,0.0,54.6
6253,3137,703,1,58.0,0.0,20.74
6254,3138,176,2,104.0,0.0,45.19
6255,3139,779,1,68.0,0.0,23.67
6256,3140,869,2,97.0,0.0,41.73
6257,3141,71,1,111.0,5.55,56.27
6258,3142,737,1,62.0,0.0,32.09
6259,3142,402,1,117.0,0.0,43.9
6260,3143,121,1,121.0,0.0,47.03
6261,3143,18,3,119.0,0.0,57.18
6262,3143,760,1,58.0,0.0,25.78
6263,3144,739,3,63.0,9.45,27.18
6264,3144,46,1,122.0,0.0,43.3
6265,3145,390,1,116.0,0.0,44.05
6266,3145,92,2,114.0,0.0,42.48
6267,3146,674,1,68.0,0.0,29.3
6268,3147,814,1,55.0,0.0,23.64
6269,3148,610,3,68.0,0.0,35.18
6270,3149,606,1,60.0,0.0,31.13
6271,3149,78,2,124.0,0.0,44.6
6272,3149,809,1,47.0,0.0,22.88
6273,3150,373,1,136.0,0.0,54.11
6274,3151,823,1,46.0,2.3,20.77
6275,3152,460,2,133.0,53.2,62.17
6276,3152,925,1,85.0,0.0,33.81
6277,3153,672,1,64.0,9.6,22.8
6278,3153,95,1,125.0,0.0,61.25
6279,3154,17,2,98.0,29.4,47.2
6280,3154,860,3,114.0,0.0,44.73
6281,3155,858,2,94.0,9.4,45.88
6282,3155,989,2,155.0,0.0,70.79
6283,3156,1037,1,194.0,0.0,92.55
6284,3156,811,1,52.0,2.6,26.66
6285,3156,289,2,65.0,0.0,26.71
6286,3157,864,1,111.0,0.0,54.54
6287,3158,716,2,55.0,0.0,26.78
6288,3158,504,1,117.0,0.0,48.04
6289,3158,104,1,111.0,0.0,51.44
6290,3159,423,2,104.0,31.2,48.9
6291,3160,313,2,119.0,23.8,49.77
6292,3161,394,1,113.0,0.0,43.71
6293,3162,724,1,57.0,8.55,23.65
6294,3162,1067,2,194.0,0.0,83.13
6295,3162,920,1,73.0,10.95,29.7
6296,3163,573,1,114.0,0.0,57.68
6297,3164,160,1,104.0,0.0,46.08
6298,3165,268,1,60.0,0.0,27.57
6299,3166,926,1,87.0,0.0,39.93
6300,3167,10,1,121.0,0.0,62.21
6301,3167,315,2,137.0,0.0,50.61
6302,3167,975,2,208.0,0.0,81.69
6303,3168,741,1,63.0,0.0,30.97
6304,3168,931,1,81.0,8.1,34.21
6305,3168,912,2,68.0,0.0,33.81
6306,3169,843,3,108.0,0.0,39.14
6307,3170,145,1,120.0,6.0,44.97
6308,3170,845,1,117.0,11.7,59.8
6309,3170,432,1,111.0,0.0,55.3
6310,3171,887,2,97.0,0.0,42.67
6311,3172,900,3,93.0,0.0,45.0
6312,3173,649,3,51.0,0.0,18.15
6313,3173,686,1,52.0,0.0,24.33
6314,3173,106,2,121.0,0.0,52.8
6315,3174,177,1,103.0,0.0,50.53
6316,3175,865,1,116.0,0.0,44.58
6317,3176,621,2,57.0,0.0,23.92
6318,3177,217,1,76.0,11.4,27.0
6319,3177,262,2,62.0,6.2,22.68
6320,3178,424,1,106.0,0.0,46.78
6321,3178,222,1,59.0,0.0,22.21
6322,3179,971,1,165.0,0.0,85.18
6323,3180,820,1,44.0,0.0,16.76
6324,3181,306,3,102.0,15.3,39.54
6325,3181,764,2,49.0,0.0,23.08
6326,3181,240,1,59.0,8.85,27.47
6327,3182,905,1,77.0,3.85,37.77
6328,3183,665,2,64.0,6.4,29.04
6329,3184,234,1,69.0,0.0,24.73
6330,3184,910,1,80.0,0.0,30.72
6331,3185,701,3,48.0,0.0,21.99
6332,3186,110,2,126.0,0.0,56.77
6333,3187,41,1,110.0,0.0,38.22
6334,3187,609,2,65.0,0.0,25.65
6335,3188,968,1,160.0,0.0,71.98
6336,3189,650,2,55.0,5.5,19.41
6337,3189,1043,1,197.0,29.55,76.93
6338,3189,414,3,130.0,0.0,55.87
6339,3190,634,1,65.0,0.0,32.93
6340,3191,101,2,119.0,35.7,46.17
6341,3191,1063,1,201.0,40.2,69.56
6342,3191,99,1,120.0,6.0,52.38
6343,3191,64,1,109.0,0.0,54.22
6344,3192,156,1,107.0,0.0,44.62
6345,3192,480,2,127.0,0.0,47.04
6346,3192,39,2,120.0,0.0,50.13
6347,3193,628,3,55.0,0.0,25.74
6348,3193,624,1,51.0,7.65,19.2
6349,3194,157,1,117.0,0.0,48.45
6350,3195,335,2,136.0,0.0,55.21
6351,3196,764,1,49.0,0.0,23.08
6352,3196,1018,1,185.0,9.25,65.02
6353,3197,138,2,99.0,0.0,33.76
6354,3198,202,3,71.0,0.0,25.72
6355,3198,208,1,65.0,3.25,30.0
6356,3199,237,1,58.0,2.9,22.29
6357,3200,957,2,175.0,0.0,64.45
6358,3201,298,2,74.0,29.6,38.27
6359,3201,763,1,59.0,0.0,20.79
6360,3201,53,1,121.0,0.0,43.49
6361,3202,849,3,115.0,51.75,56.06
6362,3202,239,1,59.0,11.8,21.25
6363,3202,366,1,121.0,24.2,50.36
6364,3203,448,2,114.0,0.0,55.36
6365,3203,456,1,119.0,0.0,60.08
6366,3204,33,1,127.0,0.0,63.95
6367,3204,891,2,111.0,0.0,44.94
6368,3204,456,1,119.0,0.0,60.08
6369,3205,580,1,114.0,11.4,42.24
6370,3206,671,1,52.0,7.8,26.53
6371,3207,518,1,125.0,0.0,55.03
6372,3208,585,2,134.0,0.0,52.68
6373,3209,707,1,67.0,6.7,26.73
6374,3209,735,2,68.0,0.0,29.51
6375,3210,704,2,68.0,6.8,23.64
6376,3211,78,3,124.0,0.0,44.6
6377,3212,437,1,113.0,5.65,40.48
6378,3213,175,3,110.0,0.0,50.09
6379,3214,498,1,138.0,0.0,58.8
6380,3214,217,2,76.0,0.0,27.0
6381,3214,837,2,53.0,10.6,25.18
6382,3214,440,3,115.0,17.25,41.55
6383,3215,891,2,111.0,0.0,44.94
6384,3215,378,2,132.0,0.0,45.71
6385,3216,635,1,67.0,0.0,23.0
6386,3217,271,1,61.0,0.0,25.09
6387,3218,632,1,53.0,0.0,18.43
6388,3218,1,1,119.0,0.0,42.48
6389,3218,397,1,104.0,0.0,45.92
6390,3219,796,1,50.0,0.0,18.82
6391,3220,688,1,50.0,0.0,21.8
6392,3221,243,1,58.0,11.6,25.03
6393,3221,692,1,55.0,2.75,20.61
6394,3222,841,3,98.0,14.7,36.25
6395,3222,779,2,68.0,0.0,23.67
6396,3223,79,1,105.0,0.0,40.1
6397,3224,692,1,55.0,0.0,20.61
6398,3224,384,3,110.0,0.0,41.74
6399,3224,1072,1,150.0,0.0,67.19
6400,3224,1029,1,175.0,0.0,86.81
6401,3225,237,1,58.0,0.0,22.29
6402,3226,287,2,69.0,0.0,28.54
6403,3227,138,1,99.0,0.0,33.76
6404,3227,163,1,111.0,0.0,50.25
6405,3228,307,2,105.0,0.0,43.52
6406,3229,485,1,108.0,0.0,54.15
6407,3229,425,2,108.0,0.0,52.79
6408,3230,245,3,75.0,0.0,29.01
6409,3230,402,3,117.0,0.0,43.9
6410,3230,432,2,111.0,22.2,55.3
6411,3231,860,1,114.0,0.0,44.73
6412,3231,987,3,227.0,0.0,96.02
6413,3231,410,1,106.0,10.6,50.43
6414,3231,304,2,129.0,12.9,61.79
6415,3232,528,2,109.0,0.0,41.14
6416,3232,439,1,122.0,0.0,50.81
6417,3232,364,1,122.0,0.0,47.42
6418,3233,857,2,104.0,0.0,43.38
6419,3233,619,1,49.0,0.0,21.79
6420,3234,621,1,57.0,0.0,23.92
6421,3235,1077,2,205.0,61.5,99.27
6422,3235,930,1,79.0,11.85,40.09
6423,3235,826,3,47.0,0.0,20.29
6424,3235,845,1,117.0,0.0,59.8
6425,3236,344,3,103.0,15.45,40.28
6426,3237,789,2,54.0,0.0,20.28
6427,3238,798,1,50.0,5.0,22.25
6428,3239,654,3,50.0,0.0,24.97
6429,3239,955,1,218.0,0.0,80.15
6430,3239,791,2,43.0,17.2,19.97
6431,3239,484,1,137.0,0.0,47.83
6432,3240,168,2,124.0,24.8,43.4
6433,3241,970,2,193.0,0.0,82.05
6434,3241,660,3,48.0,0.0,18.47
6435,3242,761,1,65.0,0.0,23.72
6436,3243,415,1,109.0,10.9,44.53
6437,3243,38,1,103.0,0.0,50.9
6438,3243,766,3,65.0,0.0,23.14
6439,3243,909,1,68.0,0.0,23.87
6440,3244,553,1,135.0,0.0,58.61
6441,3245,415,1,109.0,0.0,44.53
6442,3246,1079,3,189.0,0.0,71.85
6443,3246,659,1,55.0,0.0,25.15
6444,3246,192,3,58.0,0.0,21.72
6445,3247,586,2,118.0,0.0,51.89
6446,3247,111,1,117.0,0.0,41.56
6447,3248,796,1,50.0,0.0,18.82
6448,3248,155,3,101.0,45.45,36.78
6449,3249,348,1,138.0,0.0,56.85
6450,3250,425,1,108.0,0.0,52.79
6451,3250,1050,2,193.0,0.0,97.55
6452,3251,182,1,62.0,0.0,27.62
6453,3251,390,2,116.0,11.6,44.05
6454,3251,957,2,175.0,0.0,64.45
6455,3251,641,1,49.0,2.45,23.1
6456,3252,53,1,121.0,0.0,43.49
6457,3253,561,1,145.0,7.25,64.01
6458,3253,274,3,77.0,0.0,37.21
6459,3254,949,3,164.0,0.0,72.38
6460,3254,424,1,106.0,5.3,46.78
6461,3254,255,1,75.0,0.0,28.93
6462,3255,357,1,109.0,0.0,42.12
6463,3255,616,1,52.0,7.8,24.79
6464,3255,935,2,76.0,0.0,38.72
6465,3256,991,1,160.0,0.0,60.61
6466,3257,155,2,101.0,0.0,36.78
6467,3258,856,1,103.0,0.0,51.48
6468,3258,148,1,125.0,0.0,58.47
6469,3259,922,1,73.0,0.0,27.57
6470,3259,285,2,78.0,0.0,36.62
6471,3260,868,3,105.0,0.0,43.23
6472,3260,676,3,66.0,0.0,28.74
6473,3261,380,1,100.0,0.0,48.82
6474,3261,1021,1,161.0,0.0,64.99
6475,3261,473,3,120.0,36.0,54.32
6476,3261,58,1,103.0,0.0,35.85
6477,3262,76,3,98.0,0.0,43.83
6478,3262,928,1,79.0,0.0,31.38
6479,3263,553,1,135.0,6.75,58.61
6480,3263,447,1,112.0,0.0,40.03
6481,3263,117,1,119.0,0.0,56.82
6482,3263,533,2,148.0,0.0,61.29
6483,3264,716,1,55.0,0.0,26.78
6484,3264,773,1,55.0,11.0,23.86
6485,3264,117,1,119.0,0.0,56.82
6486,3264,767,1,49.0,0.0,24.19
6487,3265,605,1,54.0,0.0,20.79
6488,3266,446,1,106.0,0.0,38.7
6489,3267,518,1,125.0,0.0,55.03
6490,3268,64,3,109.0,0.0,54.22
6491,3268,518,2,125.0,0.0,55.03
6492,3269,459,1,109.0,0.0,55.98
6493,3269,738,1,49.0,4.9,21.62
6494,3269,1083,1,175.0,0.0,85.39
6495,3270,314,2,103.0,0.0,52.67
6496,3271,1035,2,187.0,0.0,85.39
6497,3272,438,2,117.0,0.0,51.67
6498,3272,876,2,93.0,37.2,45.34
6499,3272,1065,1,198.0,0.0,82.33
6500,3272,890,1,90.0,13.5,44.28
6501,3273,1017,1,151.0,7.55,59.58
6502,3274,724,2,57.0,0.0,23.65
6503,3274,74,2,113.0,0.0,49.71
6504,3275,126,1,128.0,0.0,60.06
6505,3276,601,3,61.0,0.0,24.32
6506,3276,671,2,52.0,0.0,26.53
6507,3277,21,2,121.0,0.0,54.96
6508,3278,612,2,59.0,0.0,26.02
6509,3279,458,1,137.0,0.0,54.24
6510,3280,835,1,47.0,0.0,16.33
6511,3280,706,1,49.0,9.8,19.04
6512,3280,877,2,117.0,11.7,58.12
6513,3280,148,2,125.0,25.0,58.47
6514,3281,522,2,113.0,0.0,52.2
6515,3281,65,3,106.0,0.0,50.87
6516,3281,354,1,132.0,19.8,68.12
6517,3282,310,1,108.0,0.0,41.48
6518,3282,163,1,111.0,11.1,50.25
6519,3283,215,1,74.0,14.8,29.14
6520,3283,864,1,111.0,0.0,54.54
6521,3284,599,1,132.0,0.0,55.14
6522,3285,124,1,120.0,6.0,52.74
6523,3286,231,2,74.0,0.0,31.0
6524,3286,755,1,55.0,0.0,21.55
6525,3286,147,1,99.0,9.9,44.64
6526,3287,758,2,49.0,4.9,18.98
6527,3287,363,1,109.0,16.35,38.43
6528,3288,352,1,118.0,23.6,53.55
6529,3288,342,3,129.0,58.05,63.84
6530,3288,1010,1,213.0,0.0,82.88
6531,3289,1093,3,32.0,0.0,13.32
6532,3289,996,2,214.0,0.0,100.63
6533,3289,76,1,98.0,0.0,43.83
6534,3289,219,2,71.0,0.0,29.35
6535,3290,271,3,61.0,18.3,25.09
6536,3290,891,1,111.0,0.0,44.94
6537,3291,77,2,120.0,0.0,50.9
6538,3291,551,2,131.0,13.1,53.86
6539,3292,321,3,104.0,0.0,52.59
6540,3293,302,2,132.0,0.0,58.76
6541,3293,660,2,48.0,9.6,18.47
6542,3293,869,1,97.0,0.0,41.73
6543,3293,311,3,136.0,20.4,67.98
6544,3294,579,1,146.0,0.0,61.4
6545,3294,732,2,52.0,0.0,20.13
6546,3294,478,1,105.0,10.5,41.76
6547,3294,278,3,77.0,0.0,38.83
6548,3295,163,3,111.0,16.65,50.25
6549,3296,738,1,49.0,0.0,21.62
6550,3297,75,2,124.0,24.8,45.29
6551,3298,982,1,211.0,10.55,74.19
6552,3299,276,2,71.0,0.0,32.86
6553,3299,765,1,63.0,0.0,22.17
6554,3300,458,1,137.0,13.7,54.24
6555,3301,52,1,106.0,10.6,48.62
6556,3301,91,1,128.0,6.4,63.68
6557,3301,76,1,98.0,0.0,43.83
6558,3301,565,1,129.0,6.45,61.18
6559,3302,51,3,115.0,69.0,41.35
6560,3303,446,1,106.0,0.0,38.7
6561,3303,697,3,48.0,14.4,22.93
6562,3304,877,1,117.0,0.0,58.12
6563,3304,660,1,48.0,0.0,18.47
6564,3305,404,2,102.0,0.0,37.91
6565,3305,140,2,124.0,0.0,43.44
6566,3306,844,1,116.0,0.0,41.29
6567,3306,556,3,134.0,0.0,56.99
6568,3306,958,3,168.0,0.0,84.76
6569,3306,119,1,124.0,0.0,44.77
6570,3307,755,3,55.0,33.0,21.55
6571,3307,671,1,52.0,0.0,26.53
6572,3307,263,1,59.0,0.0,25.45
6573,3307,483,2,147.0,44.1,65.67
6574,3308,68,3,128.0,0.0,55.19
6575,3309,576,1,111.0,0.0,40.39
6576,3309,214,2,63.0,12.6,31.09
6577,3309,915,1,70.0,14.0,27.43
6578,3309,621,1,57.0,8.55,23.92
6579,3310,150,1,112.0,0.0,53.89
6580,3311,758,1,49.0,0.0,18.98
6581,3311,606,1,60.0,0.0,31.13
6582,3311,621,1,57.0,0.0,23.92
6583,3311,47,1,113.0,5.65,57.5
6584,3312,718,2,55.0,0.0,27.98
6585,3313,309,3,133.0,0.0,53.34
6586,3314,52,2,106.0,0.0,48.62
6587,3314,976,1,209.0,0.0,97.33
6588,3315,356,1,116.0,17.4,44.46
6589,3315,920,1,73.0,0.0,29.7
6590,3315,242,1,58.0,2.9,20.89
6591,3315,403,1,99.0,0.0,35.43
6592,3316,420,1,130.0,0.0,53.36
6593,3316,348,1,138.0,6.9,56.85
6594,3317,582,1,140.0,0.0,55.92
6595,3317,159,2,99.0,0.0,41.12
6596,3318,942,1,80.0,0.0,40.49
6597,3318,208,1,65.0,9.75,30.0
6598,3319,666,1,68.0,0.0,23.64
6599,3320,388,3,138.0,20.7,58.07
6600,3320,494,2,117.0,0.0,45.52
6601,3321,488,1,115.0,5.75,52.16
6602,3321,766,2,65.0,19.5,23.14
6603,3322,652,1,65.0,0.0,28.18
6604,3322,920,1,73.0,0.0,29.7
6605,3323,73,1,107.0,5.35,41.9
6606,3324,639,1,60.0,0.0,27.04
6607,3324,646,2,66.0,0.0,26.93
6608,3324,470,1,136.0,0.0,70.16
6609,3324,775,1,55.0,8.25,20.18
6610,3325,100,1,127.0,0.0,53.76
6611,3325,795,1,49.0,0.0,23.33
6612,3326,622,1,64.0,0.0,32.05
6613,3326,954,2,174.0,0.0,84.16
6614,3326,825,1,57.0,0.0,27.4
6615,3326,555,1,145.0,0.0,74.99
6616,3327,579,1,146.0,0.0,61.4
6617,3328,391,1,136.0,0.0,64.23
6618,3328,881,3,92.0,0.0,45.53
6619,3329,693,2,56.0,0.0,22.46
6620,3329,734,1,64.0,9.6,26.12
6621,3330,807,1,45.0,0.0,18.32
6622,3330,221,2,68.0,0.0,24.76
6623,3331,742,2,48.0,0.0,21.13
6624,3331,676,2,66.0,0.0,28.74
6625,3332,744,2,51.0,0.0,20.45
6626,3333,112,2,120.0,24.0,61.51
6627,3334,499,1,123.0,0.0,48.65
6628,3335,236,1,58.0,0.0,29.74
6629,3336,513,1,126.0,12.6,55.36
6630,3336,607,3,59.0,0.0,26.85
6631,3336,1079,1,189.0,0.0,71.85
6632,3336,254,1,71.0,0.0,26.22
6633,3337,449,1,101.0,0.0,46.19
6634,3338,271,1,61.0,0.0,25.09
6635,3338,107,3,113.0,0.0,54.78
6636,3338,319,2,119.0,0.0,44.47
6637,3339,414,1,130.0,19.5,55.87
6638,3340,96,3,110.0,0.0,39.36
6639,3340,331,1,112.0,0.0,41.65
6640,3340,107,3,113.0,0.0,54.78
6641,3340,53,1,121.0,18.15,43.49
6642,3341,764,1,49.0,0.0,23.08
6643,3342,713,2,59.0,0.0,28.75
6644,3343,302,1,132.0,0.0,58.76
6645,3344,435,1,137.0,13.7,70.34
6646,3344,580,1,114.0,22.8,42.24
6647,3344,888,2,96.0,0.0,40.59
6648,3345,814,1,55.0,0.0,23.64
6649,3345,976,2,209.0,0.0,97.33
6650,3346,211,3,60.0,18.0,29.67
6651,3347,297,1,60.0,0.0,28.66
6652,3347,963,1,223.0,0.0,96.12
6653,3348,745,1,52.0,0.0,18.56
6654,3348,903,1,72.0,0.0,27.29
6655,3348,518,1,125.0,0.0,55.03
6656,3349,711,1,62.0,3.1,29.84
6657,3349,206,3,69.0,0.0,34.94
6658,3349,719,1,53.0,0.0,21.1
6659,3350,911,3,80.0,0.0,29.85
6660,3350,666,1,68.0,0.0,23.64
6661,3351,609,1,65.0,0.0,25.65
6662,3351,287,2,69.0,0.0,28.54
6663,3352,321,3,104.0,0.0,52.59
6664,3353,604,2,65.0,0.0,33.79
6665,3354,540,1,124.0,6.2,47.18
6666,3355,70,2,98.0,0.0,46.36
6667,3356,827,1,42.0,0.0,16.85
6668,3357,634,1,65.0,3.25,32.93
6669,3357,26,1,115.0,0.0,55.33
6670,3358,431,2,117.0,46.8,39.9
6671,3358,578,2,124.0,0.0,56.41
6672,3358,555,1,145.0,0.0,74.99
6673,3359,148,1,125.0,0.0,58.47
6674,3359,1027,1,212.0,31.8,109.73
6675,3359,127,3,101.0,0.0,49.8
6676,3359,122,1,107.0,0.0,39.42
6677,3360,7,1,108.0,0.0,55.59
6678,3360,1065,3,198.0,0.0,82.33
6679,3361,586,2,118.0,0.0,51.89
6680,3362,804,1,52.0,0.0,20.85
6681,3362,440,1,115.0,0.0,41.55
6682,3363,866,1,105.0,5.25,52.62
6683,3364,201,1,61.0,0.0,28.8
6684,3364,131,1,107.0,0.0,54.07
6685,3364,300,1,77.0,15.4,33.84
6686,3365,198,1,71.0,0.0,35.22
6687,3365,699,2,62.0,0.0,24.52
6688,3365,1011,1,222.0,0.0,88.72
6689,3365,709,3,49.0,29.4,19.76
6690,3366,628,2,55.0,0.0,25.74
6691,3367,1053,1,226.0,33.9,99.34
6692,3368,800,1,46.0,0.0,20.81
6693,3369,123,1,127.0,0.0,53.19
6694,3369,956,3,159.0,0.0,80.2
6695,3370,534,1,145.0,0.0,55.72
6696,3370,832,1,58.0,5.8,22.46
6697,3370,219,1,71.0,3.55,29.35
6698,3371,103,2,108.0,0.0,43.84
6699,3371,772,1,62.0,0.0,24.02
6700,3371,1043,2,197.0,0.0,76.93
6701,3371,297,2,60.0,6.0,28.66
6702,3372,133,1,106.0,10.6,52.01
6703,3372,882,1,103.0,0.0,53.39
6704,3372,441,2,132.0,39.6,51.64
6705,3373,498,1,138.0,0.0,58.8
6706,3373,329,1,127.0,25.4,53.72
6707,3373,278,1,77.0,3.85,38.83
6708,3374,884,3,99.0,0.0,40.97
6709,3374,340,1,125.0,0.0,57.25
6710,3374,10,1,121.0,0.0,62.21
6711,3374,700,3,58.0,0.0,30.1
6712,3375,422,3,112.0,67.2,45.71
6713,3375,241,3,64.0,0.0,26.3
6714,3376,497,2,137.0,0.0,64.04
6715,3376,657,2,57.0,0.0,23.63
6716,3377,928,1,79.0,0.0,31.38
6717,3377,315,2,137.0,0.0,50.61
6718,3378,789,3,54.0,24.3,20.28
6719,3378,843,1,108.0,0.0,39.14
6720,3378,35,1,120.0,0.0,50.51
6721,3378,306,1,102.0,0.0,39.54
6722,3379,712,2,60.0,0.0,21.93
6723,3379,322,2,100.0,0.0,40.16
6724,3380,601,3,61.0,0.0,24.32
6725,3380,1063,2,201.0,0.0,69.56
6726,3381,509,2,108.0,0.0,56.14
6727,3382,878,1,108.0,21.6,44.26
6728,3383,120,1,113.0,0.0,46.93
6729,3383,799,1,47.0,7.05,22.07
6730,3383,303,3,110.0,16.5,44.75
6731,3383,939,1,86.0,0.0,35.74
6732,3384,492,3,129.0,19.35,61.16
6733,3384,367,1,107.0,5.35,49.6
6734,3384,731,1,55.0,0.0,21.22
6735,3384,809,1,47.0,0.0,22.88
6736,3385,24,1,124.0,0.0,47.38
6737,3386,190,3,75.0,0.0,26.92
6738,3386,599,1,132.0,0.0,55.14
6739,3387,802,1,43.0,0.0,19.2
6740,3387,750,1,63.0,9.45,32.18
6741,3387,785,2,56.0,5.6,28.43
6742,3387,230,3,63.0,0.0,27.79
6743,3388,74,1,113.0,0.0,49.71
6744,3388,110,2,126.0,0.0,56.77
6745,3388,640,2,60.0,0.0,22.06
6746,3389,150,2,112.0,22.4,53.89
6747,3390,552,2,145.0,0.0,55.74
6748,3390,187,1,64.0,0.0,30.61
6749,3390,775,2,55.0,16.5,20.18
6750,3391,619,1,49.0,2.45,21.79
6751,3392,619,1,49.0,0.0,21.79
6752,3393,151,2,115.0,0.0,42.1
6753,3393,846,2,108.0,0.0,45.6
6754,3394,98,1,115.0,5.75,52.4
6755,3394,170,1,121.0,0.0,41.46
6756,3395,758,1,49.0,0.0,18.98
6757,3395,819,1,43.0,0.0,16.42
6758,3396,820,1,44.0,0.0,16.76
6759,3396,99,2,120.0,0.0,52.38
6760,3397,817,2,57.0,0.0,24.84
6761,3397,511,1,122.0,0.0,43.26
6762,3398,466,3,101.0,60.6,35.75
6763,3398,886,2,100.0,40.0,50.07
6764,3399,985,1,199.0,19.9,81.26
6765,3399,428,3,121.0,0.0,41.24
6766,3400,365,2,107.0,0.0,38.53
6767,3400,68,3,128.0,0.0,55.19
6768,3400,521,1,141.0,0.0,54.66
6769,3401,244,2,64.0,0.0,26.73
6770,3402,209,2,71.0,0.0,35.2
6771,3402,855,1,96.0,0.0,36.81
6772,3403,808,2,50.0,0.0,19.11
6773,3404,13,1,118.0,0.0,49.41
6774,3404,561,2,145.0,0.0,64.01
6775,3405,529,2,141.0,14.1,50.2
6776,3405,392,1,128.0,6.4,62.61
6777,3405,454,2,136.0,0.0,66.74
6778,3405,395,1,108.0,0.0,52.79
6779,3406,969,2,214.0,0.0,84.68
6780,3407,614,2,55.0,0.0,21.97
6781,3408,83,1,114.0,0.0,43.62
6782,3409,847,2,88.0,8.8,32.2
6783,3410,910,3,80.0,48.0,30.72
6784,3410,770,1,51.0,0.0,24.97
6785,3410,376,1,111.0,0.0,48.41
6786,3411,954,2,174.0,69.6,84.16
6787,3411,172,2,116.0,46.4,41.94
6788,3412,30,1,102.0,0.0,47.46
6789,3412,342,1,129.0,6.45,63.84
6790,3412,167,1,113.0,0.0,40.78
6791,3413,965,3,218.0,0.0,98.2
6792,3414,394,1,113.0,0.0,43.71
6793,3414,370,1,111.0,0.0,46.95
6794,3415,1011,1,222.0,33.3,88.72
6795,3416,438,1,117.0,0.0,51.67
6796,3417,434,1,129.0,0.0,55.39
6797,3417,610,2,68.0,6.8,35.18
6798,3418,223,1,67.0,10.05,30.43
6799,3418,765,1,63.0,0.0,22.17
6800,3418,851,2,94.0,0.0,46.53
6801,3418,911,2,80.0,0.0,29.85
6802,3419,174,3,107.0,0.0,49.62
6803,3419,471,2,100.0,0.0,36.76
6804,3420,464,1,126.0,0.0,53.79
6805,3420,350,1,123.0,0.0,51.65
6806,3420,1099,1,56.0,0.0,19.79
6807,3421,119,1,124.0,0.0,44.77
6808,3421,970,2,193.0,0.0,82.05
6809,3421,158,2,104.0,0.0,46.37
6810,3421,941,2,78.0,15.6,35.63
6811,3422,695,3,54.0,0.0,27.99
6812,3422,732,1,52.0,0.0,20.13
6813,3423,645,1,67.0,0.0,31.63
6814,3424,608,2,67.0,0.0,25.24
6815,3424,87,1,116.0,5.8,45.38
6816,3425,115,1,99.0,0.0,44.64
6817,3425,8,1,122.0,0.0,45.75
6818,3426,11,1,109.0,10.9,46.27
6819,3426,123,1,127.0,19.05,53.19
6820,3426,1010,2,213.0,0.0,82.88
6821,3426,267,2,61.0,0.0,21.29
6822,3427,396,3,104.0,0.0,40.43
6823,3428,429,3,125.0,0.0,55.16
6824,3429,314,3,103.0,0.0,52.67
6825,3429,90,1,113.0,0.0,46.43
6826,3429,235,2,78.0,0.0,33.72
6827,3430,94,1,106.0,0.0,43.17
6828,3431,669,1,50.0,7.5,19.92
6829,3431,126,2,128.0,0.0,60.06
6830,3432,587,1,126.0,0.0,56.98
6831,3432,789,1,54.0,2.7,20.28
6832,3433,906,2,77.0,0.0,39.88
6833,3433,738,2,49.0,0.0,21.62
6834,3433,22,1,115.0,0.0,45.39
6835,3433,283,1,76.0,0.0,27.21
6836,3434,421,2,125.0,0.0,54.97
6837,3435,663,1,50.0,0.0,25.48
6838,3435,346,1,126.0,12.6,64.45
6839,3435,641,1,49.0,0.0,23.1
6840,3435,910,1,80.0,0.0,30.72
6841,3436,588,1,121.0,0.0,55.84
6842,3437,557,1,111.0,0.0,45.98
6843,3437,636,3,67.0,0.0,22.93
6844,3438,58,2,103.0,0.0,35.85
6845,3438,639,1,60.0,0.0,27.04
6846,3439,371,2,106.0,21.2,48.87
6847,3439,636,1,67.0,0.0,22.93
6848,3440,473,1,120.0,0.0,54.32
6849,3441,200,1,78.0,0.0,40.14
6850,3441,1080,2,170.0,0.0,58.6
6851,3441,221,1,68.0,0.0,24.76
6852,3442,375,1,108.0,0.0,53.81
6853,3443,947,1,86.0,0.0,39.68
6854,3444,297,1,60.0,0.0,28.66
6855,3445,640,2,60.0,0.0,22.06
6856,3445,844,1,116.0,0.0,41.29
6857,3446,254,1,71.0,10.65,26.22
6858,3447,459,1,109.0,0.0,55.98
6859,3448,170,1,121.0,0.0,41.46
6860,3448,42,1,108.0,0.0,39.53
6861,3448,809,2,47.0,0.0,22.88
6862,3449,142,2,123.0,24.6,42.71
6863,3449,632,1,53.0,0.0,18.43
6864,3450,881,3,92.0,0.0,45.53
6865,3451,95,1,125.0,0.0,61.25
6866,3451,404,1,102.0,0.0,37.91
6867,3451,357,1,109.0,0.0,42.12
6868,3451,867,2,110.0,0.0,46.65
6869,3452,402,2,117.0,0.0,43.9
6870,3453,51,1,115.0,0.0,41.35
6871,3454,644,3,51.0,0.0,19.36
6872,3455,296,1,72.0,0.0,25.91
6873,3456,890,1,90.0,13.5,44.28
6874,3456,675,3,51.0,22.95,19.91
6875,3457,33,1,127.0,0.0,63.95
6876,3458,575,1,115.0,0.0,40.58
6877,3458,336,2,114.0,0.0,50.29
6878,3458,122,2,107.0,10.7,39.42
6879,3458,269,1,61.0,0.0,27.28
6880,3459,43,3,116.0,52.2,43.0
6881,3460,104,1,111.0,0.0,51.44
6882,3460,786,2,57.0,11.4,23.66
6883,3460,277,1,65.0,0.0,24.19
6884,3460,490,1,136.0,0.0,56.65
6885,3461,923,1,72.0,3.6,25.31
6886,3461,617,3,48.0,0.0,19.05
6887,3462,383,1,106.0,0.0,50.36
6888,3462,97,1,122.0,12.2,62.99
6889,3462,756,3,64.0,0.0,27.48
6890,3462,625,2,63.0,0.0,28.22
6891,3463,92,1,114.0,0.0,42.48
6892,3463,287,1,69.0,0.0,28.54
6893,3463,249,2,61.0,0.0,21.26
6894,3464,948,2,71.0,0.0,32.88
6895,3465,1041,1,162.0,0.0,78.14
6896,3465,162,2,107.0,0.0,51.55
6897,3465,1039,3,216.0,0.0,73.58
6898,3465,125,1,122.0,0.0,52.01
6899,3466,870,1,112.0,0.0,53.11
6900,3466,731,1,55.0,0.0,21.22
6901,3466,296,3,72.0,0.0,25.91
6902,3466,674,1,68.0,0.0,29.3
6903,3467,456,1,119.0,0.0,60.08
6904,3468,875,1,89.0,0.0,46.07
6905,3469,807,1,45.0,0.0,18.32
6906,3469,1087,3,151.0,0.0,60.28
6907,3470,267,3,61.0,0.0,21.29
6908,3471,683,1,57.0,0.0,19.78
6909,3471,276,1,71.0,0.0,32.86
6910,3472,884,1,99.0,0.0,40.97
6911,3472,1061,1,205.0,0.0,99.95
6912,3472,699,1,62.0,0.0,24.52
6913,3473,322,1,100.0,0.0,40.16
6914,3473,572,1,147.0,0.0,53.71
6915,3474,620,2,65.0,0.0,23.92
6916,3474,702,1,62.0,9.3,30.0
6917,3475,703,2,58.0,0.0,20.74
6918,3475,306,2,102.0,0.0,39.54
6919,3476,654,1,50.0,0.0,24.97
6920,3476,520,2,133.0,0.0,54.86
6921,3477,794,2,45.0,0.0,20.06
6922,3477,1049,1,176.0,0.0,70.04
6923,3477,378,1,132.0,0.0,45.71
6924,3478,389,2,105.0,0.0,54.14
6925,3478,683,2,57.0,0.0,19.78
6926,3478,382,1,120.0,6.0,46.36
6927,3479,717,2,58.0,17.4,22.42
6928,3479,1049,1,176.0,8.8,70.04
6929,3479,386,3,111.0,0.0,41.24
6930,3479,983,1,166.0,0.0,85.88
6931,3480,457,1,114.0,0.0,47.89
6932,3481,989,1,155.0,0.0,70.79
6933,3482,831,3,54.0,0.0,21.13
6934,3482,668,1,49.0,0.0,16.8
6935,3482,469,1,138.0,0.0,52.35
6936,3482,45,2,98.0,0.0,50.23
6937,3483,220,3,60.0,0.0,31.17
6938,3483,154,2,113.0,11.3,46.64
6939,3484,986,1,209.0,31.35,87.89
6940,3485,574,2,141.0,0.0,53.31
6941,3485,830,2,51.0,0.0,21.92
6942,3485,719,2,53.0,10.6,21.1
6943,3485,874,2,103.0,0.0,52.61
6944,3486,445,2,99.0,0.0,41.89
6945,3487,424,2,106.0,0.0,46.78
6946,3487,722,1,49.0,7.35,17.67
6947,3487,1084,1,156.0,0.0,67.16
6948,3488,105,1,122.0,0.0,61.6
6949,3488,730,1,59.0,0.0,23.21
6950,3488,794,3,45.0,0.0,20.06
6951,3489,643,3,68.0,0.0,32.09
6952,3490,191,1,78.0,0.0,35.38
6953,3491,617,2,48.0,0.0,19.05
6954,3491,703,1,58.0,0.0,20.74
6955,3492,844,1,116.0,0.0,41.29
6956,3493,552,3,145.0,0.0,55.74
6957,3494,37,1,104.0,0.0,41.09
6958,3495,290,1,64.0,9.6,29.65
6959,3495,988,2,222.0,66.6,85.42
6960,3495,14,1,119.0,11.9,47.15
6961,3496,10,1,121.0,6.05,62.21
6962,3496,293,1,68.0,0.0,25.39
6963,3496,763,1,59.0,8.85,20.79
6964,3496,1029,1,175.0,17.5,86.81
6965,3497,732,1,52.0,10.4,20.13
6966,3497,620,3,65.0,0.0,23.92
6967,3498,202,3,71.0,0.0,25.72
6968,3498,85,1,112.0,22.4,41.03
6969,3499,650,1,55.0,0.0,19.41
6970,3500,929,2,76.0,0.0,27.53
6971,3500,586,2,118.0,0.0,51.89
6972,3500,856,1,103.0,0.0,51.48
6973,3500,198,1,71.0,0.0,35.22
